OrderID,OrderDate,CustomerID,ProductID,Quantity,PaymentMethod,OrderStatus,Price,DiscountPercent,FinalAmount
500001,2025-10-01 00:00:00.000000000,10521,20024,2.0,Debit Card,Delivered,4109,0,8218.0
500002,2025-10-01 00:51:42.070207020,10375,20014,1.0,UPI,Delivered,13717,0,13717.0
500003,2025-10-01 01:43:24.140414041,10600,20048,4.0,UPI,Returned,23385,5,88863.0
500004,2025-10-01 02:35:06.210621062,10283,20050,4.0,Credit Card,Delivered,1390,20,4448.0
500005,2025-10-01 03:26:48.280828082,10369,20037,2.0,Cash on Delivery,Delivered,4164,15,7078.8
500006,2025-10-01 04:18:30.351035103,10265,20012,1.0,Debit Card,Returned,15742,0,15742.0
500007,2025-10-01 05:10:12.421242124,10534,20013,2.0,UPI,Delivered,24693,10,44447.4
500008,2025-10-01 06:01:54.491449144,10500,20056,2.0,Credit Card,Delivered,1999,15,3398.3
500009,2025-10-01 06:53:36.561656165,10546,20099,1.0,Cash on Delivery,Delivered,4248,0,4248.0
500010,2025-10-01 07:45:18.631863186,10303,20063,2.0,UPI,Delivered,7613,15,12942.1
500011,2025-10-01 08:37:00.702070207,10475,20046,1.0,Debit Card,Cancelled,18692,10,16822.8
500012,2025-10-01 09:28:42.772277227,10216,20097,3.0,Debit Card,Cancelled,3648,10,9849.6
500013,2025-10-01 10:20:24.842484248,10277,20072,2.0,Debit Card,Delivered,3499,20,5598.4
500014,2025-10-01 11:12:06.912691269,10457,20075,3.0,UPI,Returned,7740,0,23220.0
500015,2025-10-01 12:03:48.982898289,10049,20060,2.0,Cash on Delivery,Delivered,4824,0,9648.0
500016,2025-10-01 12:55:31.053105310,10427,20080,3.0,UPI,Delivered,8370,5,23854.5
500017,2025-10-01 13:47:13.123312331,10010,20053,3.0,UPI,Returned,2733,0,8199.0
500018,2025-10-01 14:38:55.193519351,10349,20065,1.0,UPI,Delivered,1731,0,1731.0
500019,2025-10-01 15:30:37.263726372,10287,20065,2.0,Credit Card,Delivered,1731,0,3462.0
500020,2025-10-01 16:22:19.333933393,10282,20079,3.0,UPI,Delivered,3686,5,10505.1
500021,2025-10-01 17:14:01.404140414,10297,20094,2.0,Debit Card,Delivered,4584,20,7334.4
500022,2025-10-01 18:05:43.474347434,10296,20031,1.0,Net Banking,Delivered,16301,0,16301.0
500023,2025-10-01 18:57:25.544554455,10245,20073,4.0,UPI,Delivered,5411,5,20561.8
500024,2025-10-01 19:49:07.614761476,10271,20004,1.0,Net Banking,Delivered,68919,0,68919.0
500025,2025-10-01 20:40:49.684968496,10341,20056,5.0,Cash on Delivery,Delivered,1999,0,9995.0
500026,2025-10-01 21:32:31.755175517,10459,20094,3.0,UPI,Cancelled,4584,15,11689.2
500027,2025-10-01 22:24:13.825382538,10332,20068,1.0,Debit Card,Delivered,1337,10,1203.3
500028,2025-10-01 23:15:55.895589558,10386,20028,1.0,Cash on Delivery,Delivered,8241,0,8241.0
500029,2025-10-02 00:07:37.965796579,10502,20064,5.0,Net Banking,Delivered,3045,5,14463.75
500030,2025-10-02 00:59:20.036003600,10594,20038,2.0,Credit Card,Delivered,9637,10,17346.6
500031,2025-10-02 01:51:02.106210621,10066,20046,4.0,Cash on Delivery,Delivered,18692,0,74768.0
500032,2025-10-02 02:42:44.176417641,10428,20024,4.0,Debit Card,Delivered,4109,0,16436.0
500033,2025-10-02 03:34:26.246624662,10136,20065,1.0,UPI,Cancelled,1731,20,1384.8
500034,2025-10-02 04:26:08.316831683,10119,20021,3.0,UPI,Delivered,11517,0,34551.0
500035,2025-10-02 05:17:50.387038703,10476,20047,1.0,Credit Card,Delivered,20791,10,18711.9
500036,2025-10-02 06:09:32.457245724,10042,20098,5.0,UPI,Delivered,1112,10,5004.0
500037,2025-10-02 07:01:14.527452745,10509,20079,1.0,UPI,Cancelled,3686,0,3686.0
500038,2025-10-02 07:52:56.597659765,10463,20044,1.0,UPI,Delivered,32508,20,26006.4
500039,2025-10-02 08:44:38.667866786,10597,20101,3.0,Net Banking,Cancelled,2343,20,5623.2
500040,2025-10-02 09:36:20.738073807,10401,20002,2.0,Debit Card,Cancelled,66297,10,119334.6
500041,2025-10-02 10:28:02.808280828,10524,20100,2.0,UPI,Cancelled,2214,0,4428.0
500042,2025-10-02 11:19:44.878487848,10072,20037,1.0,UPI,Delivered,4164,15,3539.4
500043,2025-10-02 12:11:26.948694869,10534,20086,2.0,UPI,Returned,13579,0,27158.0
500044,2025-10-02 13:03:09.018901890,10097,20099,5.0,UPI,Delivered,4248,5,20178.0
500045,2025-10-02 13:54:51.089108910,10189,20063,4.0,Debit Card,Delivered,7613,0,30452.0
500046,2025-10-02 14:46:33.159315931,10077,20064,5.0,UPI,Cancelled,3045,10,13702.5
500047,2025-10-02 15:38:15.229522952,10241,20078,1.0,Cash on Delivery,Delivered,7034,0,7034.0
500048,2025-10-02 16:29:57.299729973,10450,20025,4.0,UPI,Cancelled,5959,20,19068.8
500049,2025-10-02 17:21:39.369936993,10161,20019,2.0,UPI,Delivered,1265,5,2403.5
500050,2025-10-02 18:13:21.440144014,10494,20036,5.0,Net Banking,Cancelled,17380,0,86900.0
500051,2025-10-02 19:05:03.510351035,10364,20050,4.0,UPI,Delivered,1390,0,5560.0
500052,2025-10-02 19:56:45.580558055,10378,20078,1.0,UPI,Cancelled,7034,10,6330.6
500053,2025-10-02 20:48:27.650765076,10564,20027,5.0,UPI,Cancelled,7598,0,37990.0
500054,2025-10-02 21:40:09.720972097,10260,20059,2.0,Debit Card,Cancelled,5868,0,11736.0
500055,2025-10-02 22:31:51.791179117,10207,20001,4.0,UPI,Delivered,63388,20,202841.6
500056,2025-10-02 23:23:33.861386138,10597,20004,2.0,Net Banking,Returned,68919,20,110270.4
500057,2025-10-03 00:15:15.931593159,10335,20101,1.0,Debit Card,Delivered,2343,0,2343.0
500058,2025-10-03 01:06:58.001800180,10369,20089,5.0,Net Banking,Delivered,507,5,2408.25
500059,2025-10-03 01:58:40.072007200,10178,20090,1.0,Debit Card,Delivered,691,0,691.0
500060,2025-10-03 02:50:22.142214221,10130,20035,4.0,Debit Card,Cancelled,15331,0,61324.0
500061,2025-10-03 03:42:04.212421242,10102,20054,1.0,Debit Card,Returned,1287,0,1287.0
500062,2025-10-03 04:33:46.282628262,10135,20071,4.0,Credit Card,Returned,4484,0,17936.0
500063,2025-10-03 05:25:28.352835283,10118,20027,2.0,Debit Card,Delivered,7598,15,12916.6
500064,2025-10-03 06:17:10.423042304,10449,20078,1.0,Debit Card,Delivered,7034,0,7034.0
500065,2025-10-03 07:08:52.493249324,10035,20073,1.0,UPI,Delivered,5411,0,5411.0
500066,2025-10-03 08:00:34.563456345,10378,20043,1.0,Debit Card,Delivered,21634,10,19470.6
500067,2025-10-03 08:52:16.633663366,10570,20046,5.0,UPI,Returned,18692,0,93460.0
500068,2025-10-03 09:43:58.703870387,10460,20032,4.0,Credit Card,Returned,14051,20,44963.2
500069,2025-10-03 10:35:40.774077407,10242,20084,3.0,UPI,Cancelled,7386,20,17726.4
500070,2025-10-03 11:27:22.844284428,10036,20103,3.0,UPI,Returned,2822,0,8466.0
500071,2025-10-03 12:19:04.914491449,10501,20104,,UPI,Delivered,778,0,1556.0
500072,2025-10-03 13:10:46.984698469,10002,20081,5.0,UPI,Delivered,14773,0,73865.0
500073,2025-10-03 14:02:29.054905490,10409,20037,1.0,UPI,Delivered,4164,20,3331.2
500074,2025-10-03 14:54:11.125112511,10403,20082,5.0,UPI,Delivered,7271,5,34537.25
500075,2025-10-03 15:45:53.195319531,10116,20026,2.0,Credit Card,Cancelled,9415,10,16947.0
500076,2025-10-03 16:37:35.265526552,10444,20094,1.0,Credit Card,Delivered,4584,0,4584.0
500077,2025-10-03 17:29:17.335733573,10106,20028,2.0,Cash on Delivery,Delivered,8241,15,14009.7
500078,2025-10-03 18:20:59.405940594,10136,20042,3.0,Net Banking,Delivered,51100,5,145635.0
500079,2025-10-03 19:12:41.476147614,10488,20010,3.0,UPI,Returned,24340,0,73020.0
500080,2025-10-03 20:04:23.546354635,10588,20009,4.0,Credit Card,Delivered,18553,0,74212.0
500081,2025-10-03 20:56:05.616561656,10159,20041,1.0,Credit Card,Cancelled,36528,20,29222.4
500082,2025-10-03 21:47:47.686768676,10553,20058,1.0,UPI,Delivered,3049,0,3049.0
500083,2025-10-03 22:39:29.756975697,10548,20002,4.0,Credit Card,Delivered,66297,0,265188.0
500084,2025-10-03 23:31:11.827182718,10462,20089,5.0,Debit Card,Delivered,507,0,2535.0
500085,2025-10-04 00:22:53.897389738,10085,20012,1.0,Debit Card,Cancelled,15742,0,15742.0
500086,2025-10-04 01:14:35.967596759,10180,20104,5.0,UPI,Delivered,778,15,3306.5
500087,2025-10-04 02:06:18.037803780,10407,20029,1.0,Debit Card,Returned,11176,15,9499.6
500088,2025-10-04 02:58:00.108010801,10600,20040,5.0,UPI,Delivered,9982,0,49910.0
500089,2025-10-04 03:49:42.178217821,10489,20017,5.0,Net Banking,Delivered,1945,0,9725.0
500090,2025-10-04 04:41:24.248424842,10253,20086,3.0,Cash on Delivery,Returned,13579,0,40737.0
500091,2025-10-04 05:33:06.318631863,10142,20077,1.0,UPI,Delivered,4744,0,4744.0
500092,2025-10-04 06:24:48.388838883,10577,20009,4.0,Net Banking,Delivered,18553,15,63080.2
500093,2025-10-04 07:16:30.459045904,10166,20011,1.0,Net Banking,Cancelled,32685,10,29416.5
500094,2025-10-04 08:08:12.529252925,10206,20064,1.0,Credit Card,Delivered,3045,5,2892.75
500095,2025-10-04 08:59:54.599459946,10579,20091,3.0,UPI,Delivered,412,0,1236.0
500096,2025-10-04 09:51:36.669666966,10337,20012,1.0,Net Banking,Delivered,15742,0,15742.0
500097,2025-10-04 10:43:18.739873987,10159,20023,2.0,Credit Card,Cancelled,2698,0,5396.0
500098,2025-10-04 11:35:00.810081008,10004,20057,4.0,UPI,Delivered,4302,0,17208.0
500099,2025-10-04 12:26:42.880288028,10258,20012,1.0,Debit Card,Delivered,15742,5,14954.9
500100,2025-10-04 13:18:24.950495049,10592,20032,1.0,Credit Card,Delivered,14051,20,11240.8
500101,2025-10-04 14:10:07.020702070,10260,20002,1.0,UPI,Delivered,66297,0,66297.0
500102,2025-10-04 15:01:49.090909090,10420,20052,3.0,Cash on Delivery,Returned,1561,0,4683.0
500103,2025-10-04 15:53:31.161116111,10152,20075,1.0,UPI,Delivered,7740,5,7353.0
500104,2025-10-04 16:45:13.231323132,10466,20043,1.0,Credit Card,Returned,21634,0,21634.0
500105,2025-10-04 17:36:55.301530153,10466,20027,2.0,Debit Card,Cancelled,7598,15,12916.6
500106,2025-10-04 18:28:37.371737173,10365,20045,1.0,UPI,Delivered,19570,0,19570.0
500107,2025-10-04 19:20:19.441944194,10464,20053,1.0,Debit Card,Delivered,2733,0,2733.0
500108,2025-10-04 20:12:01.512151215,10348,20018,4.0,Debit Card,Delivered,3166,20,10131.2
500109,2025-10-04 21:03:43.582358235,10227,20012,4.0,Credit Card,Delivered,15742,0,62968.0
500110,2025-10-04 21:55:25.652565256,10443,20019,1.0,Credit Card,Returned,1265,15,1075.25
500111,2025-10-04 22:47:07.722772277,10502,20103,4.0,Cash on Delivery,Delivered,2822,0,11288.0
500112,2025-10-04 23:38:49.792979297,10505,20076,2.0,Cash on Delivery,Returned,6747,15,11469.9
500113,2025-10-05 00:30:31.863186318,10128,20014,1.0,UPI,Delivered,13717,0,13717.0
500114,2025-10-05 01:22:13.933393339,10406,20032,5.0,UPI,Delivered,14051,0,70255.0
500115,2025-10-05 02:13:56.003600360,10003,20043,1.0,Credit Card,Delivered,21634,0,21634.0
500116,2025-10-05 03:05:38.073807380,10344,20019,1.0,Cash on Delivery,Cancelled,1265,0,1265.0
500117,2025-10-05 03:57:20.144014401,10343,20089,1.0,Net Banking,Returned,507,10,456.3
500118,2025-10-05 04:49:02.214221422,10219,20098,5.0,Credit Card,Cancelled,1112,0,5560.0
500119,2025-10-05 05:40:44.284428442,10597,20026,1.0,Cash on Delivery,Cancelled,9415,0,9415.0
500120,2025-10-05 06:32:26.354635463,10530,20002,2.0,UPI,Delivered,66297,0,132594.0
500121,2025-10-05 07:24:08.424842484,10024,20028,1.0,UPI,Delivered,8241,15,7004.85
500122,2025-10-05 08:15:50.495049504,10126,20061,5.0,Debit Card,Cancelled,7110,10,31995.0
500123,2025-10-05 09:07:32.565256525,10125,20085,4.0,UPI,Delivered,11910,0,47640.0
500124,2025-10-05 09:59:14.635463546,10539,20036,2.0,Debit Card,Returned,17380,0,34760.0
500125,2025-10-05 10:50:56.705670567,10312,20029,1.0,Credit Card,Returned,11176,0,11176.0
500126,2025-10-05 11:42:38.775877587,10438,20026,3.0,Net Banking,Returned,9415,0,28245.0
500127,2025-10-05 12:34:20.846084608,10486,20001,2.0,Cash on Delivery,Returned,63388,0,126776.0
500128,2025-10-05 13:26:02.916291629,10461,20002,5.0,UPI,Delivered,66297,0,331485.0
500129,2025-10-05 14:17:44.986498649,10054,20045,3.0,Credit Card,Cancelled,19570,5,55774.5
500130,2025-10-05 15:09:27.056705670,10085,20065,1.0,Debit Card,Delivered,1731,10,1557.9
500131,2025-10-05 16:01:09.126912691,10238,20002,4.0,UPI,Delivered,66297,10,238669.2
500132,2025-10-05 16:52:51.197119712,10204,20021,1.0,Net Banking,Delivered,11517,20,9213.6
500133,2025-10-05 17:44:33.267326732,10449,20095,1.0,Credit Card,Delivered,1791,10,1611.9
500134,2025-10-05 18:36:15.337533753,10094,20103,2.0,UPI,Cancelled,2822,20,4515.2
500135,2025-10-05 19:27:57.407740774,10223,20067,1.0,Net Banking,Delivered,2588,20,2070.4
500136,2025-10-05 20:19:39.477947794,10142,20055,5.0,Credit Card,Delivered,1081,15,4594.25
500137,2025-10-05 21:11:21.548154815,10114,20061,5.0,UPI,Delivered,7110,0,35550.0
500138,2025-10-05 22:03:03.618361836,10104,20039,1.0,UPI,Delivered,5898,0,5898.0
500139,2025-10-05 22:54:45.688568856,10118,20021,1.0,Net Banking,Delivered,11517,0,11517.0
500140,2025-10-05 23:46:27.758775877,10339,20040,1.0,Cash on Delivery,Cancelled,9982,20,7985.6
500141,2025-10-06 00:38:09.828982898,10247,20073,3.0,UPI,Returned,5411,20,12986.4
500142,2025-10-06 01:29:51.899189919,10262,20069,2.0,UPI,Cancelled,3824,0,7648.0
500143,2025-10-06 02:21:33.969396939,10288,20071,3.0,UPI,Delivered,4484,15,11434.2
500144,2025-10-06 03:13:16.039603960,10445,20064,1.0,Debit Card,Delivered,3045,5,2892.75
500145,2025-10-06 04:04:58.109810981,10518,20007,2.0,UPI,Delivered,22213,0,44426.0
500146,2025-10-06 04:56:40.180018001,10316,20066,1.0,Credit Card,Delivered,1710,10,1539.0
500147,2025-10-06 05:48:22.250225022,10386,20092,1.0,UPI,Returned,803,0,803.0
500148,2025-10-06 06:40:04.320432043,10444,20068,4.0,Credit Card,Returned,1337,0,5348.0
500149,2025-10-06 07:31:46.390639063,10415,20061,1.0,Debit Card,Returned,7110,5,6754.5
500150,2025-10-06 08:23:28.460846084,10081,20024,1.0,Credit Card,Cancelled,4109,0,4109.0
500151,2025-10-06 09:15:10.531053105,10590,20083,2.0,UPI,Delivered,9080,0,18160.0
500152,2025-10-06 10:06:52.601260126,10099,20047,3.0,Credit Card,,20791,15,53017.05
500153,2025-10-06 10:58:34.671467146,10248,20028,2.0,Credit Card,Delivered,8241,10,14833.8
500154,2025-10-06 11:50:16.741674167,10392,20051,1.0,Credit Card,Delivered,1170,0,1170.0
500155,2025-10-06 12:41:58.811881188,10243,20013,4.0,UPI,Cancelled,24693,0,98772.0
500156,2025-10-06 13:33:40.882088208,10146,20097,2.0,UPI,Delivered,3648,20,5836.8
500157,2025-10-06 14:25:22.952295229,10555,20074,3.0,Credit Card,Returned,5850,20,14040.0
500158,2025-10-06 15:17:05.022502250,10043,20034,1.0,UPI,Returned,6711,20,5368.8
500159,2025-10-06 16:08:47.092709270,10148,20083,5.0,Debit Card,Delivered,9080,5,43130.0
500160,2025-10-06 17:00:29.162916291,10596,20006,1.0,UPI,Delivered,34232,5,32520.4
500161,2025-10-06 17:52:11.233123312,10438,20041,5.0,UPI,Delivered,36528,15,155244.0
500162,2025-10-06 18:43:53.303330333,10053,20068,2.0,Debit Card,Delivered,1337,20,2139.2
500163,2025-10-06 19:35:35.373537353,10453,20003,3.0,Credit Card,Cancelled,53620,0,160860.0
500164,2025-10-06 20:27:17.443744374,10582,20074,2.0,UPI,Delivered,5850,20,9360.0
500165,2025-10-06 21:18:59.513951395,10059,20086,1.0,Net Banking,Cancelled,13579,10,12221.1
500166,2025-10-06 22:10:41.584158415,10249,20062,1.0,Credit Card,Delivered,2317,0,2317.0
500167,2025-10-06 23:02:23.654365436,10281,20022,2.0,Cash on Delivery,Delivered,9827,20,15723.2
500168,2025-10-06 23:54:05.724572457,10079,20078,1.0,UPI,Returned,7034,0,7034.0
500169,2025-10-07 00:45:47.794779477,10121,20036,2.0,Net Banking,Delivered,17380,0,34760.0
500170,2025-10-07 01:37:29.864986498,10105,20077,1.0,Net Banking,Cancelled,4744,0,4744.0
500171,2025-10-07 02:29:11.935193519,10112,20066,2.0,UPI,Returned,1710,5,3249.0
500172,2025-10-07 03:20:54.005400540,10243,20010,1.0,Credit Card,Delivered,24340,0,24340.0
500173,2025-10-07 04:12:36.075607560,10279,20011,1.0,Debit Card,Cancelled,32685,0,32685.0
500174,2025-10-07 05:04:18.145814581,10143,20002,1.0,Credit Card,Delivered,66297,10,59667.3
500175,2025-10-07 05:56:00.216021602,10174,20008,2.0,Credit Card,Delivered,36276,5,68924.4
500176,2025-10-07 06:47:42.286228622,10116,20032,2.0,Cash on Delivery,Delivered,14051,0,28102.0
500177,2025-10-07 07:39:24.356435643,10478,20003,1.0,Debit Card,Cancelled,53620,15,45577.0
500178,2025-10-07 08:31:06.426642664,10128,20098,1.0,Cash on Delivery,Delivered,1112,0,1112.0
500179,2025-10-07 09:22:48.496849685,10545,20096,1.0,Net Banking,Cancelled,3065,10,2758.5
500180,2025-10-07 10:14:30.567056705,10324,20018,2.0,Net Banking,Delivered,3166,0,6332.0
500181,2025-10-07 11:06:12.637263726,10482,20033,4.0,Debit Card,Delivered,16169,15,54974.6
500182,2025-10-07 11:57:54.707470747,10382,20078,2.0,Debit Card,Delivered,7034,0,14068.0
500183,2025-10-07 12:49:36.777677767,10160,20069,2.0,Cash on Delivery,Delivered,3824,0,7648.0
500184,2025-10-07 13:41:18.847884788,10361,20061,3.0,Debit Card,Delivered,7110,0,21330.0
500185,2025-10-07 14:33:00.918091809,10165,20103,2.0,UPI,Delivered,2822,15,4797.4
500186,2025-10-07 15:24:42.988298829,10072,20066,5.0,Credit Card,Delivered,1710,15,7267.5
500187,2025-10-07 16:16:25.058505850,10153,20070,2.0,UPI,Returned,4368,10,7862.4
500188,2025-10-07 17:08:07.128712871,10166,20053,1.0,Cash on Delivery,Delivered,2733,10,2459.7
500189,2025-10-07 17:59:49.198919892,10082,20055,2.0,Debit Card,Delivered,1081,0,2162.0
500190,2025-10-07 18:51:31.269126912,10015,20031,4.0,Credit Card,Delivered,16301,0,65204.0
500191,2025-10-07 19:43:13.339333933,10567,20055,1.0,UPI,Cancelled,1081,20,864.8
500192,2025-10-07 20:34:55.409540954,10309,20096,1.0,Credit Card,Delivered,3065,0,3065.0
500193,2025-10-07 21:26:37.479747974,10242,20040,2.0,UPI,Delivered,9982,0,19964.0
500194,2025-10-07 22:18:19.549954995,10558,20014,5.0,Debit Card,Cancelled,13717,15,58297.25
500195,2025-10-07 23:10:01.620162016,10135,20063,1.0,Debit Card,Returned,7613,0,7613.0
500196,2025-10-08 00:01:43.690369036,10242,20082,2.0,Credit Card,Delivered,7271,10,13087.8
500197,2025-10-08 00:53:25.760576057,10509,20100,3.0,UPI,Returned,2214,15,5645.7
500198,2025-10-08 01:45:07.830783078,10380,20057,3.0,Credit Card,Returned,4302,15,10970.1
500199,2025-10-08 02:36:49.900990099,10240,20082,1.0,Credit Card,Returned,7271,0,7271.0
500200,2025-10-08 03:28:31.971197119,10154,20027,2.0,Net Banking,Delivered,7598,20,12156.8
500201,2025-10-08 04:20:14.041404140,10022,20045,5.0,Cash on Delivery,Returned,19570,0,97850.0
500202,2025-10-08 05:11:56.111611161,10052,20044,5.0,Debit Card,Delivered,32508,15,138159.0
500203,2025-10-08 06:03:38.181818181,10098,20035,4.0,UPI,Delivered,15331,0,61324.0
500204,2025-10-08 06:55:20.252025202,10472,20075,1.0,UPI,Returned,7740,5,7353.0
500205,2025-10-08 07:47:02.322232223,10384,20092,2.0,Cash on Delivery,Delivered,803,20,1284.8
500206,2025-10-08 08:38:44.392439244,10261,20034,1.0,Cash on Delivery,Cancelled,6711,0,6711.0
500207,2025-10-08 09:30:26.462646264,10470,20015,1.0,UPI,Delivered,27789,0,27789.0
500208,2025-10-08 10:22:08.532853285,10097,20086,4.0,Debit Card,Delivered,13579,0,54316.0
500209,2025-10-08 11:13:50.603060306,10127,20089,2.0,Credit Card,Delivered,507,0,1014.0
500210,2025-10-08 12:05:32.673267326,10236,20098,1.0,UPI,Returned,1112,0,1112.0
500211,2025-10-08 12:57:14.743474347,10551,20027,3.0,Cash on Delivery,Delivered,7598,0,22794.0
500212,2025-10-08 13:48:56.813681368,10369,20075,4.0,Cash on Delivery,Cancelled,7740,5,29412.0
500213,2025-10-08 14:40:38.883888388,10511,20075,3.0,Cash on Delivery,Delivered,7740,0,23220.0
500214,2025-10-08 15:32:20.954095409,10149,20083,4.0,UPI,Delivered,9080,10,32688.0
500215,2025-10-08 16:24:03.024302430,10510,20084,3.0,Credit Card,Delivered,7386,0,22158.0
500216,2025-10-08 17:15:45.094509451,10044,20100,3.0,Cash on Delivery,Delivered,2214,0,6642.0
500217,2025-10-08 18:07:27.164716471,10137,20050,5.0,Debit Card,Cancelled,1390,20,5560.0
500218,2025-10-08 18:59:09.234923492,10314,20008,1.0,Credit Card,Delivered,36276,15,30834.6
500219,2025-10-08 19:50:51.305130513,10031,20020,2.0,Credit Card,Delivered,1219,15,2072.3
500220,2025-10-08 20:42:33.375337533,10515,20093,2.0,UPI,Delivered,2351,0,4702.0
500221,2025-10-08 21:34:15.445544554,10521,20088,3.0,Debit Card,Delivered,7259,20,17421.6
500222,2025-10-08 22:25:57.515751575,10325,20002,2.0,Net Banking,Delivered,66297,0,132594.0
500223,2025-10-08 23:17:39.585958595,10184,20039,2.0,UPI,Delivered,5898,15,10026.6
500224,2025-10-09 00:09:21.656165616,10060,20026,1.0,UPI,Cancelled,9415,15,8002.75
500225,2025-10-09 01:01:03.726372637,10372,20034,3.0,Credit Card,Delivered,6711,0,20133.0
500226,2025-10-09 01:52:45.796579658,10323,20067,1.0,Credit Card,Delivered,2588,10,2329.2
500227,2025-10-09 02:44:27.866786678,10456,20054,2.0,UPI,Returned,1287,0,2574.0
500228,2025-10-09 03:36:09.936993699,10362,20051,2.0,UPI,Returned,1170,0,2340.0
500229,2025-10-09 04:27:52.007200720,10077,20046,4.0,Debit Card,Delivered,18692,5,71029.6
500230,2025-10-09 05:19:34.077407740,10074,20067,2.0,UPI,Delivered,2588,10,4658.4
500231,2025-10-09 06:11:16.147614761,10469,20072,1.0,Debit Card,Cancelled,3499,0,3499.0
500232,2025-10-09 07:02:58.217821782,10096,20005,2.0,Credit Card,Cancelled,55986,10,100774.8
500233,2025-10-09 07:54:40.288028802,10564,20015,1.0,Credit Card,Delivered,27789,10,25010.1
500234,2025-10-09 08:46:22.358235823,10064,20036,2.0,Credit Card,Delivered,17380,20,27808.0
500235,2025-10-09 09:38:04.428442844,10438,20046,1.0,Debit Card,Delivered,18692,0,18692.0
500236,2025-10-09 10:29:46.498649865,10586,20104,1.0,Credit Card,Delivered,778,5,739.1
500237,2025-10-09 11:21:28.568856885,10265,20093,5.0,Credit Card,Cancelled,2351,10,10579.5
500238,2025-10-09 12:13:10.639063906,10035,20068,1.0,Credit Card,Returned,1337,0,1337.0
500239,2025-10-09 13:04:52.709270927,10527,20004,2.0,Credit Card,Delivered,68919,0,137838.0
500240,2025-10-09 13:56:34.779477947,10113,20011,4.0,Credit Card,Delivered,32685,10,117666.0
500241,2025-10-09 14:48:16.849684968,10317,20048,1.0,Credit Card,Returned,23385,5,22215.75
500242,2025-10-09 15:39:58.919891989,10591,20062,5.0,Credit Card,Delivered,2317,5,11005.75
500243,2025-10-09 16:31:40.990099009,10447,20069,2.0,UPI,Returned,3824,20,6118.4
500244,2025-10-09 17:23:23.060306030,10028,20015,5.0,Debit Card,Delivered,27789,0,138945.0
500245,2025-10-09 18:15:05.130513051,10493,20093,2.0,UPI,Delivered,2351,0,4702.0
500246,2025-10-09 19:06:47.200720072,10097,20052,1.0,Cash on Delivery,Delivered,1561,0,1561.0
500247,2025-10-09 19:58:29.270927092,10450,20062,4.0,Debit Card,Cancelled,2317,0,9268.0
500248,2025-10-09 20:50:11.341134113,10373,20005,4.0,UPI,Delivered,55986,5,212746.8
500249,2025-10-09 21:41:53.411341134,10173,20086,5.0,Debit Card,Delivered,13579,0,67895.0
500250,2025-10-09 22:33:35.481548154,10255,20057,1.0,UPI,Delivered,4302,0,4302.0
500251,2025-10-09 23:25:17.551755175,10071,20024,4.0,Cash on Delivery,Delivered,4109,0,16436.0
500252,2025-10-10 00:16:59.621962196,10593,20034,1.0,Cash on Delivery,Cancelled,6711,0,6711.0
500253,2025-10-10 01:08:41.692169217,10144,20037,4.0,Net Banking,Delivered,4164,5,15823.2
500254,2025-10-10 02:00:23.762376237,10186,20003,5.0,Credit Card,Cancelled,53620,0,268100.0
500255,2025-10-10 02:52:05.832583258,10302,20098,1.0,Cash on Delivery,Delivered,1112,20,889.6
500256,2025-10-10 03:43:47.902790279,10404,20084,1.0,Debit Card,Cancelled,7386,20,5908.8
500257,2025-10-10 04:35:29.972997299,10304,20093,1.0,Net Banking,Returned,2351,20,1880.8
500258,2025-10-10 05:27:12.043204320,10304,20037,1.0,UPI,Delivered,4164,0,4164.0
500259,2025-10-10 06:18:54.113411341,10350,20059,2.0,Cash on Delivery,Delivered,5868,15,9975.6
500260,2025-10-10 07:10:36.183618361,10515,20048,2.0,Debit Card,Cancelled,23385,0,46770.0
500261,2025-10-10 08:02:18.253825382,10238,20050,3.0,UPI,Cancelled,1390,15,3544.5
500262,2025-10-10 08:54:00.324032403,10500,20062,3.0,Cash on Delivery,Delivered,2317,15,5908.35
500263,2025-10-10 09:45:42.394239424,10473,20047,1.0,Debit Card,Delivered,20791,0,20791.0
500264,2025-10-10 10:37:24.464446444,10577,20081,1.0,Cash on Delivery,Returned,14773,5,14034.35
500265,2025-10-10 11:29:06.534653465,10548,20007,3.0,UPI,Delivered,22213,20,53311.2
500266,2025-10-10 12:20:48.604860486,10479,20021,1.0,Credit Card,Delivered,11517,0,11517.0
500267,2025-10-10 13:12:30.675067506,10149,20093,1.0,Debit Card,Delivered,2351,5,2233.45
500268,2025-10-10 14:04:12.745274527,10465,20092,2.0,UPI,Delivered,803,0,1606.0
500269,2025-10-10 14:55:54.815481548,10442,20086,1.0,Debit Card,Cancelled,13579,0,13579.0
500270,2025-10-10 15:47:36.885688568,10174,20039,1.0,Debit Card,Returned,5898,10,5308.2
500271,2025-10-10 16:39:18.955895589,10407,20048,1.0,UPI,Cancelled,23385,20,18708.0
500272,2025-10-10 17:31:01.026102610,10152,20003,2.0,Debit Card,Delivered,53620,5,101878.0
500273,2025-10-10 18:22:43.096309631,10314,20030,4.0,UPI,Returned,6241,5,23715.8
500274,2025-10-10 19:14:25.166516651,10479,20076,5.0,Net Banking,Delivered,6747,5,32048.25
500275,2025-10-10 20:06:07.236723672,10114,20036,3.0,Net Banking,Delivered,17380,0,52140.0
500276,2025-10-10 20:57:49.306930693,10203,20050,5.0,Credit Card,Delivered,1390,0,6950.0
500277,2025-10-10 21:49:31.377137713,10478,20013,2.0,Credit Card,Delivered,24693,15,41978.1
500278,2025-10-10 22:41:13.447344734,10273,20052,2.0,Credit Card,Cancelled,1561,10,2809.8
500279,2025-10-10 23:32:55.517551755,10577,20076,4.0,UPI,Delivered,6747,0,26988.0
500280,2025-10-11 00:24:37.587758775,10005,20060,1.0,Net Banking,Returned,4824,0,4824.0
500281,2025-10-11 01:16:19.657965796,10434,20058,4.0,UPI,Cancelled,3049,0,12196.0
500282,2025-10-11 02:08:01.728172817,10489,20096,5.0,Credit Card,Delivered,3065,5,14558.75
500283,2025-10-11 02:59:43.798379838,10551,20025,2.0,UPI,Delivered,5959,0,11918.0
500284,2025-10-11 03:51:25.868586858,10095,20032,3.0,Debit Card,Cancelled,14051,15,35830.05
500285,2025-10-11 04:43:07.938793879,10591,20065,4.0,Net Banking,Delivered,1731,10,6231.6
500286,2025-10-11 05:34:50.009000900,10236,20050,4.0,UPI,Delivered,1390,0,5560.0
500287,2025-10-11 06:26:32.079207920,10212,20102,1.0,UPI,Cancelled,2774,0,2774.0
500288,2025-10-11 07:18:14.149414941,10214,20007,5.0,UPI,Delivered,22213,0,111065.0
500289,2025-10-11 08:09:56.219621962,10383,20013,2.0,UPI,Delivered,24693,0,49386.0
500290,2025-10-11 09:01:38.289828982,10396,20036,1.0,Credit Card,Returned,17380,15,14773.0
500291,2025-10-11 09:53:20.360036003,10285,20048,1.0,Debit Card,Cancelled,23385,0,23385.0
500292,2025-10-11 10:45:02.430243024,10043,20093,3.0,Credit Card,Delivered,2351,20,5642.4
500293,2025-10-11 11:36:44.500450045,10592,20052,2.0,UPI,Returned,1561,0,3122.0
500294,2025-10-11 12:28:26.570657065,10134,20046,1.0,Debit Card,Cancelled,18692,0,18692.0
500295,2025-10-11 13:20:08.640864086,10057,20018,2.0,Net Banking,Delivered,3166,5,6015.4
500296,2025-10-11 14:11:50.711071107,10359,20046,2.0,Credit Card,Delivered,18692,0,37384.0
500297,2025-10-11 15:03:32.781278127,10248,20056,1.0,UPI,Delivered,1999,5,1899.05
500298,2025-10-11 15:55:14.851485148,10370,20061,1.0,Debit Card,Delivered,7110,0,7110.0
500299,2025-10-11 16:46:56.921692169,10526,20064,2.0,UPI,Returned,3045,0,6090.0
500300,2025-10-11 17:38:38.991899190,10059,20045,4.0,Net Banking,Delivered,19570,20,62624.0
500301,2025-10-11 18:30:21.062106210,10171,20017,3.0,Net Banking,Cancelled,1945,0,5835.0
500302,2025-10-11 19:22:03.132313231,10310,20016,1.0,Cash on Delivery,Delivered,24382,0,24382.0
500303,2025-10-11 20:13:45.202520252,10473,20017,2.0,UPI,Delivered,1945,0,3890.0
500304,2025-10-11 21:05:27.272727272,10361,20065,5.0,UPI,Delivered,1731,0,8655.0
500305,2025-10-11 21:57:09.342934293,10230,20090,1.0,Net Banking,Cancelled,691,5,656.45
500306,2025-10-11 22:48:51.413141314,10367,20092,5.0,Credit Card,Delivered,803,15,3412.75
500307,2025-10-11 23:40:33.483348334,10588,20033,1.0,Credit Card,Delivered,16169,15,13743.65
500308,2025-10-12 00:32:15.553555355,10289,20009,2.0,Credit Card,Delivered,18553,0,37106.0
500309,2025-10-12 01:23:57.623762376,10531,20066,1.0,UPI,Cancelled,1710,0,1710.0
500310,2025-10-12 02:15:39.693969397,10468,20004,3.0,Debit Card,Delivered,68919,0,206757.0
500311,2025-10-12 03:07:21.764176417,10181,20066,4.0,Cash on Delivery,Delivered,1710,0,6840.0
500312,2025-10-12 03:59:03.834383438,10150,20040,4.0,Debit Card,Delivered,9982,0,39928.0
500313,2025-10-12 04:50:45.904590459,10463,20088,4.0,Credit Card,Delivered,7259,0,29036.0
500314,2025-10-12 05:42:27.974797479,10125,20066,4.0,Cash on Delivery,Delivered,1710,0,6840.0
500315,2025-10-12 06:34:10.045004500,10203,20077,1.0,Debit Card,Cancelled,4744,10,4269.6
500316,2025-10-12 07:25:52.115211521,10142,20043,2.0,UPI,Delivered,21634,15,36777.8
500317,2025-10-12 08:17:34.185418541,10364,20088,3.0,Debit Card,Delivered,7259,0,21777.0
500318,2025-10-12 09:09:16.255625562,10177,20055,1.0,UPI,Delivered,1081,0,1081.0
500319,2025-10-12 10:00:58.325832583,10396,20066,2.0,UPI,Returned,1710,10,3078.0
500320,2025-10-12 10:52:40.396039604,10561,20038,2.0,Debit Card,Cancelled,9637,10,17346.6
500321,2025-10-12 11:44:22.466246624,10498,20047,5.0,UPI,Cancelled,20791,10,93559.5
500322,2025-10-12 12:36:04.536453645,10569,20088,1.0,UPI,Delivered,7259,0,7259.0
500323,2025-10-12 13:27:46.606660666,10015,20041,1.0,Debit Card,Returned,36528,0,36528.0
500324,2025-10-12 14:19:28.676867686,10274,20003,1.0,UPI,Delivered,53620,5,50939.0
500325,2025-10-12 15:11:10.747074707,10133,20040,2.0,Credit Card,Delivered,9982,0,19964.0
500326,2025-10-12 16:02:52.817281728,10551,20041,2.0,UPI,Delivered,36528,0,73056.0
500327,2025-10-12 16:54:34.887488748,10428,20044,2.0,Debit Card,Delivered,32508,20,52012.8
500328,2025-10-12 17:46:16.957695769,10193,20008,1.0,Cash on Delivery,Delivered,36276,0,36276.0
500329,2025-10-12 18:37:59.027902790,10339,20014,1.0,UPI,Delivered,13717,0,13717.0
500330,2025-10-12 19:29:41.098109811,10364,20034,2.0,Net Banking,Delivered,6711,15,11408.7
500331,2025-10-12 20:21:23.168316831,10298,20045,1.0,UPI,Delivered,19570,5,18591.5
500332,2025-10-12 21:13:05.238523852,10285,20004,4.0,UPI,Delivered,68919,0,275676.0
500333,2025-10-12 22:04:47.308730873,10034,20041,1.0,UPI,Delivered,36528,5,34701.6
500334,2025-10-12 22:56:29.378937893,10272,20034,3.0,UPI,Delivered,6711,0,20133.0
500335,2025-10-12 23:48:11.449144914,10209,20004,2.0,UPI,Delivered,68919,0,137838.0
500336,2025-10-13 00:39:53.519351935,10491,20027,5.0,Debit Card,Delivered,7598,10,34191.0
500337,2025-10-13 01:31:35.589558955,10520,20029,3.0,Net Banking,Delivered,11176,15,28498.8
500338,2025-10-13 02:23:17.659765976,10451,20015,2.0,Cash on Delivery,Delivered,27789,0,55578.0
500339,2025-10-13 03:14:59.729972997,10019,20079,3.0,Cash on Delivery,Returned,3686,0,11058.0
500340,2025-10-13 04:06:41.800180018,10505,20008,1.0,Credit Card,Delivered,36276,20,29020.8
500341,2025-10-13 04:58:23.870387038,10238,20061,1.0,UPI,Delivered,7110,0,7110.0
500342,2025-10-13 05:50:05.940594059,10250,20070,2.0,UPI,Cancelled,4368,0,8736.0
500343,2025-10-13 06:41:48.010801080,10568,20084,4.0,Credit Card,Delivered,7386,10,26589.6
500344,2025-10-13 07:33:30.081008100,10521,20057,4.0,Net Banking,Delivered,4302,0,17208.0
500345,2025-10-13 08:25:12.151215121,10031,20057,2.0,UPI,Cancelled,4302,20,6883.2
500346,2025-10-13 09:16:54.221422142,10216,20080,1.0,UPI,Delivered,8370,20,6696.0
500347,2025-10-13 10:08:36.291629163,10450,20089,5.0,Credit Card,Delivered,507,0,2535.0
500348,2025-10-13 11:00:18.361836183,10324,20022,2.0,Cash on Delivery,Delivered,9827,0,19654.0
500349,2025-10-13 11:52:00.432043204,10155,20083,1.0,Credit Card,Cancelled,9080,10,8172.0
500350,2025-10-13 12:43:42.502250225,10315,20049,1.0,Debit Card,Returned,578,0,578.0
500351,2025-10-13 13:35:24.572457245,10520,20011,4.0,Credit Card,Cancelled,32685,0,130740.0
500352,2025-10-13 14:27:06.642664266,10134,20064,5.0,UPI,Delivered,3045,5,14463.75
500353,2025-10-13 15:18:48.712871287,10448,20102,5.0,Credit Card,Cancelled,2774,10,12483.0
500354,2025-10-13 16:10:30.783078307,10441,20015,1.0,Debit Card,Cancelled,27789,20,22231.2
500355,2025-10-13 17:02:12.853285328,10532,20002,4.0,Debit Card,Cancelled,66297,0,265188.0
500356,2025-10-13 17:53:54.923492349,10179,20096,1.0,Credit Card,Cancelled,3065,15,2605.25
500357,2025-10-13 18:45:36.993699370,10130,20063,4.0,UPI,Cancelled,7613,5,28929.4
500358,2025-10-13 19:37:19.063906390,10329,20023,5.0,UPI,Delivered,2698,10,12141.0
500359,2025-10-13 20:29:01.134113411,10319,20083,1.0,UPI,Returned,9080,20,7264.0
500360,2025-10-13 21:20:43.204320432,10246,20041,1.0,UPI,Delivered,36528,15,31048.8
500361,2025-10-13 22:12:25.274527452,10468,20035,3.0,UPI,Delivered,15331,10,41393.7
500362,2025-10-13 23:04:07.344734473,10480,20031,1.0,Debit Card,Delivered,16301,15,13855.85
500363,2025-10-13 23:55:49.414941494,10148,20063,2.0,Net Banking,Delivered,7613,0,15226.0
500364,2025-10-14 00:47:31.485148515,10478,20014,1.0,Debit Card,Delivered,13717,15,11659.45
500365,2025-10-14 01:39:13.555355535,10139,20038,2.0,Debit Card,Cancelled,9637,20,15419.2
500366,2025-10-14 02:30:55.625562556,10245,20032,4.0,Cash on Delivery,Cancelled,14051,20,44963.2
500367,2025-10-14 03:22:37.695769577,10017,20007,5.0,Cash on Delivery,Delivered,22213,0,111065.0
500368,2025-10-14 04:14:19.765976597,10205,20080,2.0,UPI,Delivered,8370,0,16740.0
500369,2025-10-14 05:06:01.836183618,10576,20001,1.0,UPI,Delivered,63388,10,57049.2
500370,2025-10-14 05:57:43.906390639,10266,20100,4.0,UPI,Returned,2214,0,8856.0
500371,2025-10-14 06:49:25.976597659,10427,20010,2.0,Cash on Delivery,Delivered,24340,10,43812.0
500372,2025-10-14 07:41:08.046804680,10065,20038,1.0,UPI,Delivered,9637,0,9637.0
500373,2025-10-14 08:32:50.117011701,10382,20011,5.0,UPI,Delivered,32685,15,138911.25
500374,2025-10-14 09:24:32.187218722,10223,20039,5.0,Credit Card,Delivered,5898,10,26541.0
500375,2025-10-14 10:16:14.257425742,10447,20064,1.0,Debit Card,Delivered,3045,0,3045.0
500376,2025-10-14 11:07:56.327632763,10557,20010,1.0,Credit Card,Delivered,24340,0,24340.0
500377,2025-10-14 11:59:38.397839784,10319,20055,1.0,Net Banking,Cancelled,1081,10,972.9
500378,2025-10-14 12:51:20.468046804,10062,20081,2.0,Credit Card,Delivered,14773,5,28068.7
500379,2025-10-14 13:43:02.538253825,10286,20048,1.0,Net Banking,Delivered,23385,10,21046.5
500380,2025-10-14 14:34:44.608460846,10074,20012,2.0,UPI,Delivered,15742,0,31484.0
500381,2025-10-14 15:26:26.678667866,10270,20072,4.0,Net Banking,Delivered,3499,5,13296.2
500382,2025-10-14 16:18:08.748874887,10037,20020,1.0,Credit Card,Delivered,1219,15,1036.15
500383,2025-10-14 17:09:50.819081908,10385,20002,4.0,UPI,Cancelled,66297,20,212150.4
500384,2025-10-14 18:01:32.889288929,10187,20046,1.0,Cash on Delivery,Returned,18692,0,18692.0
500385,2025-10-14 18:53:14.959495949,10121,20029,1.0,Cash on Delivery,Cancelled,11176,0,11176.0
500386,2025-10-14 19:44:57.029702970,10011,20003,3.0,Net Banking,Cancelled,53620,10,144774.0
500387,2025-10-14 20:36:39.099909991,10533,20081,2.0,Cash on Delivery,Delivered,14773,0,29546.0
500388,2025-10-14 21:28:21.170117011,10503,20063,5.0,Credit Card,Delivered,7613,20,30452.0
500389,2025-10-14 22:20:03.240324032,10488,20095,2.0,UPI,Delivered,1791,10,3223.8
500390,2025-10-14 23:11:45.310531053,10035,20050,2.0,UPI,Returned,1390,20,2224.0
500391,2025-10-15 00:03:27.380738073,10210,20046,3.0,Net Banking,Delivered,18692,0,56076.0
500392,2025-10-15 00:55:09.450945094,10583,20088,4.0,Net Banking,Cancelled,7259,0,29036.0
500393,2025-10-15 01:46:51.521152115,10348,20009,3.0,Cash on Delivery,Cancelled,18553,15,47310.15
500394,2025-10-15 02:38:33.591359136,10078,20038,1.0,Net Banking,Delivered,9637,0,9637.0
500395,2025-10-15 03:30:15.661566156,10085,20084,5.0,Debit Card,Delivered,7386,0,36930.0
500396,2025-10-15 04:21:57.731773177,10158,20031,1.0,UPI,Delivered,16301,0,16301.0
500397,2025-10-15 05:13:39.801980198,10584,20093,1.0,UPI,Returned,2351,0,2351.0
500398,2025-10-15 06:05:21.872187218,10102,20030,1.0,Credit Card,Delivered,6241,20,4992.8
500399,2025-10-15 06:57:03.942394239,10542,20044,1.0,Debit Card,Cancelled,32508,10,29257.2
500400,2025-10-15 07:48:46.012601260,10407,20094,1.0,UPI,Delivered,4584,0,4584.0
500401,2025-10-15 08:40:28.082808280,10554,20026,2.0,Cash on Delivery,Delivered,9415,20,15064.0
500402,2025-10-15 09:32:10.153015301,10496,20101,3.0,Debit Card,Cancelled,2343,5,6677.55
500403,2025-10-15 10:23:52.223222322,10200,20005,2.0,UPI,Delivered,55986,10,100774.8
500404,2025-10-15 11:15:34.293429343,10497,20028,5.0,Cash on Delivery,Returned,8241,0,41205.0
500405,2025-10-15 12:07:16.363636363,10102,20062,2.0,Credit Card,Returned,2317,0,4634.0
500406,2025-10-15 12:58:58.433843384,10175,20062,2.0,Debit Card,Delivered,2317,0,4634.0
500407,2025-10-15 13:50:40.504050405,10128,20095,1.0,Credit Card,Returned,1791,0,1791.0
500408,2025-10-15 14:42:22.574257425,10080,20100,5.0,Credit Card,Delivered,2214,0,11070.0
500409,2025-10-15 15:34:04.644464446,10055,20071,1.0,UPI,Delivered,4484,15,3811.4
500410,2025-10-15 16:25:46.714671467,10113,20069,1.0,Credit Card,Delivered,3824,20,3059.2
500411,2025-10-15 17:17:28.784878488,10073,20033,5.0,Debit Card,Delivered,16169,20,64676.0
500412,2025-10-15 18:09:10.855085508,10229,20084,2.0,Cash on Delivery,Delivered,7386,0,14772.0
500413,2025-10-15 19:00:52.925292529,10043,20067,1.0,Cash on Delivery,Cancelled,2588,10,2329.2
500414,2025-10-15 19:52:34.995499550,10037,20003,2.0,UPI,Delivered,53620,5,101878.0
500415,2025-10-15 20:44:17.065706570,10594,20087,2.0,Cash on Delivery,Delivered,9356,10,16840.8
500416,2025-10-15 21:35:59.135913591,10053,20038,1.0,UPI,Cancelled,9637,15,8191.45
500417,2025-10-15 22:27:41.206120612,10045,20050,4.0,UPI,Delivered,1390,0,5560.0
500418,2025-10-15 23:19:23.276327632,10019,20051,3.0,Debit Card,Delivered,1170,0,3510.0
500419,2025-10-16 00:11:05.346534653,10080,20086,1.0,Cash on Delivery,Delivered,13579,5,12900.05
500420,2025-10-16 01:02:47.416741674,10317,20028,2.0,Cash on Delivery,Delivered,8241,10,14833.8
500421,2025-10-16 01:54:29.486948695,10497,20041,1.0,Net Banking,Returned,36528,5,34701.6
500422,2025-10-16 02:46:11.557155715,10441,20005,3.0,UPI,Delivered,55986,0,167958.0
500423,2025-10-16 03:37:53.627362736,10349,20037,2.0,UPI,Delivered,4164,0,8328.0
500424,2025-10-16 04:29:35.697569757,10052,20010,1.0,UPI,Returned,24340,10,21906.0
500425,2025-10-16 05:21:17.767776777,10465,20061,2.0,Credit Card,Delivered,7110,0,14220.0
500426,2025-10-16 06:12:59.837983798,10023,20093,2.0,Credit Card,Cancelled,2351,5,4466.9
500427,2025-10-16 07:04:41.908190819,10379,20049,1.0,UPI,Delivered,578,10,520.2
500428,2025-10-16 07:56:23.978397839,10246,20095,5.0,Credit Card,Delivered,1791,5,8507.25
500429,2025-10-16 08:48:06.048604860,10530,20102,3.0,Credit Card,Delivered,2774,5,7905.9
500430,2025-10-16 09:39:48.118811881,10185,20006,2.0,Debit Card,Delivered,34232,0,68464.0
500431,2025-10-16 10:31:30.189018902,10384,20054,1.0,Credit Card,Delivered,1287,0,1287.0
500432,2025-10-16 11:23:12.259225922,10264,20055,2.0,UPI,Delivered,1081,15,1837.7
500433,2025-10-16 12:14:54.329432943,10314,20041,1.0,Debit Card,Delivered,36528,20,29222.4
500434,2025-10-16 13:06:36.399639964,10564,20087,5.0,Debit Card,Cancelled,9356,0,46780.0
500435,2025-10-16 13:58:18.469846984,10428,20042,1.0,UPI,Delivered,51100,0,51100.0
500436,2025-10-16 14:50:00.540054005,10249,20006,3.0,UPI,Delivered,34232,0,102696.0
500437,2025-10-16 15:41:42.610261026,10269,20057,1.0,Cash on Delivery,Delivered,4302,10,3871.8
500438,2025-10-16 16:33:24.680468046,10423,20021,3.0,Debit Card,Cancelled,11517,0,34551.0
500439,2025-10-16 17:25:06.750675067,10208,20037,1.0,UPI,Delivered,4164,15,3539.4
500440,2025-10-16 18:16:48.820882088,10101,20053,1.0,Credit Card,Delivered,2733,0,2733.0
500441,2025-10-16 19:08:30.891089109,10281,20076,5.0,Credit Card,Delivered,6747,15,28674.75
500442,2025-10-16 20:00:12.961296129,10041,20029,4.0,UPI,Cancelled,11176,0,44704.0
500443,2025-10-16 20:51:55.031503150,10102,20040,1.0,UPI,Delivered,9982,15,8484.7
500444,2025-10-16 21:43:37.101710171,10253,20008,1.0,Cash on Delivery,Cancelled,36276,20,29020.8
500445,2025-10-16 22:35:19.171917191,10478,20040,2.0,Credit Card,Delivered,9982,15,16969.4
500446,2025-10-16 23:27:01.242124212,10469,20061,5.0,UPI,Cancelled,7110,20,28440.0
500447,2025-10-17 00:18:43.312331233,10157,20065,2.0,Net Banking,Delivered,1731,5,3288.9
500448,2025-10-17 01:10:25.382538253,10254,20031,1.0,Credit Card,Returned,16301,10,14670.9
500449,2025-10-17 02:02:07.452745274,10093,20007,3.0,Debit Card,Cancelled,22213,10,59975.1
500450,2025-10-17 02:53:49.522952295,10454,20061,2.0,UPI,Delivered,7110,0,14220.0
500451,2025-10-17 03:45:31.593159316,10148,20069,3.0,UPI,Delivered,3824,20,9177.6
500452,2025-10-17 04:37:13.663366336,10480,20009,1.0,UPI,Delivered,18553,10,16697.7
500453,2025-10-17 05:28:55.733573357,10506,20053,1.0,Cash on Delivery,Cancelled,2733,0,2733.0
500454,2025-10-17 06:20:37.803780378,10414,20010,1.0,Debit Card,Cancelled,24340,0,24340.0
500455,2025-10-17 07:12:19.873987398,10199,20048,3.0,Net Banking,Delivered,23385,10,63139.5
500456,2025-10-17 08:04:01.944194419,10572,20067,3.0,UPI,Delivered,2588,20,6211.2
500457,2025-10-17 08:55:44.014401440,10412,20075,1.0,Debit Card,Delivered,7740,0,7740.0
500458,2025-10-17 09:47:26.084608461,10388,20075,1.0,Credit Card,Delivered,7740,20,6192.0
500459,2025-10-17 10:39:08.154815481,10514,20079,4.0,Debit Card,Delivered,3686,5,14006.8
500460,2025-10-17 11:30:50.225022502,10529,20026,1.0,UPI,Delivered,9415,15,8002.75
500461,2025-10-17 12:22:32.295229523,10047,20089,1.0,Debit Card,Delivered,507,0,507.0
500462,2025-10-17 13:14:14.365436543,10529,20037,2.0,UPI,Delivered,4164,0,8328.0
500463,2025-10-17 14:05:56.435643564,10460,20039,3.0,UPI,Delivered,5898,10,15924.6
500464,2025-10-17 14:57:38.505850585,10124,20082,5.0,Net Banking,Delivered,7271,0,36355.0
500465,2025-10-17 15:49:20.576057605,10185,20035,3.0,UPI,Cancelled,15331,0,45993.0
500466,2025-10-17 16:41:02.646264626,10452,20008,5.0,UPI,Delivered,36276,10,163242.0
500467,2025-10-17 17:32:44.716471647,10130,20075,3.0,Cash on Delivery,Delivered,7740,0,23220.0
500468,2025-10-17 18:24:26.786678668,10272,20069,4.0,UPI,Returned,3824,0,15296.0
500469,2025-10-17 19:16:08.856885688,10414,20061,1.0,Credit Card,Delivered,7110,0,7110.0
500470,2025-10-17 20:07:50.927092709,10391,20015,1.0,Net Banking,Delivered,27789,0,27789.0
500471,2025-10-17 20:59:32.997299730,10546,20066,3.0,Debit Card,Delivered,1710,10,4617.0
500472,2025-10-17 21:51:15.067506750,10067,20021,5.0,UPI,Delivered,11517,0,57585.0
500473,2025-10-17 22:42:57.137713771,10178,20058,3.0,Credit Card,Returned,3049,20,7317.6
500474,2025-10-17 23:34:39.207920792,10591,20053,1.0,Credit Card,Delivered,2733,15,2323.05
500475,2025-10-18 00:26:21.278127812,10342,20081,2.0,UPI,Delivered,14773,0,29546.0
500476,2025-10-18 01:18:03.348334833,10150,20102,1.0,Debit Card,Returned,2774,5,2635.3
500477,2025-10-18 02:09:45.418541854,10174,20020,1.0,Cash on Delivery,Delivered,1219,0,1219.0
500478,2025-10-18 03:01:27.488748875,10204,20012,3.0,UPI,Delivered,15742,0,47226.0
500479,2025-10-18 03:53:09.558955895,10333,20058,1.0,UPI,Delivered,3049,10,2744.1
500480,2025-10-18 04:44:51.629162916,10171,20100,2.0,Debit Card,Delivered,2214,0,4428.0
500481,2025-10-18 05:36:33.699369937,10374,20017,1.0,Credit Card,Returned,1945,5,1847.75
500482,2025-10-18 06:28:15.769576957,10268,20051,2.0,Net Banking,Delivered,1170,0,2340.0
500483,2025-10-18 07:19:57.839783978,10367,20043,4.0,UPI,Returned,21634,0,86536.0
500484,2025-10-18 08:11:39.909990999,10094,20034,5.0,UPI,Delivered,6711,10,30199.5
500485,2025-10-18 09:03:21.980198019,10375,20070,2.0,Debit Card,Delivered,4368,10,7862.4
500486,2025-10-18 09:55:04.050405040,10555,20031,4.0,Cash on Delivery,Returned,16301,0,65204.0
500487,2025-10-18 10:46:46.120612061,10082,20052,3.0,UPI,Delivered,1561,20,3746.4
500488,2025-10-18 11:38:28.190819082,10197,20088,5.0,Net Banking,Cancelled,7259,10,32665.5
500489,2025-10-18 12:30:10.261026102,10417,20040,3.0,Credit Card,Cancelled,9982,0,29946.0
500490,2025-10-18 13:21:52.331233123,10371,20003,2.0,UPI,Delivered,53620,0,107240.0
500491,2025-10-18 14:13:34.401440144,10405,20093,3.0,Credit Card,Delivered,2351,5,6700.35
500492,2025-10-18 15:05:16.471647164,10336,20029,1.0,UPI,Delivered,11176,10,10058.4
500493,2025-10-18 15:56:58.541854185,10410,20081,3.0,Debit Card,Delivered,14773,0,44319.0
500494,2025-10-18 16:48:40.612061206,10366,20080,3.0,UPI,Delivered,8370,0,25110.0
500495,2025-10-18 17:40:22.682268226,10045,20055,2.0,Credit Card,Delivered,1081,20,1729.6
500496,2025-10-18 18:32:04.752475247,10451,20010,1.0,UPI,Delivered,24340,0,24340.0
500497,2025-10-18 19:23:46.822682268,10269,20099,2.0,Net Banking,Delivered,4248,15,7221.6
500498,2025-10-18 20:15:28.892889289,10031,20071,3.0,Cash on Delivery,Cancelled,4484,0,13452.0
500499,2025-10-18 21:07:10.963096309,10246,20045,1.0,Credit Card,Delivered,19570,5,18591.5
500500,2025-10-18 21:58:53.033303330,10262,20089,4.0,Credit Card,Cancelled,507,15,1723.8
500501,2025-10-18 22:50:35.103510351,10053,20082,4.0,Cash on Delivery,Delivered,7271,20,23267.2
500502,2025-10-18 23:42:17.173717371,10598,20080,2.0,UPI,Returned,8370,10,15066.0
500503,2025-10-19 00:33:59.243924392,10134,20018,5.0,Net Banking,Cancelled,3166,0,15830.0
500504,2025-10-19 01:25:41.314131413,10199,20066,4.0,Credit Card,Delivered,1710,0,6840.0
500505,2025-10-19 02:17:23.384338434,10265,20030,2.0,Cash on Delivery,Delivered,6241,15,10609.7
500506,2025-10-19 03:09:05.454545454,10500,20009,5.0,UPI,Delivered,18553,10,83488.5
500507,2025-10-19 04:00:47.524752475,10446,20036,5.0,UPI,Delivered,17380,15,73865.0
500508,2025-10-19 04:52:29.594959496,10463,20011,1.0,UPI,Delivered,32685,20,26148.0
500509,2025-10-19 05:44:11.665166516,10143,20012,5.0,UPI,Delivered,15742,15,66903.5
500510,2025-10-19 06:35:53.735373537,10508,20076,1.0,UPI,Delivered,6747,5,6409.65
500511,2025-10-19 07:27:35.805580558,10498,20053,2.0,Cash on Delivery,Returned,2733,10,4919.4
500512,2025-10-19 08:19:17.875787578,10279,20042,5.0,UPI,Delivered,51100,10,229950.0
500513,2025-10-19 09:10:59.945994599,10328,20020,3.0,UPI,Delivered,1219,0,3657.0
500514,2025-10-19 10:02:42.016201620,10023,20081,1.0,UPI,Delivered,14773,0,14773.0
500515,2025-10-19 10:54:24.086408641,10457,20066,3.0,Credit Card,Delivered,1710,0,5130.0
500516,2025-10-19 11:46:06.156615661,10577,20061,1.0,Credit Card,Returned,7110,0,7110.0
500517,2025-10-19 12:37:48.226822682,10284,20020,1.0,UPI,Delivered,1219,0,1219.0
500518,2025-10-19 13:29:30.297029703,10325,20013,5.0,Net Banking,Returned,24693,20,98772.0
500519,2025-10-19 14:21:12.367236723,10300,20013,1.0,Net Banking,Delivered,24693,20,19754.4
500520,2025-10-19 15:12:54.437443744,10050,20003,5.0,UPI,Delivered,53620,15,227885.0
500521,2025-10-19 16:04:36.507650765,10372,20101,2.0,Net Banking,Delivered,2343,0,4686.0
500522,2025-10-19 16:56:18.577857785,10433,20039,1.0,UPI,Returned,5898,0,5898.0
500523,2025-10-19 17:48:00.648064806,10557,20069,4.0,Credit Card,Delivered,3824,5,14531.2
500524,2025-10-19 18:39:42.718271827,10558,20103,1.0,Cash on Delivery,Delivered,2822,0,2822.0
500525,2025-10-19 19:31:24.788478848,10296,20098,1.0,Cash on Delivery,Delivered,1112,0,1112.0
500526,2025-10-19 20:23:06.858685868,10576,20034,1.0,UPI,Cancelled,6711,0,6711.0
500527,2025-10-19 21:14:48.928892889,10318,20051,4.0,Credit Card,Delivered,1170,5,4446.0
500528,2025-10-19 22:06:30.999099910,10386,20049,2.0,UPI,Delivered,578,15,982.6
500529,2025-10-19 22:58:13.069306930,10362,20004,3.0,Credit Card,Cancelled,68919,0,206757.0
500530,2025-10-19 23:49:55.139513951,10600,20080,1.0,Debit Card,Returned,8370,15,7114.5
500531,2025-10-20 00:41:37.209720972,10443,20060,3.0,UPI,Delivered,4824,5,13748.4
500532,2025-10-20 01:33:19.279927992,10073,20039,3.0,Cash on Delivery,Returned,5898,20,14155.2
500533,2025-10-20 02:25:01.350135013,10044,20059,1.0,Debit Card,Delivered,5868,0,5868.0
500534,2025-10-20 03:16:43.420342034,10246,20077,5.0,UPI,Returned,4744,0,23720.0
500535,2025-10-20 04:08:25.490549055,10310,20002,2.0,Net Banking,Cancelled,66297,0,132594.0
500536,2025-10-20 05:00:07.560756075,10402,20068,3.0,Debit Card,Returned,1337,0,4011.0
500537,2025-10-20 05:51:49.630963096,10289,20090,1.0,UPI,Returned,691,0,691.0
500538,2025-10-20 06:43:31.701170117,10309,20076,5.0,Credit Card,Delivered,6747,0,33735.0
500539,2025-10-20 07:35:13.771377137,10554,20065,1.0,Net Banking,Delivered,1731,20,1384.8
500540,2025-10-20 08:26:55.841584158,10201,20010,3.0,Cash on Delivery,Cancelled,24340,5,69369.0
500541,2025-10-20 09:18:37.911791179,10297,20078,1.0,UPI,Cancelled,7034,10,6330.6
500542,2025-10-20 10:10:19.981998199,10335,20079,1.0,Debit Card,Delivered,3686,0,3686.0
500543,2025-10-20 11:02:02.052205220,10281,20052,1.0,Net Banking,Delivered,1561,10,1404.9
500544,2025-10-20 11:53:44.122412241,10581,20061,5.0,Cash on Delivery,Delivered,7110,5,33772.5
500545,2025-10-20 12:45:26.192619262,10578,20065,1.0,UPI,Cancelled,1731,20,1384.8
500546,2025-10-20 13:37:08.262826282,10308,20013,5.0,Credit Card,Delivered,24693,15,104945.25
500547,2025-10-20 14:28:50.333033303,10271,20027,2.0,Net Banking,Delivered,7598,5,14436.2
500548,2025-10-20 15:20:32.403240324,10354,20083,1.0,UPI,Returned,9080,15,7718.0
500549,2025-10-20 16:12:14.473447344,10109,20102,2.0,Credit Card,Delivered,2774,10,4993.2
500550,2025-10-20 17:03:56.543654365,10256,20029,2.0,Credit Card,Delivered,11176,20,17881.6
500551,2025-10-20 17:55:38.613861386,10131,20042,1.0,Credit Card,Delivered,51100,5,48545.0
500552,2025-10-20 18:47:20.684068407,10087,20096,2.0,Debit Card,Cancelled,3065,15,5210.5
500553,2025-10-20 19:39:02.754275427,10058,20017,4.0,UPI,Delivered,1945,0,7780.0
500554,2025-10-20 20:30:44.824482448,10353,20028,5.0,Net Banking,Delivered,8241,0,41205.0
500555,2025-10-20 21:22:26.894689469,10001,20006,2.0,UPI,Delivered,34232,0,68464.0
500556,2025-10-20 22:14:08.964896489,10388,20025,5.0,Net Banking,Delivered,5959,15,25325.75
500557,2025-10-20 23:05:51.035103510,10260,20067,5.0,Credit Card,Returned,2588,20,10352.0
500558,2025-10-20 23:57:33.105310531,10220,20037,1.0,UPI,Delivered,4164,0,4164.0
500559,2025-10-21 00:49:15.175517551,10462,20103,3.0,Cash on Delivery,Delivered,2822,5,8042.7
500560,2025-10-21 01:40:57.245724572,10324,20093,4.0,Net Banking,Delivered,2351,5,8933.8
500561,2025-10-21 02:32:39.315931593,10441,20094,1.0,UPI,Delivered,4584,0,4584.0
500562,2025-10-21 03:24:21.386138614,10426,20076,2.0,UPI,Returned,6747,5,12819.3
500563,2025-10-21 04:16:03.456345634,10020,20074,5.0,Credit Card,Delivered,5850,15,24862.5
500564,2025-10-21 05:07:45.526552655,10130,20054,1.0,Cash on Delivery,Delivered,1287,15,1093.95
500565,2025-10-21 05:59:27.596759676,10342,20104,4.0,UPI,Delivered,778,0,3112.0
500566,2025-10-21 06:51:09.666966696,10586,20010,5.0,Cash on Delivery,Delivered,24340,0,121700.0
500567,2025-10-21 07:42:51.737173717,10093,20076,3.0,UPI,Cancelled,6747,10,18216.9
500568,2025-10-21 08:34:33.807380738,10064,20015,3.0,Debit Card,Returned,27789,10,75030.3
500569,2025-10-21 09:26:15.877587758,10565,20036,2.0,Credit Card,Cancelled,17380,10,31284.0
500570,2025-10-21 10:17:57.947794779,10581,20027,2.0,UPI,Cancelled,7598,15,12916.6
500571,2025-10-21 11:09:40.018001800,10101,20063,2.0,Cash on Delivery,Delivered,7613,0,15226.0
500572,2025-10-21 12:01:22.088208821,10242,20082,2.0,UPI,Cancelled,7271,5,13814.9
500573,2025-10-21 12:53:04.158415841,10376,20009,2.0,Cash on Delivery,Delivered,18553,0,37106.0
500574,2025-10-21 13:44:46.228622862,10118,20063,4.0,UPI,Returned,7613,15,25884.2
500575,2025-10-21 14:36:28.298829883,10196,20024,4.0,UPI,Delivered,4109,5,15614.2
500576,2025-10-21 15:28:10.369036903,10238,20009,1.0,Cash on Delivery,Delivered,18553,0,18553.0
500577,2025-10-21 16:19:52.439243924,10385,20044,2.0,Debit Card,Returned,32508,15,55263.6
500578,2025-10-21 17:11:34.509450945,10185,20061,1.0,UPI,Delivered,7110,20,5688.0
500579,2025-10-21 18:03:16.579657965,10248,20021,1.0,Credit Card,Delivered,11517,20,9213.6
500580,2025-10-21 18:54:58.649864986,10174,20041,1.0,UPI,Cancelled,36528,0,36528.0
500581,2025-10-21 19:46:40.720072007,10456,20100,1.0,Net Banking,Delivered,2214,15,1881.9
500582,2025-10-21 20:38:22.790279028,10092,20037,4.0,UPI,Cancelled,4164,5,15823.2
500583,2025-10-21 21:30:04.860486048,10139,20104,1.0,Credit Card,Delivered,778,0,778.0
500584,2025-10-21 22:21:46.930693069,10150,20087,1.0,UPI,Cancelled,9356,0,9356.0
500585,2025-10-21 23:13:29.000900090,10544,20039,1.0,Debit Card,Delivered,5898,0,5898.0
500586,2025-10-22 00:05:11.071107110,10567,20060,1.0,Cash on Delivery,Cancelled,4824,0,4824.0
500587,2025-10-22 00:56:53.141314131,10301,20074,1.0,Net Banking,Delivered,5850,10,5265.0
500588,2025-10-22 01:48:35.211521152,10094,20049,3.0,UPI,Delivered,578,0,1734.0
500589,2025-10-22 02:40:17.281728172,10454,20043,5.0,UPI,Returned,21634,10,97353.0
500590,2025-10-22 03:31:59.351935193,10296,20035,1.0,UPI,Delivered,15331,15,13031.35
500591,2025-10-22 04:23:41.422142214,10510,20015,1.0,Net Banking,Delivered,27789,0,27789.0
500592,2025-10-22 05:15:23.492349235,10216,20003,2.0,UPI,Delivered,53620,15,91154.0
500593,2025-10-22 06:07:05.562556255,10600,20036,1.0,Debit Card,Delivered,17380,0,17380.0
500594,2025-10-22 06:58:47.632763276,10485,20083,4.0,UPI,Delivered,9080,0,36320.0
500595,2025-10-22 07:50:29.702970297,10135,20025,1.0,Cash on Delivery,Delivered,5959,0,5959.0
500596,2025-10-22 08:42:11.773177317,10436,20019,2.0,Credit Card,Delivered,1265,0,2530.0
500597,2025-10-22 09:33:53.843384338,10173,20035,2.0,Credit Card,Delivered,15331,0,30662.0
500598,2025-10-22 10:25:35.913591359,10210,20063,2.0,Cash on Delivery,Delivered,7613,15,12942.1
500599,2025-10-22 11:17:17.983798380,10151,20023,2.0,Cash on Delivery,Returned,2698,10,4856.4
500600,2025-10-22 12:09:00.054005400,10410,20023,4.0,Credit Card,Delivered,2698,5,10252.4
500601,2025-10-22 13:00:42.124212421,10158,20012,2.0,Net Banking,Cancelled,15742,20,25187.2
500602,2025-10-22 13:52:24.194419442,10384,20035,2.0,Debit Card,Cancelled,15331,5,29128.9
500603,2025-10-22 14:44:06.264626462,10350,20023,5.0,Credit Card,Returned,2698,0,13490.0
500604,2025-10-22 15:35:48.334833483,10451,20087,5.0,UPI,Returned,9356,0,46780.0
500605,2025-10-22 16:27:30.405040504,10597,20095,5.0,Debit Card,Returned,1791,5,8507.25
500606,2025-10-22 17:19:12.475247524,10006,20039,1.0,Debit Card,Delivered,5898,0,5898.0
500607,2025-10-22 18:10:54.545454545,10595,20009,4.0,UPI,Delivered,18553,0,74212.0
500608,2025-10-22 19:02:36.615661566,10066,20010,5.0,UPI,Cancelled,24340,0,121700.0
500609,2025-10-22 19:54:18.685868587,10317,20034,4.0,Debit Card,Delivered,6711,0,26844.0
500610,2025-10-22 20:46:00.756075607,10205,20049,3.0,UPI,Delivered,578,20,1387.2
500611,2025-10-22 21:37:42.826282628,10384,20055,1.0,Debit Card,Delivered,1081,0,1081.0
500612,2025-10-22 22:29:24.896489649,10434,20032,3.0,Debit Card,Delivered,14051,0,42153.0
500613,2025-10-22 23:21:06.966696669,10516,20037,2.0,UPI,Cancelled,4164,0,8328.0
500614,2025-10-23 00:12:49.036903690,10242,20030,4.0,UPI,Returned,6241,15,21219.4
500615,2025-10-23 01:04:31.107110711,10560,20054,1.0,UPI,Cancelled,1287,0,1287.0
500616,2025-10-23 01:56:13.177317731,10194,20073,3.0,UPI,Delivered,5411,0,16233.0
500617,2025-10-23 02:47:55.247524752,10123,20005,4.0,Debit Card,Delivered,55986,15,190352.4
500618,2025-10-23 03:39:37.317731773,10228,20050,4.0,Debit Card,Delivered,1390,10,5004.0
500619,2025-10-23 04:31:19.387938794,10318,20068,1.0,Net Banking,Delivered,1337,10,1203.3
500620,2025-10-23 05:23:01.458145814,10401,20070,4.0,UPI,Delivered,4368,10,15724.8
500621,2025-10-23 06:14:43.528352835,10500,20059,1.0,Debit Card,Cancelled,5868,10,5281.2
500622,2025-10-23 07:06:25.598559856,10135,20055,5.0,UPI,Delivered,1081,5,5134.75
500623,2025-10-23 07:58:07.668766876,10182,20071,1.0,Net Banking,Delivered,4484,5,4259.8
500624,2025-10-23 08:49:49.738973897,10564,20040,1.0,UPI,Cancelled,9982,15,8484.7
500625,2025-10-23 09:41:31.809180918,10264,20059,2.0,Credit Card,Delivered,5868,0,11736.0
500626,2025-10-23 10:33:13.879387938,10145,20034,2.0,Credit Card,Delivered,6711,0,13422.0
500627,2025-10-23 11:24:55.949594959,10592,20046,3.0,UPI,Delivered,18692,0,56076.0
500628,2025-10-23 12:16:38.019801980,10270,20013,2.0,Cash on Delivery,Delivered,24693,15,41978.1
500629,2025-10-23 13:08:20.090009001,10592,20037,1.0,UPI,Delivered,4164,0,4164.0
500630,2025-10-23 14:00:02.160216021,10552,20015,2.0,UPI,Delivered,27789,0,55578.0
500631,2025-10-23 14:51:44.230423042,10544,20024,2.0,Debit Card,Delivered,4109,0,8218.0
500632,2025-10-23 15:43:26.300630063,10350,20044,2.0,Credit Card,Delivered,32508,0,65016.0
500633,2025-10-23 16:35:08.370837083,10480,20053,2.0,UPI,Cancelled,2733,0,5466.0
500634,2025-10-23 17:26:50.441044104,10577,20098,5.0,UPI,Delivered,1112,5,5282.0
500635,2025-10-23 18:18:32.511251125,10162,20003,4.0,UPI,Cancelled,53620,20,171584.0
500636,2025-10-23 19:10:14.581458145,10023,20094,1.0,Net Banking,Delivered,4584,0,4584.0
500637,2025-10-23 20:01:56.651665166,10193,20035,1.0,Credit Card,Delivered,15331,20,12264.8
500638,2025-10-23 20:53:38.721872187,10383,20076,1.0,UPI,Cancelled,6747,0,6747.0
500639,2025-10-23 21:45:20.792079208,10329,20071,1.0,Credit Card,Delivered,4484,15,3811.4
500640,2025-10-23 22:37:02.862286228,10049,20101,3.0,Cash on Delivery,Delivered,2343,0,7029.0
500641,2025-10-23 23:28:44.932493249,10337,20012,2.0,Cash on Delivery,Delivered,15742,10,28335.6
500642,2025-10-24 00:20:27.002700270,10105,20101,2.0,UPI,Delivered,2343,15,3983.1
500643,2025-10-24 01:12:09.072907290,10304,20007,2.0,Debit Card,Delivered,22213,10,39983.4
500644,2025-10-24 02:03:51.143114311,10346,20092,4.0,UPI,Delivered,803,20,2569.6
500645,2025-10-24 02:55:33.213321332,10383,20068,4.0,UPI,Delivered,1337,10,4813.2
500646,2025-10-24 03:47:15.283528353,10248,20051,2.0,Net Banking,Delivered,1170,10,2106.0
500647,2025-10-24 04:38:57.353735373,10245,20042,2.0,Cash on Delivery,Cancelled,51100,10,91980.0
500648,2025-10-24 05:30:39.423942394,10408,20010,2.0,UPI,Cancelled,24340,0,48680.0
500649,2025-10-24 06:22:21.494149415,10450,20084,5.0,Net Banking,Cancelled,7386,0,36930.0
500650,2025-10-24 07:14:03.564356435,10485,20076,4.0,Debit Card,Cancelled,6747,20,21590.4
500651,2025-10-24 08:05:45.634563456,10201,20098,1.0,Debit Card,Delivered,1112,20,889.6
500652,2025-10-24 08:57:27.704770477,10255,20076,5.0,Net Banking,Delivered,6747,20,26988.0
500653,2025-10-24 09:49:09.774977497,10199,20100,2.0,Credit Card,Returned,2214,15,3763.8
500654,2025-10-24 10:40:51.845184518,10317,20093,4.0,Cash on Delivery,Delivered,2351,0,9404.0
500655,2025-10-24 11:32:33.915391539,10077,20045,5.0,UPI,Delivered,19570,0,97850.0
500656,2025-10-24 12:24:15.985598560,10259,20074,4.0,Credit Card,Delivered,5850,0,23400.0
500657,2025-10-24 13:15:58.055805580,10114,20028,1.0,UPI,Cancelled,8241,5,7828.95
500658,2025-10-24 14:07:40.126012601,10320,20083,1.0,Net Banking,Delivered,9080,0,9080.0
500659,2025-10-24 14:59:22.196219622,10511,20064,4.0,UPI,Delivered,3045,15,10353.0
500660,2025-10-24 15:51:04.266426642,10592,20046,1.0,Credit Card,Delivered,18692,0,18692.0
500661,2025-10-24 16:42:46.336633663,10268,20066,1.0,Debit Card,Cancelled,1710,20,1368.0
500662,2025-10-24 17:34:28.406840684,10034,20029,1.0,UPI,Delivered,11176,5,10617.2
500663,2025-10-24 18:26:10.477047704,10137,20065,2.0,UPI,Delivered,1731,0,3462.0
500664,2025-10-24 19:17:52.547254725,10063,20050,1.0,UPI,Delivered,1390,5,1320.5
500665,2025-10-24 20:09:34.617461746,10456,20034,1.0,Debit Card,Delivered,6711,5,6375.45
500666,2025-10-24 21:01:16.687668767,10591,20102,1.0,UPI,Cancelled,2774,5,2635.3
500667,2025-10-24 21:52:58.757875787,10333,20007,2.0,Credit Card,Delivered,22213,0,44426.0
500668,2025-10-24 22:44:40.828082808,10107,20079,2.0,Credit Card,Delivered,3686,0,7372.0
500669,2025-10-24 23:36:22.898289829,10013,20022,4.0,Cash on Delivery,Cancelled,9827,0,39308.0
500670,2025-10-25 00:28:04.968496849,10586,20024,5.0,Net Banking,Cancelled,4109,0,20545.0
500671,2025-10-25 01:19:47.038703870,10190,20017,1.0,UPI,Returned,1945,0,1945.0
500672,2025-10-25 02:11:29.108910891,10068,20011,3.0,Cash on Delivery,Delivered,32685,0,98055.0
500673,2025-10-25 03:03:11.179117911,10107,20013,1.0,Net Banking,Delivered,24693,0,24693.0
500674,2025-10-25 03:54:53.249324932,10154,20087,1.0,Debit Card,Delivered,9356,0,9356.0
500675,2025-10-25 04:46:35.319531953,10394,20097,1.0,Credit Card,Cancelled,3648,0,3648.0
500676,2025-10-25 05:38:17.389738974,10536,20061,3.0,UPI,Delivered,7110,0,21330.0
500677,2025-10-25 06:29:59.459945994,10166,20002,1.0,Debit Card,Delivered,66297,5,62982.15
500678,2025-10-25 07:21:41.530153015,10413,20090,5.0,Credit Card,Returned,691,10,3109.5
500679,2025-10-25 08:13:23.600360036,10039,20063,2.0,UPI,Cancelled,7613,15,12942.1
500680,2025-10-25 09:05:05.670567056,10007,20055,4.0,UPI,Delivered,1081,0,4324.0
500681,2025-10-25 09:56:47.740774077,10033,20099,5.0,UPI,Returned,4248,5,20178.0
500682,2025-10-25 10:48:29.810981098,10554,20043,2.0,Debit Card,Delivered,21634,0,43268.0
500683,2025-10-25 11:40:11.881188118,10350,20038,1.0,UPI,Delivered,9637,0,9637.0
500684,2025-10-25 12:31:53.951395139,10484,20082,3.0,Debit Card,Delivered,7271,10,19631.7
500685,2025-10-25 13:23:36.021602160,10014,20055,2.0,Net Banking,Delivered,1081,5,2053.9
500686,2025-10-25 14:15:18.091809181,10014,20075,1.0,UPI,Returned,7740,20,6192.0
500687,2025-10-25 15:07:00.162016201,10510,20073,2.0,UPI,Delivered,5411,15,9198.7
500688,2025-10-25 15:58:42.232223222,10062,20088,1.0,UPI,Delivered,7259,20,5807.2
500689,2025-10-25 16:50:24.302430243,10094,20033,1.0,UPI,Delivered,16169,5,15360.55
500690,2025-10-25 17:42:06.372637263,10312,20008,5.0,Net Banking,Delivered,36276,0,181380.0
500691,2025-10-25 18:33:48.442844284,10364,20050,1.0,Debit Card,Delivered,1390,5,1320.5
500692,2025-10-25 19:25:30.513051305,10138,20068,2.0,Net Banking,Delivered,1337,20,2139.2
500693,2025-10-25 20:17:12.583258326,10267,20085,3.0,Cash on Delivery,Cancelled,11910,0,35730.0
500694,2025-10-25 21:08:54.653465346,10405,20028,1.0,UPI,Cancelled,8241,20,6592.8
500695,2025-10-25 22:00:36.723672367,10266,20078,2.0,Debit Card,Cancelled,7034,0,14068.0
500696,2025-10-25 22:52:18.793879388,10230,20087,5.0,Credit Card,Delivered,9356,10,42102.0
500697,2025-10-25 23:44:00.864086408,10044,20085,4.0,Credit Card,Delivered,11910,20,38112.0
500698,2025-10-26 00:35:42.934293429,10272,20085,1.0,UPI,Returned,11910,0,11910.0
500699,2025-10-26 01:27:25.004500450,10482,20103,2.0,UPI,Returned,2822,0,5644.0
500700,2025-10-26 02:19:07.074707470,10377,20069,1.0,Debit Card,Cancelled,3824,15,3250.4
500701,2025-10-26 03:10:49.144914491,10536,20039,2.0,Debit Card,Returned,5898,0,11796.0
500702,2025-10-26 04:02:31.215121512,10076,20046,1.0,UPI,Cancelled,18692,10,16822.8
500703,2025-10-26 04:54:13.285328533,10007,20078,5.0,UPI,Delivered,7034,0,35170.0
500704,2025-10-26 05:45:55.355535553,10329,20025,1.0,Credit Card,Delivered,5959,10,5363.1
500705,2025-10-26 06:37:37.425742574,10108,20063,4.0,Debit Card,Returned,7613,5,28929.4
500706,2025-10-26 07:29:19.495949595,10357,20060,1.0,Credit Card,Cancelled,4824,5,4582.8
500707,2025-10-26 08:21:01.566156615,10543,20070,5.0,UPI,Returned,4368,15,18564.0
500708,2025-10-26 09:12:43.636363636,10203,20044,1.0,UPI,Delivered,32508,5,30882.6
500709,2025-10-26 10:04:25.706570657,10330,20077,1.0,Debit Card,Delivered,4744,10,4269.6
500710,2025-10-26 10:56:07.776777677,10410,20008,1.0,Debit Card,Delivered,36276,0,36276.0
500711,2025-10-26 11:47:49.846984698,10091,20078,5.0,UPI,Returned,7034,15,29894.5
500712,2025-10-26 12:39:31.917191719,10539,20085,3.0,Credit Card,Delivered,11910,5,33943.5
500713,2025-10-26 13:31:13.987398740,10122,20093,4.0,Credit Card,Delivered,2351,0,9404.0
500714,2025-10-26 14:22:56.057605760,10485,20096,2.0,Debit Card,Delivered,3065,20,4904.0
500715,2025-10-26 15:14:38.127812781,10396,20037,4.0,UPI,Delivered,4164,0,16656.0
500716,2025-10-26 16:06:20.198019802,10085,20005,3.0,Debit Card,Delivered,55986,20,134366.4
500717,2025-10-26 16:58:02.268226822,10435,20068,3.0,Cash on Delivery,Delivered,1337,20,3208.8
500718,2025-10-26 17:49:44.338433843,10118,20010,4.0,UPI,Cancelled,24340,5,92492.0
500719,2025-10-26 18:41:26.408640864,10360,20030,5.0,UPI,Cancelled,6241,5,29644.75
500720,2025-10-26 19:33:08.478847884,10576,20074,2.0,UPI,Delivered,5850,0,11700.0
500721,2025-10-26 20:24:50.549054905,10572,20062,2.0,UPI,Returned,2317,15,3938.9
500722,2025-10-26 21:16:32.619261926,10523,20064,3.0,Cash on Delivery,Delivered,3045,0,9135.0
500723,2025-10-26 22:08:14.689468947,10297,20079,3.0,Cash on Delivery,Delivered,3686,10,9952.2
500724,2025-10-26 22:59:56.759675967,10336,20018,5.0,UPI,Delivered,3166,15,13455.5
500725,2025-10-26 23:51:38.829882988,10181,20083,3.0,Cash on Delivery,Delivered,9080,0,27240.0
500726,2025-10-27 00:43:20.900090009,10553,20061,5.0,UPI,Delivered,7110,0,35550.0
500727,2025-10-27 01:35:02.970297030,10287,20044,3.0,Credit Card,Delivered,32508,20,78019.2
500728,2025-10-27 02:26:45.040504050,10463,20049,5.0,Debit Card,Cancelled,578,20,2312.0
500729,2025-10-27 03:18:27.110711071,10216,20053,4.0,UPI,Returned,2733,0,10932.0
500730,2025-10-27 04:10:09.180918092,10445,20058,5.0,Credit Card,Delivered,3049,0,15245.0
500731,2025-10-27 05:01:51.251125112,10135,20035,1.0,Debit Card,Delivered,15331,10,13797.9
500732,2025-10-27 05:53:33.321332133,10441,20024,5.0,UPI,Returned,4109,10,18490.5
500733,2025-10-27 06:45:15.391539154,10028,20018,1.0,Cash on Delivery,Delivered,3166,0,3166.0
500734,2025-10-27 07:36:57.461746174,10063,20036,4.0,UPI,Delivered,17380,0,69520.0
500735,2025-10-27 08:28:39.531953195,10212,20028,2.0,UPI,Delivered,8241,10,14833.8
500736,2025-10-27 09:20:21.602160216,10290,20054,2.0,Cash on Delivery,Cancelled,1287,0,2574.0
500737,2025-10-27 10:12:03.672367237,10427,20095,3.0,Credit Card,Delivered,1791,5,5104.35
500738,2025-10-27 11:03:45.742574257,10216,20012,2.0,Credit Card,Delivered,15742,10,28335.6
500739,2025-10-27 11:55:27.812781278,10012,20033,3.0,UPI,Returned,16169,0,48507.0
500740,2025-10-27 12:47:09.882988299,10196,20006,1.0,UPI,Delivered,34232,10,30808.8
500741,2025-10-27 13:38:51.953195319,10264,20102,4.0,UPI,Returned,2774,20,8876.8
500742,2025-10-27 14:30:34.023402340,10327,20073,2.0,Credit Card,Delivered,5411,5,10280.9
500743,2025-10-27 15:22:16.093609361,10387,20026,4.0,Credit Card,Delivered,9415,0,37660.0
500744,2025-10-27 16:13:58.163816381,10149,20044,1.0,Credit Card,Delivered,32508,15,27631.8
500745,2025-10-27 17:05:40.234023402,10367,20076,2.0,Net Banking,Cancelled,6747,5,12819.3
500746,2025-10-27 17:57:22.304230423,10379,20100,2.0,Cash on Delivery,Delivered,2214,15,3763.8
500747,2025-10-27 18:49:04.374437444,10466,20060,1.0,UPI,Returned,4824,0,4824.0
500748,2025-10-27 19:40:46.444644464,10314,20029,2.0,Cash on Delivery,Delivered,11176,10,20116.8
500749,2025-10-27 20:32:28.514851485,10487,20073,3.0,Net Banking,Delivered,5411,10,14609.7
500750,2025-10-27 21:24:10.585058506,10133,20072,4.0,Cash on Delivery,Delivered,3499,0,13996.0
500751,2025-10-27 22:15:52.655265526,10428,20067,5.0,Debit Card,Delivered,2588,5,12293.0
500752,2025-10-27 23:07:34.725472547,10028,20005,2.0,UPI,Delivered,55986,5,106373.4
500753,2025-10-27 23:59:16.795679568,10062,20074,3.0,UPI,Cancelled,5850,5,16672.5
500754,2025-10-28 00:50:58.865886588,10519,20003,1.0,Cash on Delivery,Delivered,53620,10,48258.0
500755,2025-10-28 01:42:40.936093609,10286,20095,5.0,Credit Card,Delivered,1791,10,8059.5
500756,2025-10-28 02:34:23.006300630,10373,20092,4.0,Cash on Delivery,Delivered,803,20,2569.6
500757,2025-10-28 03:26:05.076507651,10363,20059,5.0,Debit Card,Cancelled,5868,15,24939.0
500758,2025-10-28 04:17:47.146714671,10417,20068,2.0,UPI,Delivered,1337,0,2674.0
500759,2025-10-28 05:09:29.216921692,10148,20008,1.0,Credit Card,Delivered,36276,20,29020.8
500760,2025-10-28 06:01:11.287128713,10107,20091,4.0,Cash on Delivery,Cancelled,412,5,1565.6
500761,2025-10-28 06:52:53.357335733,10026,20029,3.0,UPI,Cancelled,11176,20,26822.4
500762,2025-10-28 07:44:35.427542754,10519,20028,1.0,Debit Card,Delivered,8241,5,7828.95
500763,2025-10-28 08:36:17.497749775,10135,20074,2.0,Cash on Delivery,Delivered,5850,0,11700.0
500764,2025-10-28 09:27:59.567956795,10346,20098,3.0,UPI,Cancelled,1112,15,2835.6
500765,2025-10-28 10:19:41.638163816,10273,20052,2.0,UPI,Delivered,1561,15,2653.7
500766,2025-10-28 11:11:23.708370837,10098,20053,1.0,Credit Card,Delivered,2733,0,2733.0
500767,2025-10-28 12:03:05.778577858,10249,20058,1.0,Net Banking,Delivered,3049,0,3049.0
500768,2025-10-28 12:54:47.848784878,10050,20031,2.0,Credit Card,Delivered,16301,15,27711.7
500769,2025-10-28 13:46:29.918991899,10107,20063,1.0,UPI,Delivered,7613,0,7613.0
500770,2025-10-28 14:38:11.989198920,10084,20100,1.0,UPI,Delivered,2214,5,2103.3
500771,2025-10-28 15:29:54.059405940,10495,20040,1.0,UPI,Cancelled,9982,5,9482.9
500772,2025-10-28 16:21:36.129612961,10341,20081,2.0,UPI,Cancelled,14773,5,28068.7
500773,2025-10-28 17:13:18.199819982,10556,20081,3.0,UPI,Cancelled,14773,5,42103.05
500774,2025-10-28 18:05:00.270027003,10262,20089,2.0,Net Banking,Cancelled,507,20,811.2
500775,2025-10-28 18:56:42.340234023,10121,20076,1.0,UPI,Delivered,6747,5,6409.65
500776,2025-10-28 19:48:24.410441044,10366,20096,4.0,Net Banking,Delivered,3065,20,9808.0
500777,2025-10-28 20:40:06.480648065,10558,20075,2.0,Cash on Delivery,Delivered,7740,5,14706.0
500778,2025-10-28 21:31:48.550855085,10320,20102,2.0,Debit Card,Delivered,2774,5,5270.6
500779,2025-10-28 22:23:30.621062106,10011,20075,2.0,Debit Card,Delivered,7740,10,13932.0
500780,2025-10-28 23:15:12.691269127,10183,20088,2.0,UPI,Delivered,7259,0,14518.0
500781,2025-10-29 00:06:54.761476147,10555,20093,2.0,Credit Card,Delivered,2351,20,3761.6
500782,2025-10-29 00:58:36.831683168,10312,20103,4.0,UPI,Delivered,2822,20,9030.4
500783,2025-10-29 01:50:18.901890189,10572,20062,4.0,UPI,Returned,2317,0,9268.0
500784,2025-10-29 02:42:00.972097210,10306,20074,5.0,Credit Card,Cancelled,5850,0,29250.0
500785,2025-10-29 03:33:43.042304230,10008,20101,2.0,UPI,Delivered,2343,0,4686.0
500786,2025-10-29 04:25:25.112511251,10524,20040,1.0,UPI,Delivered,9982,0,9982.0
500787,2025-10-29 05:17:07.182718272,10458,20013,1.0,Debit Card,Cancelled,24693,0,24693.0
500788,2025-10-29 06:08:49.252925292,10430,20092,2.0,Credit Card,Delivered,803,15,1365.1
500789,2025-10-29 07:00:31.323132313,10583,20066,5.0,UPI,Delivered,1710,0,8550.0
500790,2025-10-29 07:52:13.393339334,10118,20045,1.0,UPI,Cancelled,19570,0,19570.0
500791,2025-10-29 08:43:55.463546354,10544,20075,4.0,UPI,Delivered,7740,20,24768.0
500792,2025-10-29 09:35:37.533753375,10140,20004,4.0,Credit Card,Delivered,68919,0,275676.0
500793,2025-10-29 10:27:19.603960396,10583,20050,3.0,Credit Card,Delivered,1390,0,4170.0
500794,2025-10-29 11:19:01.674167417,10115,20028,2.0,UPI,Cancelled,8241,0,16482.0
500795,2025-10-29 12:10:43.744374437,10331,20030,4.0,Debit Card,Cancelled,6241,0,24964.0
500796,2025-10-29 13:02:25.814581458,10474,20101,1.0,Cash on Delivery,Delivered,2343,5,2225.85
500797,2025-10-29 13:54:07.884788479,10047,20058,1.0,Credit Card,Delivered,3049,0,3049.0
500798,2025-10-29 14:45:49.954995499,10041,20015,1.0,Credit Card,Delivered,27789,0,27789.0
500799,2025-10-29 15:37:32.025202520,10510,20038,4.0,Debit Card,Returned,9637,0,38548.0
500800,2025-10-29 16:29:14.095409541,10037,20026,2.0,Net Banking,Delivered,9415,5,17888.5
500801,2025-10-29 17:20:56.165616561,10369,20095,1.0,Cash on Delivery,Cancelled,1791,5,1701.45
500802,2025-10-29 18:12:38.235823582,10563,20031,1.0,UPI,Delivered,16301,0,16301.0
500803,2025-10-29 19:04:20.306030603,10369,20038,2.0,UPI,Delivered,9637,20,15419.2
500804,2025-10-29 19:56:02.376237624,10289,20035,2.0,UPI,Delivered,15331,5,29128.9
500805,2025-10-29 20:47:44.446444644,10251,20019,1.0,Debit Card,Delivered,1265,10,1138.5
500806,2025-10-29 21:39:26.516651665,10383,20082,1.0,UPI,Delivered,7271,10,6543.9
500807,2025-10-29 22:31:08.586858686,10344,20060,4.0,Cash on Delivery,Delivered,4824,0,19296.0
500808,2025-10-29 23:22:50.657065706,10302,20046,4.0,UPI,Delivered,18692,0,74768.0
500809,2025-10-30 00:14:32.727272727,10093,20042,1.0,Debit Card,Delivered,51100,10,45990.0
500810,2025-10-30 01:06:14.797479748,10398,20070,2.0,UPI,Delivered,4368,20,6988.8
500811,2025-10-30 01:57:56.867686768,10444,20010,1.0,Credit Card,Delivered,24340,20,19472.0
500812,2025-10-30 02:49:38.937893789,10426,20097,2.0,Credit Card,Delivered,3648,15,6201.6
500813,2025-10-30 03:41:21.008100810,10046,20059,1.0,Debit Card,Delivered,5868,0,5868.0
500814,2025-10-30 04:33:03.078307831,10422,20024,5.0,Credit Card,Delivered,4109,5,19517.75
500815,2025-10-30 05:24:45.148514851,10438,20056,3.0,Credit Card,Delivered,1999,15,5097.45
500816,2025-10-30 06:16:27.218721872,10111,20089,5.0,Debit Card,Delivered,507,15,2154.75
500817,2025-10-30 07:08:09.288928893,10510,20019,1.0,Cash on Delivery,Delivered,1265,10,1138.5
500818,2025-10-30 07:59:51.359135913,10315,20055,4.0,Net Banking,Returned,1081,0,4324.0
500819,2025-10-30 08:51:33.429342934,10284,20063,2.0,Debit Card,Delivered,7613,15,12942.1
500820,2025-10-30 09:43:15.499549955,10434,20085,1.0,Credit Card,Delivered,11910,5,11314.5
500821,2025-10-30 10:34:57.569756976,10306,20060,1.0,Cash on Delivery,Delivered,4824,0,4824.0
500822,2025-10-30 11:26:39.639963996,10327,20077,4.0,Credit Card,Cancelled,4744,5,18027.2
500823,2025-10-30 12:18:21.710171017,10188,20081,4.0,Cash on Delivery,Cancelled,14773,15,50228.2
500824,2025-10-30 13:10:03.780378038,10557,20093,3.0,Net Banking,Delivered,2351,20,5642.4
500825,2025-10-30 14:01:45.850585058,10582,20038,1.0,UPI,Cancelled,9637,15,8191.45
500826,2025-10-30 14:53:27.920792079,10079,20074,3.0,UPI,Delivered,5850,0,17550.0
500827,2025-10-30 15:45:09.990999100,10440,20026,5.0,Debit Card,Returned,9415,10,42367.5
500828,2025-10-30 16:36:52.061206120,10015,20088,1.0,Debit Card,Delivered,7259,10,6533.1
500829,2025-10-30 17:28:34.131413141,10222,20099,1.0,Debit Card,Cancelled,4248,0,4248.0
500830,2025-10-30 18:20:16.201620162,10582,20031,1.0,Cash on Delivery,Delivered,16301,15,13855.85
500831,2025-10-30 19:11:58.271827183,10105,20059,1.0,Credit Card,Delivered,5868,0,5868.0
500832,2025-10-30 20:03:40.342034203,10227,20086,5.0,UPI,Cancelled,13579,15,57710.75
500833,2025-10-30 20:55:22.412241224,10132,20003,1.0,Credit Card,Cancelled,53620,15,45577.0
500834,2025-10-30 21:47:04.482448245,10437,20074,1.0,UPI,Delivered,5850,20,4680.0
500835,2025-10-30 22:38:46.552655265,10279,20086,1.0,Credit Card,Cancelled,13579,10,12221.1
500836,2025-10-30 23:30:28.622862286,10356,20091,5.0,Cash on Delivery,Delivered,412,0,2060.0
500837,2025-10-31 00:22:10.693069307,10566,20021,2.0,UPI,Delivered,11517,20,18427.2
500838,2025-10-31 01:13:52.763276327,10313,20079,4.0,Net Banking,Delivered,3686,0,14744.0
500839,2025-10-31 02:05:34.833483348,10441,20082,1.0,Net Banking,Delivered,7271,5,6907.45
500840,2025-10-31 02:57:16.903690369,10059,20001,3.0,UPI,Delivered,63388,20,152131.2
500841,2025-10-31 03:48:58.973897390,10130,20074,5.0,Net Banking,Delivered,5850,0,29250.0
500842,2025-10-31 04:40:41.044104410,10569,20066,3.0,Debit Card,Delivered,1710,10,4617.0
500843,2025-10-31 05:32:23.114311431,10516,20101,2.0,Credit Card,Delivered,2343,15,3983.1
500844,2025-10-31 06:24:05.184518452,10395,20005,1.0,UPI,Delivered,55986,5,53186.7
500845,2025-10-31 07:15:47.254725472,10227,20101,1.0,UPI,Delivered,2343,15,1991.55
500846,2025-10-31 08:07:29.324932493,10120,20060,2.0,Debit Card,Delivered,4824,10,8683.2
500847,2025-10-31 08:59:11.395139514,10512,20029,2.0,UPI,Delivered,11176,5,21234.4
500848,2025-10-31 09:50:53.465346534,10472,20041,1.0,UPI,Returned,36528,0,36528.0
500849,2025-10-31 10:42:35.535553555,10146,20080,1.0,Cash on Delivery,Delivered,8370,15,7114.5
500850,2025-10-31 11:34:17.605760576,10354,20104,2.0,Debit Card,Delivered,778,15,1322.6
500851,2025-10-31 12:25:59.675967597,10372,20033,1.0,Debit Card,Returned,16169,0,16169.0
500852,2025-10-31 13:17:41.746174617,10287,20103,2.0,Cash on Delivery,Delivered,2822,15,4797.4
500853,2025-10-31 14:09:23.816381638,10557,20066,1.0,UPI,Delivered,1710,0,1710.0
500854,2025-10-31 15:01:05.886588659,10075,20020,1.0,UPI,Delivered,1219,0,1219.0
500855,2025-10-31 15:52:47.956795679,10155,20063,1.0,Debit Card,Delivered,7613,0,7613.0
500856,2025-10-31 16:44:30.027002700,10058,20084,2.0,Credit Card,Cancelled,7386,5,14033.4
500857,2025-10-31 17:36:12.097209721,10416,20006,1.0,UPI,Cancelled,34232,0,34232.0
500858,2025-10-31 18:27:54.167416741,10387,20009,3.0,Net Banking,Delivered,18553,10,50093.1
500859,2025-10-31 19:19:36.237623762,10593,20001,5.0,UPI,Returned,63388,10,285246.0
500860,2025-10-31 20:11:18.307830783,10326,20060,5.0,Credit Card,Delivered,4824,0,24120.0
500861,2025-10-31 21:03:00.378037804,10091,20007,3.0,Credit Card,Delivered,22213,0,66639.0
500862,2025-10-31 21:54:42.448244824,10271,20097,4.0,Debit Card,Cancelled,3648,20,11673.6
500863,2025-10-31 22:46:24.518451845,10054,20014,5.0,UPI,Delivered,13717,20,54868.0
500864,2025-10-31 23:38:06.588658866,10403,20008,3.0,UPI,Returned,36276,0,108828.0
500865,2025-11-01 00:29:48.658865886,10405,20027,1.0,Cash on Delivery,Delivered,7598,0,7598.0
500866,2025-11-01 01:21:30.729072907,10515,20080,2.0,Cash on Delivery,Returned,8370,15,14229.0
500867,2025-11-01 02:13:12.799279928,10204,20095,4.0,Credit Card,Delivered,1791,10,6447.6
500868,2025-11-01 03:04:54.869486949,10187,20027,3.0,UPI,Delivered,7598,5,21654.3
500869,2025-11-01 03:56:36.939693969,10043,20054,1.0,Credit Card,Cancelled,1287,5,1222.65
500870,2025-11-01 04:48:19.009900990,10250,20081,1.0,UPI,Delivered,14773,15,12557.05
500871,2025-11-01 05:40:01.080108011,10286,20083,1.0,UPI,Delivered,9080,0,9080.0
500872,2025-11-01 06:31:43.150315031,10453,20016,2.0,UPI,Cancelled,24382,20,39011.2
500873,2025-11-01 07:23:25.220522052,10453,20088,4.0,UPI,Returned,7259,5,27584.2
500874,2025-11-01 08:15:07.290729073,10085,20091,2.0,UPI,Delivered,412,0,824.0
500875,2025-11-01 09:06:49.360936093,10172,20077,1.0,UPI,Delivered,4744,20,3795.2
500876,2025-11-01 09:58:31.431143114,10307,20055,5.0,Net Banking,Cancelled,1081,20,4324.0
500877,2025-11-01 10:50:13.501350135,10202,20041,2.0,Credit Card,Cancelled,36528,20,58444.8
500878,2025-11-01 11:41:55.571557156,10016,20093,2.0,Credit Card,Returned,2351,10,4231.8
500879,2025-11-01 12:33:37.641764176,10508,20090,4.0,UPI,Delivered,691,0,2764.0
500880,2025-11-01 13:25:19.711971197,10439,20054,2.0,Net Banking,Delivered,1287,5,2445.3
500881,2025-11-01 14:17:01.782178218,10313,20078,2.0,UPI,Returned,7034,5,13364.6
500882,2025-11-01 15:08:43.852385238,10191,20042,5.0,UPI,Delivered,51100,5,242725.0
500883,2025-11-01 16:00:25.922592259,10506,20078,2.0,Debit Card,Delivered,7034,0,14068.0
500884,2025-11-01 16:52:07.992799280,10022,20010,2.0,Debit Card,Delivered,24340,0,48680.0
500885,2025-11-01 17:43:50.063006300,10268,20094,1.0,Net Banking,Delivered,4584,5,4354.8
500886,2025-11-01 18:35:32.133213321,10481,20054,5.0,Credit Card,Delivered,1287,5,6113.25
500887,2025-11-01 19:27:14.203420342,10572,20063,1.0,UPI,Delivered,7613,0,7613.0
500888,2025-11-01 20:18:56.273627363,10151,20020,1.0,UPI,Delivered,1219,15,1036.15
500889,2025-11-01 21:10:38.343834383,10391,20055,5.0,Credit Card,Delivered,1081,20,4324.0
500890,2025-11-01 22:02:20.414041404,10114,20001,2.0,UPI,Returned,63388,5,120437.2
500891,2025-11-01 22:54:02.484248425,10070,20093,1.0,UPI,Delivered,2351,10,2115.9
500892,2025-11-01 23:45:44.554455445,10212,20078,2.0,UPI,Cancelled,7034,0,14068.0
500893,2025-11-02 00:37:26.624662466,10532,20048,1.0,Cash on Delivery,Delivered,23385,0,23385.0
500894,2025-11-02 01:29:08.694869487,10414,20087,2.0,UPI,Cancelled,9356,0,18712.0
500895,2025-11-02 02:20:50.765076507,10294,20085,1.0,UPI,Delivered,11910,20,9528.0
500896,2025-11-02 03:12:32.835283528,10170,20013,2.0,Cash on Delivery,Cancelled,24693,0,49386.0
500897,2025-11-02 04:04:14.905490549,10085,20006,5.0,Debit Card,Delivered,34232,10,154044.0
500898,2025-11-02 04:55:56.975697570,10163,20027,1.0,Credit Card,Cancelled,7598,10,6838.2
500899,2025-11-02 05:47:39.045904590,10092,20001,4.0,Debit Card,Cancelled,63388,0,253552.0
500900,2025-11-02 06:39:21.116111611,10113,20060,1.0,UPI,Delivered,4824,0,4824.0
500901,2025-11-02 07:31:03.186318632,10413,20055,2.0,Net Banking,Cancelled,1081,15,1837.7
500902,2025-11-02 08:22:45.256525652,10080,20056,3.0,UPI,Returned,1999,15,5097.45
500903,2025-11-02 09:14:27.326732673,10029,20008,5.0,Cash on Delivery,Delivered,36276,5,172311.0
500904,2025-11-02 10:06:09.396939694,10326,20096,1.0,UPI,Delivered,3065,0,3065.0
500905,2025-11-02 10:57:51.467146714,10172,20102,1.0,Debit Card,Delivered,2774,0,2774.0
500906,2025-11-02 11:49:33.537353735,10273,20062,4.0,Credit Card,Delivered,2317,15,7877.8
500907,2025-11-02 12:41:15.607560756,10084,20001,5.0,UPI,Delivered,63388,0,316940.0
500908,2025-11-02 13:32:57.677767777,10126,20042,2.0,UPI,Delivered,51100,0,102200.0
500909,2025-11-02 14:24:39.747974797,10265,20075,1.0,Net Banking,Cancelled,7740,0,7740.0
500910,2025-11-02 15:16:21.818181818,10415,20078,2.0,UPI,Delivered,7034,0,14068.0
500911,2025-11-02 16:08:03.888388839,10249,20026,2.0,Cash on Delivery,Cancelled,9415,0,18830.0
500912,2025-11-02 16:59:45.958595859,10326,20086,2.0,UPI,Returned,13579,5,25800.1
500913,2025-11-02 17:51:28.028802880,10314,20101,1.0,Debit Card,Delivered,2343,15,1991.55
500914,2025-11-02 18:43:10.099009901,10162,20053,1.0,Debit Card,Returned,2733,10,2459.7
500915,2025-11-02 19:34:52.169216922,10168,20040,5.0,Credit Card,Returned,9982,0,49910.0
500916,2025-11-02 20:26:34.239423942,10256,20055,1.0,Debit Card,Delivered,1081,0,1081.0
500917,2025-11-02 21:18:16.309630963,10020,20003,5.0,Debit Card,Cancelled,53620,5,254695.0
500918,2025-11-02 22:09:58.379837984,10412,20055,2.0,Debit Card,Returned,1081,0,2162.0
500919,2025-11-02 23:01:40.450045004,10369,20003,2.0,Credit Card,Returned,53620,20,85792.0
500920,2025-11-02 23:53:22.520252025,10184,20004,5.0,Debit Card,Delivered,68919,20,275676.0
500921,2025-11-03 00:45:04.590459046,10225,20058,1.0,Credit Card,Delivered,3049,20,2439.2
500922,2025-11-03 01:36:46.660666066,10198,20054,5.0,UPI,Delivered,1287,0,6435.0
500923,2025-11-03 02:28:28.730873087,10391,20103,1.0,UPI,Delivered,2822,15,2398.7
500924,2025-11-03 03:20:10.801080108,10456,20053,1.0,Debit Card,Delivered,2733,15,2323.05
500925,2025-11-03 04:11:52.871287129,10066,20102,2.0,Cash on Delivery,Returned,2774,15,4715.8
500926,2025-11-03 05:03:34.941494149,10248,20084,2.0,UPI,Delivered,7386,0,14772.0
500927,2025-11-03 05:55:17.011701170,10009,20036,1.0,Credit Card,Returned,17380,20,13904.0
500928,2025-11-03 06:46:59.081908191,10272,20097,4.0,UPI,Delivered,3648,20,11673.6
500929,2025-11-03 07:38:41.152115211,10149,20051,1.0,Credit Card,Cancelled,1170,15,994.5
500930,2025-11-03 08:30:23.222322232,10202,20062,3.0,Debit Card,Delivered,2317,10,6255.9
500931,2025-11-03 09:22:05.292529253,10274,20011,3.0,Debit Card,Returned,32685,5,93152.25
500932,2025-11-03 10:13:47.362736273,10195,20023,2.0,Debit Card,Delivered,2698,0,5396.0
500933,2025-11-03 11:05:29.432943294,10237,20055,2.0,Debit Card,Returned,1081,0,2162.0
500934,2025-11-03 11:57:11.503150315,10459,20029,3.0,UPI,Delivered,11176,20,26822.4
500935,2025-11-03 12:48:53.573357336,10487,20063,5.0,Credit Card,Cancelled,7613,0,38065.0
500936,2025-11-03 13:40:35.643564356,10004,20009,1.0,UPI,Delivered,18553,0,18553.0
500937,2025-11-03 14:32:17.713771377,10227,20027,2.0,Cash on Delivery,Delivered,7598,5,14436.2
500938,2025-11-03 15:23:59.783978398,10509,20070,2.0,Net Banking,Delivered,4368,10,7862.4
500939,2025-11-03 16:15:41.854185418,10319,20064,1.0,UPI,Delivered,3045,0,3045.0
500940,2025-11-03 17:07:23.924392439,10124,20103,5.0,UPI,Delivered,2822,0,14110.0
500941,2025-11-03 17:59:05.994599460,10357,20094,2.0,Credit Card,Delivered,4584,0,9168.0
500942,2025-11-03 18:50:48.064806480,10087,20085,2.0,Cash on Delivery,Cancelled,11910,0,23820.0
500943,2025-11-03 19:42:30.135013501,10014,20001,1.0,UPI,Cancelled,63388,0,63388.0
500944,2025-11-03 20:34:12.205220522,10380,20063,2.0,Credit Card,Delivered,7613,0,15226.0
500945,2025-11-03 21:25:54.275427543,10310,20024,3.0,UPI,Delivered,4109,5,11710.65
500946,2025-11-03 22:17:36.345634563,10454,20028,2.0,Debit Card,Delivered,8241,5,15657.9
500947,2025-11-03 23:09:18.415841584,10207,20022,4.0,Debit Card,Delivered,9827,0,39308.0
500948,2025-11-04 00:01:00.486048605,10513,20048,1.0,UPI,Delivered,23385,20,18708.0
500949,2025-11-04 00:52:42.556255625,10253,20013,1.0,Net Banking,Returned,24693,0,24693.0
500950,2025-11-04 01:44:24.626462646,10443,20056,1.0,UPI,Delivered,1999,15,1699.15
500951,2025-11-04 02:36:06.696669667,10061,20018,1.0,Net Banking,Delivered,3166,10,2849.4
500952,2025-11-04 03:27:48.766876687,10059,20053,4.0,UPI,Delivered,2733,10,9838.8
500953,2025-11-04 04:19:30.837083708,10470,20066,4.0,Credit Card,Delivered,1710,0,6840.0
500954,2025-11-04 05:11:12.907290729,10501,20019,2.0,UPI,Delivered,1265,20,2024.0
500955,2025-11-04 06:02:54.977497750,10566,20011,2.0,Debit Card,Cancelled,32685,5,62101.5
500956,2025-11-04 06:54:37.047704770,10195,20084,1.0,UPI,Delivered,7386,5,7016.7
500957,2025-11-04 07:46:19.117911791,10014,20077,2.0,Credit Card,Delivered,4744,0,9488.0
500958,2025-11-04 08:38:01.188118812,10588,20028,3.0,UPI,Returned,8241,5,23486.85
500959,2025-11-04 09:29:43.258325832,10361,20093,3.0,UPI,Delivered,2351,10,6347.7
500960,2025-11-04 10:21:25.328532853,10149,20024,5.0,Net Banking,Returned,4109,20,16436.0
500961,2025-11-04 11:13:07.398739874,10459,20097,2.0,Credit Card,Delivered,3648,15,6201.6
500962,2025-11-04 12:04:49.468946895,10543,20012,1.0,Credit Card,Delivered,15742,0,15742.0
500963,2025-11-04 12:56:31.539153915,10171,20069,1.0,Debit Card,Returned,3824,0,3824.0
500964,2025-11-04 13:48:13.609360936,10462,20002,3.0,Credit Card,Delivered,66297,20,159112.8
500965,2025-11-04 14:39:55.679567957,10473,20021,4.0,Net Banking,Delivered,11517,15,39157.8
500966,2025-11-04 15:31:37.749774977,10302,20043,2.0,Credit Card,Delivered,21634,0,43268.0
500967,2025-11-04 16:23:19.819981998,10380,20009,5.0,Cash on Delivery,Delivered,18553,15,78850.25
500968,2025-11-04 17:15:01.890189019,10162,20048,1.0,Net Banking,Returned,23385,15,19877.25
500969,2025-11-04 18:06:43.960396039,10558,20025,1.0,Credit Card,Delivered,5959,20,4767.2
500970,2025-11-04 18:58:26.030603060,10590,20011,3.0,UPI,Delivered,32685,0,98055.0
500971,2025-11-04 19:50:08.100810081,10589,20101,1.0,Debit Card,Cancelled,2343,15,1991.55
500972,2025-11-04 20:41:50.171017102,10443,20103,1.0,Debit Card,Cancelled,2822,0,2822.0
500973,2025-11-04 21:33:32.241224122,10026,20101,3.0,UPI,Delivered,2343,5,6677.55
500974,2025-11-04 22:25:14.311431143,10220,20017,2.0,UPI,Returned,1945,0,3890.0
500975,2025-11-04 23:16:56.381638164,10267,20040,2.0,UPI,Delivered,9982,0,19964.0
500976,2025-11-05 00:08:38.451845184,10576,20035,3.0,Debit Card,Delivered,15331,10,41393.7
500977,2025-11-05 01:00:20.522052205,10329,20034,2.0,Debit Card,Cancelled,6711,0,13422.0
500978,2025-11-05 01:52:02.592259226,10322,20044,2.0,UPI,Delivered,32508,5,61765.2
500979,2025-11-05 02:43:44.662466246,10089,20054,2.0,Credit Card,Returned,1287,0,2574.0
500980,2025-11-05 03:35:26.732673267,10477,20051,2.0,Debit Card,Cancelled,1170,20,1872.0
500981,2025-11-05 04:27:08.802880288,10202,20031,3.0,Cash on Delivery,Delivered,16301,5,46457.85
500982,2025-11-05 05:18:50.873087309,10056,20102,2.0,UPI,Delivered,2774,0,5548.0
500983,2025-11-05 06:10:32.943294329,10593,20102,2.0,UPI,Delivered,2774,20,4438.4
500984,2025-11-05 07:02:15.013501350,10115,20035,2.0,UPI,Delivered,15331,10,27595.8
500985,2025-11-05 07:53:57.083708371,10010,20024,1.0,Debit Card,Cancelled,4109,0,4109.0
500986,2025-11-05 08:45:39.153915391,10047,20056,1.0,UPI,Delivered,1999,0,1999.0
500987,2025-11-05 09:37:21.224122412,10272,20039,1.0,UPI,Delivered,5898,5,5603.1
500988,2025-11-05 10:29:03.294329433,10062,20103,1.0,Net Banking,Delivered,2822,15,2398.7
500989,2025-11-05 11:20:45.364536453,10506,20045,2.0,Credit Card,Cancelled,19570,20,31312.0
500990,2025-11-05 12:12:27.434743474,10308,20005,5.0,UPI,Returned,55986,15,237940.5
500991,2025-11-05 13:04:09.504950495,10195,20014,5.0,Credit Card,Delivered,13717,0,68585.0
500992,2025-11-05 13:55:51.575157516,10002,20008,4.0,UPI,Delivered,36276,5,137848.8
500993,2025-11-05 14:47:33.645364536,10288,20040,2.0,UPI,Delivered,9982,0,19964.0
500994,2025-11-05 15:39:15.715571557,10091,20033,1.0,Credit Card,Delivered,16169,0,16169.0
500995,2025-11-05 16:30:57.785778578,10587,20090,1.0,UPI,Delivered,691,0,691.0
500996,2025-11-05 17:22:39.855985598,10175,20093,4.0,UPI,Cancelled,2351,0,9404.0
500997,2025-11-05 18:14:21.926192619,10285,20015,5.0,Cash on Delivery,Delivered,27789,0,138945.0
500998,2025-11-05 19:06:03.996399640,10012,20099,5.0,Cash on Delivery,Delivered,4248,0,21240.0
500999,2025-11-05 19:57:46.066606660,10079,20061,2.0,UPI,Cancelled,7110,5,13509.0
501000,2025-11-05 20:49:28.136813681,10125,20032,2.0,Debit Card,Delivered,14051,20,22481.6
501001,2025-11-05 21:41:10.207020702,10032,20043,2.0,UPI,Cancelled,21634,0,43268.0
501002,2025-11-05 22:32:52.277227723,10436,20046,1.0,Net Banking,Delivered,18692,0,18692.0
501003,2025-11-05 23:24:34.347434743,10568,20018,1.0,Net Banking,Cancelled,3166,10,2849.4
501004,2025-11-06 00:16:16.417641764,10592,20091,1.0,Debit Card,Delivered,412,0,412.0
501005,2025-11-06 01:07:58.487848785,10160,20002,3.0,Debit Card,Cancelled,66297,0,198891.0
501006,2025-11-06 01:59:40.558055805,10474,20008,1.0,UPI,Returned,36276,10,32648.4
501007,2025-11-06 02:51:22.628262826,10303,20029,3.0,UPI,Delivered,11176,10,30175.2
501008,2025-11-06 03:43:04.698469847,10028,20015,2.0,Credit Card,Delivered,27789,0,55578.0
501009,2025-11-06 04:34:46.768676868,10055,20007,4.0,UPI,Returned,22213,0,88852.0
501010,2025-11-06 05:26:28.838883888,10329,20040,1.0,Debit Card,Cancelled,9982,5,9482.9
501011,2025-11-06 06:18:10.909090909,10255,20040,1.0,Credit Card,Returned,9982,5,9482.9
501012,2025-11-06 07:09:52.979297930,10006,20014,1.0,UPI,Delivered,13717,20,10973.6
501013,2025-11-06 08:01:35.049504950,10559,20085,2.0,Credit Card,Delivered,11910,0,23820.0
501014,2025-11-06 08:53:17.119711971,10439,20092,2.0,Net Banking,Delivered,803,0,1606.0
501015,2025-11-06 09:44:59.189918992,10302,20075,1.0,Credit Card,Cancelled,7740,15,6579.0
501016,2025-11-06 10:36:41.260126012,10593,20055,3.0,Credit Card,Returned,1081,20,2594.4
501017,2025-11-06 11:28:23.330333033,10583,20099,5.0,Net Banking,Cancelled,4248,10,19116.0
501018,2025-11-06 12:20:05.400540054,10585,20037,1.0,UPI,Delivered,4164,0,4164.0
501019,2025-11-06 13:11:47.470747075,10156,20045,1.0,Debit Card,Delivered,19570,0,19570.0
501020,2025-11-06 14:03:29.540954095,10529,20002,5.0,Credit Card,Delivered,66297,15,281762.25
501021,2025-11-06 14:55:11.611161116,10303,20074,3.0,UPI,Delivered,5850,10,15795.0
501022,2025-11-06 15:46:53.681368137,10436,20010,5.0,Cash on Delivery,Delivered,24340,0,121700.0
501023,2025-11-06 16:38:35.751575157,10516,20070,3.0,Credit Card,Delivered,4368,5,12448.8
501024,2025-11-06 17:30:17.821782178,10098,20082,3.0,UPI,Delivered,7271,0,21813.0
501025,2025-11-06 18:21:59.891989199,10269,20023,1.0,UPI,Returned,2698,15,2293.3
501026,2025-11-06 19:13:41.962196219,10078,20064,2.0,Cash on Delivery,Returned,3045,0,6090.0
501027,2025-11-06 20:05:24.032403240,10168,20032,1.0,Net Banking,Cancelled,14051,20,11240.8
501028,2025-11-06 20:57:06.102610261,10249,20042,4.0,UPI,Returned,51100,0,204400.0
501029,2025-11-06 21:48:48.172817282,10514,20056,1.0,Credit Card,Cancelled,1999,0,1999.0
501030,2025-11-06 22:40:30.243024302,10518,20026,1.0,UPI,Delivered,9415,0,9415.0
501031,2025-11-06 23:32:12.313231323,10234,20083,2.0,Debit Card,Returned,9080,5,17252.0
501032,2025-11-07 00:23:54.383438344,10198,20042,5.0,Credit Card,Returned,51100,0,255500.0
501033,2025-11-07 01:15:36.453645364,10319,20049,5.0,UPI,Delivered,578,0,2890.0
501034,2025-11-07 02:07:18.523852385,10548,20085,2.0,Credit Card,Delivered,11910,15,20247.0
501035,2025-11-07 02:59:00.594059406,10586,20024,2.0,Cash on Delivery,Returned,4109,15,6985.3
501036,2025-11-07 03:50:42.664266426,10137,20048,1.0,UPI,Delivered,23385,0,23385.0
501037,2025-11-07 04:42:24.734473447,10112,20104,5.0,UPI,Delivered,778,0,3890.0
501038,2025-11-07 05:34:06.804680468,10425,20042,1.0,Cash on Delivery,Delivered,51100,0,51100.0
501039,2025-11-07 06:25:48.874887489,10181,20013,1.0,UPI,Cancelled,24693,5,23458.35
501040,2025-11-07 07:17:30.945094509,10120,20030,2.0,Credit Card,Returned,6241,5,11857.9
501041,2025-11-07 08:09:13.015301530,10019,20100,2.0,Credit Card,Delivered,2214,15,3763.8
501042,2025-11-07 09:00:55.085508551,10242,20079,2.0,UPI,Delivered,3686,5,7003.4
501043,2025-11-07 09:52:37.155715571,10236,20085,5.0,UPI,Delivered,11910,0,59550.0
501044,2025-11-07 10:44:19.225922592,10338,20027,1.0,UPI,Cancelled,7598,10,6838.2
501045,2025-11-07 11:36:01.296129613,10121,20088,5.0,UPI,Delivered,7259,15,30850.75
501046,2025-11-07 12:27:43.366336633,10429,20041,1.0,Credit Card,Delivered,36528,15,31048.8
501047,2025-11-07 13:19:25.436543654,10409,20083,1.0,Net Banking,Delivered,9080,0,9080.0
501048,2025-11-07 14:11:07.506750675,10278,20092,1.0,UPI,Cancelled,803,0,803.0
501049,2025-11-07 15:02:49.576957696,10109,20022,3.0,Debit Card,Delivered,9827,20,23584.8
501050,2025-11-07 15:54:31.647164716,10305,20098,4.0,Credit Card,Delivered,1112,15,3780.8
501051,2025-11-07 16:46:13.717371737,10405,20066,5.0,UPI,Delivered,1710,15,7267.5
501052,2025-11-07 17:37:55.787578758,10224,20077,1.0,Credit Card,Delivered,4744,0,4744.0
501053,2025-11-07 18:29:37.857785778,10159,20079,4.0,UPI,Delivered,3686,0,14744.0
501054,2025-11-07 19:21:19.927992799,10304,20018,1.0,Debit Card,Cancelled,3166,15,2691.1
501055,2025-11-07 20:13:01.998199820,10214,20078,3.0,UPI,Returned,7034,0,21102.0
501056,2025-11-07 21:04:44.068406841,10241,20023,3.0,Debit Card,Cancelled,2698,15,6879.9
501057,2025-11-07 21:56:26.138613861,10210,20029,1.0,Cash on Delivery,Delivered,11176,5,10617.2
501058,2025-11-07 22:48:08.208820882,10183,20013,1.0,UPI,Cancelled,24693,15,20989.05
501059,2025-11-07 23:39:50.279027903,10431,20019,1.0,Cash on Delivery,Delivered,1265,10,1138.5
501060,2025-11-08 00:31:32.349234923,10277,20102,3.0,UPI,Delivered,2774,0,8322.0
501061,2025-11-08 01:23:14.419441944,10280,20035,2.0,UPI,Delivered,15331,0,30662.0
501062,2025-11-08 02:14:56.489648965,10392,20041,1.0,UPI,Delivered,36528,0,36528.0
501063,2025-11-08 03:06:38.559855985,10217,20050,2.0,Net Banking,Cancelled,1390,20,2224.0
501064,2025-11-08 03:58:20.630063006,10061,20075,4.0,Debit Card,Cancelled,7740,20,24768.0
501065,2025-11-08 04:50:02.700270027,10512,20060,1.0,Cash on Delivery,Delivered,4824,15,4100.4
501066,2025-11-08 05:41:44.770477048,10034,20056,2.0,Debit Card,Delivered,1999,0,3998.0
501067,2025-11-08 06:33:26.840684068,10344,20088,1.0,Credit Card,Returned,7259,20,5807.2
501068,2025-11-08 07:25:08.910891089,10160,20052,1.0,Cash on Delivery,Delivered,1561,15,1326.85
501069,2025-11-08 08:16:50.981098110,10129,20080,2.0,Cash on Delivery,Delivered,8370,0,16740.0
501070,2025-11-08 09:08:33.051305130,10026,20095,1.0,Net Banking,Delivered,1791,10,1611.9
501071,2025-11-08 10:00:15.121512151,10541,20071,2.0,Credit Card,Delivered,4484,5,8519.6
501072,2025-11-08 10:51:57.191719172,10258,20004,1.0,Net Banking,Delivered,68919,5,65473.05
501073,2025-11-08 11:43:39.261926192,10206,20028,2.0,UPI,Returned,8241,0,16482.0
501074,2025-11-08 12:35:21.332133213,10445,20065,2.0,Cash on Delivery,Cancelled,1731,10,3115.8
501075,2025-11-08 13:27:03.402340234,10024,20050,2.0,Cash on Delivery,Delivered,1390,0,2780.0
501076,2025-11-08 14:18:45.472547255,10339,20030,3.0,Debit Card,Cancelled,6241,20,14978.4
501077,2025-11-08 15:10:27.542754275,10297,20035,1.0,UPI,Delivered,15331,0,15331.0
501078,2025-11-08 16:02:09.612961296,10333,20009,1.0,UPI,Delivered,18553,0,18553.0
501079,2025-11-08 16:53:51.683168317,10075,20025,4.0,Cash on Delivery,Returned,5959,0,23836.0
501080,2025-11-08 17:45:33.753375337,10572,20082,2.0,Net Banking,Delivered,7271,0,14542.0
501081,2025-11-08 18:37:15.823582358,10144,20002,2.0,Debit Card,Delivered,66297,10,119334.6
501082,2025-11-08 19:28:57.893789379,10408,20088,3.0,Cash on Delivery,Cancelled,7259,20,17421.6
501083,2025-11-08 20:20:39.963996399,10449,20036,1.0,Credit Card,Delivered,17380,0,17380.0
501084,2025-11-08 21:12:22.034203420,10207,20085,5.0,Cash on Delivery,Delivered,11910,0,59550.0
501085,2025-11-08 22:04:04.104410441,10079,20027,2.0,UPI,Delivered,7598,0,15196.0
501086,2025-11-08 22:55:46.174617462,10179,20087,5.0,UPI,Delivered,9356,15,39763.0
501087,2025-11-08 23:47:28.244824482,10485,20060,2.0,Credit Card,Cancelled,4824,5,9165.6
501088,2025-11-09 00:39:10.315031503,10544,20089,2.0,UPI,Delivered,507,0,1014.0
501089,2025-11-09 01:30:52.385238524,10563,20007,2.0,Credit Card,Returned,22213,10,39983.4
501090,2025-11-09 02:22:34.455445544,10136,20083,1.0,Net Banking,Delivered,9080,0,9080.0
501091,2025-11-09 03:14:16.525652565,10364,20029,2.0,UPI,Delivered,11176,15,18999.2
501092,2025-11-09 04:05:58.595859586,10091,20038,5.0,Debit Card,Delivered,9637,0,48185.0
501093,2025-11-09 04:57:40.666066606,10427,20005,3.0,UPI,Delivered,55986,10,151162.2
501094,2025-11-09 05:49:22.736273627,10250,20100,1.0,Net Banking,Delivered,2214,0,2214.0
501095,2025-11-09 06:41:04.806480648,10429,20067,3.0,UPI,Delivered,2588,0,7764.0
501096,2025-11-09 07:32:46.876687669,10412,20103,1.0,Debit Card,Delivered,2822,10,2539.8
501097,2025-11-09 08:24:28.946894689,10596,20060,1.0,Credit Card,Delivered,4824,10,4341.6
501098,2025-11-09 09:16:11.017101710,10294,20017,1.0,Credit Card,Delivered,1945,5,1847.75
501099,2025-11-09 10:07:53.087308731,10205,20036,1.0,UPI,Returned,17380,10,15642.0
501100,2025-11-09 10:59:35.157515751,10317,20046,1.0,UPI,Returned,18692,15,15888.2
501101,2025-11-09 11:51:17.227722772,10098,20016,1.0,UPI,Delivered,24382,0,24382.0
501102,2025-11-09 12:42:59.297929793,10068,20097,4.0,UPI,Delivered,3648,20,11673.6
501103,2025-11-09 13:34:41.368136814,10312,20100,2.0,UPI,Returned,2214,0,4428.0
501104,2025-11-09 14:26:23.438343834,10496,20059,1.0,Debit Card,Delivered,5868,20,4694.4
501105,2025-11-09 15:18:05.508550855,10320,20061,2.0,UPI,Cancelled,7110,20,11376.0
501106,2025-11-09 16:09:47.578757876,10470,20074,3.0,UPI,Delivered,5850,0,17550.0
501107,2025-11-09 17:01:29.648964896,10107,20071,3.0,UPI,Delivered,4484,0,13452.0
501108,2025-11-09 17:53:11.719171917,10270,20007,1.0,Credit Card,Delivered,22213,0,22213.0
501109,2025-11-09 18:44:53.789378938,10368,20056,1.0,Credit Card,Cancelled,1999,0,1999.0
501110,2025-11-09 19:36:35.859585958,10209,20081,5.0,Debit Card,Cancelled,14773,10,66478.5
501111,2025-11-09 20:28:17.929792979,10009,20084,3.0,Credit Card,Cancelled,7386,0,22158.0
501112,2025-11-09 21:20:00.000000000,10045,20062,5.0,Credit Card,Delivered,2317,0,11585.0
501113,2025-11-09 22:11:42.070207021,10557,20094,1.0,Credit Card,Delivered,4584,20,3667.2
501114,2025-11-09 23:03:24.140414041,10364,20061,1.0,UPI,Delivered,7110,20,5688.0
501115,2025-11-09 23:55:06.210621062,10159,20040,2.0,Debit Card,Delivered,9982,5,18965.8
501116,2025-11-10 00:46:48.280828083,10156,20047,1.0,UPI,Delivered,20791,15,17672.35
501117,2025-11-10 01:38:30.351035103,10024,20072,3.0,Net Banking,Cancelled,3499,20,8397.6
501118,2025-11-10 02:30:12.421242124,10567,20093,3.0,Credit Card,Cancelled,2351,20,5642.4
501119,2025-11-10 03:21:54.491449145,10065,20024,1.0,Debit Card,Cancelled,4109,15,3492.65
501120,2025-11-10 04:13:36.561656165,10456,20031,2.0,Credit Card,Returned,16301,0,32602.0
501121,2025-11-10 05:05:18.631863186,10145,20068,1.0,Cash on Delivery,Cancelled,1337,15,1136.45
501122,2025-11-10 05:57:00.702070207,10202,20080,2.0,Credit Card,Delivered,8370,20,13392.0
501123,2025-11-10 06:48:42.772277228,10165,20042,2.0,Credit Card,Delivered,51100,0,102200.0
501124,2025-11-10 07:40:24.842484248,10495,20067,2.0,Cash on Delivery,Delivered,2588,0,5176.0
501125,2025-11-10 08:32:06.912691269,10020,20001,3.0,Debit Card,Cancelled,63388,0,190164.0
501126,2025-11-10 09:23:48.982898290,10212,20031,1.0,Credit Card,Returned,16301,15,13855.85
501127,2025-11-10 10:15:31.053105310,10168,20100,1.0,UPI,Cancelled,2214,15,1881.9
501128,2025-11-10 11:07:13.123312331,10164,20060,3.0,UPI,Delivered,4824,10,13024.8
501129,2025-11-10 11:58:55.193519352,10116,20091,5.0,Net Banking,Delivered,412,20,1648.0
501130,2025-11-10 12:50:37.263726372,10548,20023,2.0,UPI,Delivered,2698,0,5396.0
501131,2025-11-10 13:42:19.333933393,10228,20031,5.0,UPI,Delivered,16301,20,65204.0
501132,2025-11-10 14:34:01.404140414,10251,20102,1.0,UPI,Delivered,2774,20,2219.2
501133,2025-11-10 15:25:43.474347435,10232,20104,4.0,Cash on Delivery,Delivered,778,20,2489.6
501134,2025-11-10 16:17:25.544554455,10589,20092,5.0,Credit Card,Delivered,803,0,4015.0
501135,2025-11-10 17:09:07.614761476,10204,20033,1.0,Credit Card,Cancelled,16169,10,14552.1
501136,2025-11-10 18:00:49.684968497,10206,20084,1.0,Cash on Delivery,Returned,7386,0,7386.0
501137,2025-11-10 18:52:31.755175517,10197,20048,3.0,UPI,Delivered,23385,5,66647.25
501138,2025-11-10 19:44:13.825382538,10197,20088,4.0,Net Banking,Delivered,7259,20,23228.8
501139,2025-11-10 20:35:55.895589559,10054,20089,1.0,Debit Card,Returned,507,5,481.65
501140,2025-11-10 21:27:37.965796579,10363,20046,3.0,Credit Card,Delivered,18692,15,47664.6
501141,2025-11-10 22:19:20.036003600,10016,20032,4.0,Debit Card,Delivered,14051,5,53393.8
501142,2025-11-10 23:11:02.106210621,10136,20102,1.0,Cash on Delivery,Returned,2774,0,2774.0
501143,2025-11-11 00:02:44.176417642,10122,20047,2.0,UPI,Returned,20791,0,41582.0
501144,2025-11-11 00:54:26.246624662,10175,20045,1.0,UPI,Delivered,19570,10,17613.0
501145,2025-11-11 01:46:08.316831683,10454,20070,1.0,Net Banking,Delivered,4368,0,4368.0
501146,2025-11-11 02:37:50.387038704,10360,20098,2.0,Credit Card,Cancelled,1112,0,2224.0
501147,2025-11-11 03:29:32.457245724,10595,20014,1.0,Credit Card,Cancelled,13717,0,13717.0
501148,2025-11-11 04:21:14.527452745,10211,20103,1.0,UPI,Delivered,2822,15,2398.7
501149,2025-11-11 05:12:56.597659766,10558,20044,4.0,Net Banking,Delivered,32508,0,130032.0
501150,2025-11-11 06:04:38.667866787,10027,20003,1.0,Debit Card,Delivered,53620,5,50939.0
501151,2025-11-11 06:56:20.738073807,10303,20033,4.0,Cash on Delivery,Delivered,16169,0,64676.0
501152,2025-11-11 07:48:02.808280828,10480,20049,1.0,Credit Card,Delivered,578,20,462.4
501153,2025-11-11 08:39:44.878487849,10320,20071,2.0,Cash on Delivery,Returned,4484,10,8071.2
501154,2025-11-11 09:31:26.948694869,10560,20059,3.0,Credit Card,Delivered,5868,0,17604.0
501155,2025-11-11 10:23:09.018901890,10189,20015,2.0,Debit Card,Delivered,27789,10,50020.2
501156,2025-11-11 11:14:51.089108911,10020,20051,2.0,Debit Card,Delivered,1170,0,2340.0
501157,2025-11-11 12:06:33.159315931,10465,20025,4.0,Credit Card,Delivered,5959,5,22644.2
501158,2025-11-11 12:58:15.229522952,10041,20029,1.0,Credit Card,Delivered,11176,0,11176.0
501159,2025-11-11 13:49:57.299729973,10459,20074,4.0,UPI,Delivered,5850,15,19890.0
501160,2025-11-11 14:41:39.369936994,10441,20084,3.0,UPI,Delivered,7386,5,21050.1
501161,2025-11-11 15:33:21.440144014,10507,20017,4.0,Debit Card,Delivered,1945,0,7780.0
501162,2025-11-11 16:25:03.510351035,10288,20063,2.0,UPI,Returned,7613,20,12180.8
501163,2025-11-11 17:16:45.580558056,10538,20044,2.0,Debit Card,Cancelled,32508,5,61765.2
501164,2025-11-11 18:08:27.650765076,10102,20036,2.0,UPI,Delivered,17380,0,34760.0
501165,2025-11-11 19:00:09.720972097,10261,20075,3.0,UPI,Delivered,7740,5,22059.0
501166,2025-11-11 19:51:51.791179118,10074,20026,5.0,Debit Card,Cancelled,9415,15,40013.75
501167,2025-11-11 20:43:33.861386138,10461,20080,4.0,UPI,Cancelled,8370,0,33480.0
501168,2025-11-11 21:35:15.931593159,10429,20042,1.0,Cash on Delivery,Returned,51100,0,51100.0
501169,2025-11-11 22:26:58.001800180,10484,20010,1.0,Cash on Delivery,Delivered,24340,10,21906.0
501170,2025-11-11 23:18:40.072007201,10459,20083,5.0,Credit Card,Delivered,9080,0,45400.0
501171,2025-11-12 00:10:22.142214221,10186,20089,2.0,Credit Card,Returned,507,15,861.9
501172,2025-11-12 01:02:04.212421242,10041,20059,2.0,UPI,Delivered,5868,0,11736.0
501173,2025-11-12 01:53:46.282628263,10558,20076,1.0,Debit Card,Delivered,6747,0,6747.0
501174,2025-11-12 02:45:28.352835283,10296,20016,1.0,UPI,Delivered,24382,10,21943.8
501175,2025-11-12 03:37:10.423042304,10057,20036,2.0,Cash on Delivery,Returned,17380,15,29546.0
501176,2025-11-12 04:28:52.493249325,10557,20037,3.0,Cash on Delivery,Delivered,4164,0,12492.0
501177,2025-11-12 05:20:34.563456345,10597,20080,4.0,UPI,Delivered,8370,0,33480.0
501178,2025-11-12 06:12:16.633663366,10268,20037,5.0,Debit Card,Delivered,4164,20,16656.0
501179,2025-11-12 07:03:58.703870387,10463,20076,1.0,Credit Card,Returned,6747,5,6409.65
501180,2025-11-12 07:55:40.774077408,10022,20032,1.0,Credit Card,Returned,14051,0,14051.0
501181,2025-11-12 08:47:22.844284428,10056,20063,2.0,UPI,Delivered,7613,20,12180.8
501182,2025-11-12 09:39:04.914491449,10166,20022,2.0,Debit Card,Delivered,9827,0,19654.0
501183,2025-11-12 10:30:46.984698470,10394,20059,1.0,UPI,Delivered,5868,15,4987.8
501184,2025-11-12 11:22:29.054905490,10081,20009,2.0,Cash on Delivery,Delivered,18553,20,29684.8
501185,2025-11-12 12:14:11.125112511,10021,20077,5.0,Credit Card,Cancelled,4744,10,21348.0
501186,2025-11-12 13:05:53.195319532,10402,20004,1.0,Debit Card,Cancelled,68919,20,55135.2
501187,2025-11-12 13:57:35.265526552,10463,20104,4.0,Cash on Delivery,Delivered,778,10,2800.8
501188,2025-11-12 14:49:17.335733573,10444,20088,2.0,Debit Card,Cancelled,7259,10,13066.2
501189,2025-11-12 15:40:59.405940594,10480,20061,2.0,Credit Card,Delivered,7110,0,14220.0
501190,2025-11-12 16:32:41.476147615,10482,20095,3.0,Credit Card,Delivered,1791,0,5373.0
501191,2025-11-12 17:24:23.546354635,10362,20085,3.0,Credit Card,Delivered,11910,10,32157.0
501192,2025-11-12 18:16:05.616561656,10312,20015,3.0,UPI,Cancelled,27789,10,75030.3
501193,2025-11-12 19:07:47.686768677,10515,20078,1.0,Cash on Delivery,Returned,7034,10,6330.6
501194,2025-11-12 19:59:29.756975697,10209,20040,1.0,UPI,Cancelled,9982,0,9982.0
501195,2025-11-12 20:51:11.827182718,10059,20090,4.0,Credit Card,Cancelled,691,0,2764.0
501196,2025-11-12 21:42:53.897389739,10452,20090,1.0,Debit Card,Cancelled,691,0,691.0
501197,2025-11-12 22:34:35.967596760,10166,20100,3.0,UPI,Delivered,2214,0,6642.0
501198,2025-11-12 23:26:18.037803780,10588,20047,2.0,Cash on Delivery,Delivered,20791,0,41582.0
501199,2025-11-13 00:18:00.108010801,10249,20021,1.0,UPI,Returned,11517,20,9213.6
501200,2025-11-13 01:09:42.178217822,10512,20014,1.0,UPI,Delivered,13717,15,11659.45
501201,2025-11-13 02:01:24.248424842,10026,20018,5.0,Debit Card,Delivered,3166,0,15830.0
501202,2025-11-13 02:53:06.318631863,10396,20104,1.0,Credit Card,Delivered,778,0,778.0
501203,2025-11-13 03:44:48.388838884,10269,20061,1.0,Cash on Delivery,Delivered,7110,20,5688.0
501204,2025-11-13 04:36:30.459045904,10278,20037,1.0,Credit Card,Delivered,4164,5,3955.8
501205,2025-11-13 05:28:12.529252925,10160,20047,3.0,UPI,Delivered,20791,0,62373.0
501206,2025-11-13 06:19:54.599459946,10583,20018,5.0,UPI,Delivered,3166,0,15830.0
501207,2025-11-13 07:11:36.669666967,10236,20060,1.0,Credit Card,Delivered,4824,0,4824.0
501208,2025-11-13 08:03:18.739873987,10511,20045,4.0,Credit Card,Delivered,19570,5,74366.0
501209,2025-11-13 08:55:00.810081008,10256,20083,3.0,UPI,Cancelled,9080,5,25878.0
501210,2025-11-13 09:46:42.880288029,10029,20003,1.0,Credit Card,Cancelled,53620,5,50939.0
501211,2025-11-13 10:38:24.950495049,10528,20097,1.0,Cash on Delivery,Delivered,3648,10,3283.2
501212,2025-11-13 11:30:07.020702070,10112,20007,2.0,Credit Card,Cancelled,22213,0,44426.0
501213,2025-11-13 12:21:49.090909091,10163,20044,1.0,Debit Card,Delivered,32508,5,30882.6
501214,2025-11-13 13:13:31.161116111,10517,20036,1.0,UPI,Delivered,17380,15,14773.0
501215,2025-11-13 14:05:13.231323132,10537,20075,2.0,Net Banking,Delivered,7740,0,15480.0
501216,2025-11-13 14:56:55.301530153,10551,20069,4.0,UPI,Delivered,3824,20,12236.8
501217,2025-11-13 15:48:37.371737174,10256,20021,5.0,Credit Card,Returned,11517,5,54705.75
501218,2025-11-13 16:40:19.441944194,10455,20052,3.0,UPI,Delivered,1561,0,4683.0
501219,2025-11-13 17:32:01.512151215,10197,20056,1.0,UPI,Delivered,1999,10,1799.1
501220,2025-11-13 18:23:43.582358236,10445,20049,1.0,UPI,Delivered,578,0,578.0
501221,2025-11-13 19:15:25.652565256,10302,20003,2.0,UPI,Delivered,53620,0,107240.0
501222,2025-11-13 20:07:07.722772277,10032,20019,1.0,Cash on Delivery,Delivered,1265,0,1265.0
501223,2025-11-13 20:58:49.792979298,10251,20053,2.0,UPI,Cancelled,2733,5,5192.7
501224,2025-11-13 21:50:31.863186318,10281,20028,4.0,Cash on Delivery,Delivered,8241,0,32964.0
501225,2025-11-13 22:42:13.933393339,10155,20057,4.0,Credit Card,Delivered,4302,0,17208.0
501226,2025-11-13 23:33:56.003600360,10225,20018,1.0,UPI,Delivered,3166,15,2691.1
501227,2025-11-14 00:25:38.073807381,10302,20077,1.0,Credit Card,Returned,4744,0,4744.0
501228,2025-11-14 01:17:20.144014401,10030,20020,1.0,UPI,Delivered,1219,5,1158.05
501229,2025-11-14 02:09:02.214221422,10092,20068,2.0,Net Banking,Delivered,1337,0,2674.0
501230,2025-11-14 03:00:44.284428443,10461,20088,1.0,UPI,Delivered,7259,20,5807.2
501231,2025-11-14 03:52:26.354635463,10212,20038,5.0,Net Banking,Delivered,9637,0,48185.0
501232,2025-11-14 04:44:08.424842484,10366,20015,5.0,UPI,Delivered,27789,15,118103.25
501233,2025-11-14 05:35:50.495049505,10340,20001,1.0,UPI,Delivered,63388,15,53879.8
501234,2025-11-14 06:27:32.565256525,10331,20038,2.0,UPI,Delivered,9637,0,19274.0
501235,2025-11-14 07:19:14.635463546,10249,20013,2.0,Debit Card,Delivered,24693,20,39508.8
501236,2025-11-14 08:10:56.705670567,10290,20092,1.0,Credit Card,Delivered,803,20,642.4
501237,2025-11-14 09:02:38.775877588,10495,20102,5.0,Cash on Delivery,Delivered,2774,0,13870.0
501238,2025-11-14 09:54:20.846084608,10580,20102,4.0,UPI,Cancelled,2774,5,10541.2
501239,2025-11-14 10:46:02.916291629,10155,20096,1.0,UPI,Cancelled,3065,0,3065.0
501240,2025-11-14 11:37:44.986498650,10402,20062,2.0,Debit Card,Delivered,2317,20,3707.2
501241,2025-11-14 12:29:27.056705670,10582,20034,2.0,Credit Card,Delivered,6711,20,10737.6
501242,2025-11-14 13:21:09.126912691,10005,20047,1.0,Net Banking,Cancelled,20791,0,20791.0
501243,2025-11-14 14:12:51.197119712,10471,20027,1.0,Credit Card,Delivered,7598,0,7598.0
501244,2025-11-14 15:04:33.267326733,10299,20088,1.0,Debit Card,Delivered,7259,15,6170.15
501245,2025-11-14 15:56:15.337533753,10581,20046,4.0,UPI,Delivered,18692,0,74768.0
501246,2025-11-14 16:47:57.407740774,10347,20041,3.0,Cash on Delivery,Delivered,36528,15,93146.4
501247,2025-11-14 17:39:39.477947795,10503,20072,5.0,UPI,Cancelled,3499,10,15745.5
501248,2025-11-14 18:31:21.548154815,10100,20039,1.0,Net Banking,Delivered,5898,0,5898.0
501249,2025-11-14 19:23:03.618361836,10086,20038,3.0,UPI,Returned,9637,0,28911.0
501250,2025-11-14 20:14:45.688568857,10556,20024,2.0,Net Banking,Delivered,4109,20,6574.4
501251,2025-11-14 21:06:27.758775877,10316,20007,2.0,Net Banking,Delivered,22213,5,42204.7
501252,2025-11-14 21:58:09.828982898,10336,20004,5.0,Net Banking,Delivered,68919,0,344595.0
501253,2025-11-14 22:49:51.899189919,10102,20042,2.0,Credit Card,Returned,51100,20,81760.0
501254,2025-11-14 23:41:33.969396940,10137,20104,1.0,Credit Card,Delivered,778,10,700.2
501255,2025-11-15 00:33:16.039603960,10491,20028,1.0,Net Banking,Cancelled,8241,5,7828.95
501256,2025-11-15 01:24:58.109810981,10182,20067,2.0,Credit Card,Returned,2588,0,5176.0
501257,2025-11-15 02:16:40.180018002,10351,20034,1.0,Debit Card,Delivered,6711,10,6039.9
501258,2025-11-15 03:08:22.250225022,10190,20032,1.0,UPI,Cancelled,14051,0,14051.0
501259,2025-11-15 04:00:04.320432043,10159,20017,1.0,Credit Card,Delivered,1945,0,1945.0
501260,2025-11-15 04:51:46.390639064,10100,20059,1.0,UPI,Cancelled,5868,15,4987.8
501261,2025-11-15 05:43:28.460846084,10558,20069,1.0,Debit Card,Delivered,3824,0,3824.0
501262,2025-11-15 06:35:10.531053105,10565,20037,2.0,UPI,Delivered,4164,20,6662.4
501263,2025-11-15 07:26:52.601260126,10070,20055,3.0,Credit Card,Delivered,1081,20,2594.4
501264,2025-11-15 08:18:34.671467147,10212,20050,1.0,Net Banking,Returned,1390,0,1390.0
501265,2025-11-15 09:10:16.741674167,10339,20029,1.0,Credit Card,Cancelled,11176,20,8940.8
501266,2025-11-15 10:01:58.811881188,10230,20072,2.0,Cash on Delivery,Cancelled,3499,15,5948.3
501267,2025-11-15 10:53:40.882088209,10433,20058,1.0,UPI,Cancelled,3049,15,2591.65
501268,2025-11-15 11:45:22.952295229,10157,20007,3.0,Credit Card,Delivered,22213,5,63307.05
501269,2025-11-15 12:37:05.022502250,10036,20052,2.0,Credit Card,Delivered,1561,0,3122.0
501270,2025-11-15 13:28:47.092709271,10203,20041,2.0,Credit Card,Delivered,36528,5,69403.2
501271,2025-11-15 14:20:29.162916291,10359,20083,1.0,Debit Card,Delivered,9080,15,7718.0
501272,2025-11-15 15:12:11.233123312,10109,20032,1.0,UPI,Delivered,14051,0,14051.0
501273,2025-11-15 16:03:53.303330333,10490,20100,1.0,Credit Card,Returned,2214,0,2214.0
501274,2025-11-15 16:55:35.373537354,10008,20064,2.0,UPI,Cancelled,3045,15,5176.5
501275,2025-11-15 17:47:17.443744374,10041,20014,1.0,Debit Card,Delivered,13717,10,12345.3
501276,2025-11-15 18:38:59.513951395,10306,20042,3.0,Net Banking,Returned,51100,5,145635.0
501277,2025-11-15 19:30:41.584158416,10308,20092,1.0,UPI,Delivered,803,10,722.7
501278,2025-11-15 20:22:23.654365436,10177,20027,2.0,Credit Card,Delivered,7598,10,13676.4
501279,2025-11-15 21:14:05.724572457,10156,20074,2.0,Credit Card,Returned,5850,0,11700.0
501280,2025-11-15 22:05:47.794779478,10042,20082,3.0,Debit Card,Delivered,7271,10,19631.7
501281,2025-11-15 22:57:29.864986499,10398,20073,4.0,UPI,Delivered,5411,5,20561.8
501282,2025-11-15 23:49:11.935193519,10228,20010,2.0,Credit Card,Delivered,24340,0,48680.0
501283,2025-11-16 00:40:54.005400540,10072,20039,4.0,Net Banking,Delivered,5898,15,20053.2
501284,2025-11-16 01:32:36.075607561,10240,20037,1.0,Credit Card,Delivered,4164,0,4164.0
501285,2025-11-16 02:24:18.145814581,10563,20036,4.0,Debit Card,Cancelled,17380,20,55616.0
501286,2025-11-16 03:16:00.216021602,10157,20092,1.0,UPI,Delivered,803,0,803.0
501287,2025-11-16 04:07:42.286228623,10537,20001,3.0,Cash on Delivery,Delivered,63388,0,190164.0
501288,2025-11-16 04:59:24.356435643,10156,20057,2.0,UPI,Delivered,4302,15,7313.4
501289,2025-11-16 05:51:06.426642664,10112,20103,5.0,UPI,Delivered,2822,0,14110.0
501290,2025-11-16 06:42:48.496849685,10157,20092,1.0,Credit Card,Returned,803,20,642.4
501291,2025-11-16 07:34:30.567056706,10194,20064,2.0,Credit Card,Returned,3045,10,5481.0
501292,2025-11-16 08:26:12.637263726,10073,20104,1.0,Debit Card,Delivered,778,5,739.1
501293,2025-11-16 09:17:54.707470747,10353,20042,3.0,UPI,Delivered,51100,0,153300.0
501294,2025-11-16 10:09:36.777677768,10201,20064,1.0,UPI,Returned,3045,0,3045.0
501295,2025-11-16 11:01:18.847884788,10431,20057,2.0,Debit Card,Delivered,4302,0,8604.0
501296,2025-11-16 11:53:00.918091809,10295,20005,1.0,UPI,Delivered,55986,15,47588.1
501297,2025-11-16 12:44:42.988298830,10266,20005,1.0,Debit Card,Delivered,55986,0,55986.0
501298,2025-11-16 13:36:25.058505850,10283,20094,2.0,Debit Card,Returned,4584,0,9168.0
501299,2025-11-16 14:28:07.128712871,10094,20019,1.0,UPI,Cancelled,1265,0,1265.0
501300,2025-11-16 15:19:49.198919892,10428,20037,2.0,Debit Card,Delivered,4164,10,7495.2
501301,2025-11-16 16:11:31.269126913,10063,20065,1.0,Net Banking,Delivered,1731,5,1644.45
501302,2025-11-16 17:03:13.339333933,10433,20060,3.0,Net Banking,Delivered,4824,0,14472.0
501303,2025-11-16 17:54:55.409540954,10600,20054,4.0,UPI,Delivered,1287,20,4118.4
501304,2025-11-16 18:46:37.479747975,10459,20102,2.0,Credit Card,Cancelled,2774,0,5548.0
501305,2025-11-16 19:38:19.549954995,10274,20082,1.0,Cash on Delivery,Delivered,7271,15,6180.35
501306,2025-11-16 20:30:01.620162016,10189,20098,1.0,Credit Card,Returned,1112,0,1112.0
501307,2025-11-16 21:21:43.690369037,10524,20069,3.0,UPI,Delivered,3824,5,10898.4
501308,2025-11-16 22:13:25.760576057,10155,20102,5.0,UPI,Returned,2774,0,13870.0
501309,2025-11-16 23:05:07.830783078,10290,20063,4.0,Debit Card,Cancelled,7613,0,30452.0
501310,2025-11-16 23:56:49.900990099,10463,20057,2.0,Debit Card,Delivered,4302,10,7743.6
501311,2025-11-17 00:48:31.971197120,10554,20085,2.0,Cash on Delivery,Returned,11910,10,21438.0
501312,2025-11-17 01:40:14.041404140,10553,20091,1.0,Cash on Delivery,Returned,412,10,370.8
501313,2025-11-17 02:31:56.111611161,10053,20008,1.0,UPI,Delivered,36276,5,34462.2
501314,2025-11-17 03:23:38.181818182,10539,20095,4.0,Debit Card,Delivered,1791,0,7164.0
501315,2025-11-17 04:15:20.252025202,10069,20072,2.0,UPI,Cancelled,3499,15,5948.3
501316,2025-11-17 05:07:02.322232223,10351,20094,2.0,UPI,Delivered,4584,0,9168.0
501317,2025-11-17 05:58:44.392439244,10558,20075,1.0,UPI,Cancelled,7740,5,7353.0
501318,2025-11-17 06:50:26.462646264,10393,20097,1.0,Cash on Delivery,Delivered,3648,20,2918.4
501319,2025-11-17 07:42:08.532853285,10569,20029,5.0,UPI,Cancelled,11176,10,50292.0
501320,2025-11-17 08:33:50.603060306,10207,20020,4.0,Credit Card,Delivered,1219,15,4144.6
501321,2025-11-17 09:25:32.673267327,10189,20021,3.0,Credit Card,Delivered,11517,0,34551.0
501322,2025-11-17 10:17:14.743474347,10196,20027,2.0,UPI,Delivered,7598,0,15196.0
501323,2025-11-17 11:08:56.813681368,10214,20023,3.0,Credit Card,Delivered,2698,15,6879.9
501324,2025-11-17 12:00:38.883888389,10410,20046,1.0,UPI,Delivered,18692,5,17757.4
501325,2025-11-17 12:52:20.954095409,10272,20021,2.0,Credit Card,Delivered,11517,15,19578.9
501326,2025-11-17 13:44:03.024302430,10443,20017,1.0,Credit Card,Delivered,1945,15,1653.25
501327,2025-11-17 14:35:45.094509451,10250,20055,3.0,Net Banking,Delivered,1081,0,3243.0
501328,2025-11-17 15:27:27.164716472,10185,20083,1.0,Debit Card,Delivered,9080,0,9080.0
501329,2025-11-17 16:19:09.234923492,10115,20015,3.0,Net Banking,Delivered,27789,20,66693.6
501330,2025-11-17 17:10:51.305130513,10331,20054,2.0,UPI,Delivered,1287,0,2574.0
501331,2025-11-17 18:02:33.375337534,10540,20069,1.0,UPI,Delivered,3824,0,3824.0
501332,2025-11-17 18:54:15.445544554,10516,20074,2.0,Credit Card,Delivered,5850,5,11115.0
501333,2025-11-17 19:45:57.515751575,10152,20011,1.0,Cash on Delivery,Delivered,32685,0,32685.0
501334,2025-11-17 20:37:39.585958596,10287,20077,2.0,UPI,Delivered,4744,0,9488.0
501335,2025-11-17 21:29:21.656165616,10424,20003,1.0,UPI,Delivered,53620,15,45577.0
501336,2025-11-17 22:21:03.726372637,10368,20025,3.0,Cash on Delivery,Cancelled,5959,0,17877.0
501337,2025-11-17 23:12:45.796579658,10041,20034,2.0,Cash on Delivery,Delivered,6711,10,12079.8
501338,2025-11-18 00:04:27.866786679,10355,20089,1.0,UPI,Delivered,507,5,481.65
501339,2025-11-18 00:56:09.936993699,10024,20020,5.0,Debit Card,Delivered,1219,0,6095.0
501340,2025-11-18 01:47:52.007200720,10070,20082,3.0,Credit Card,Delivered,7271,20,17450.4
501341,2025-11-18 02:39:34.077407741,10393,20103,2.0,Credit Card,Delivered,2822,0,5644.0
501342,2025-11-18 03:31:16.147614761,10062,20100,1.0,Credit Card,Delivered,2214,10,1992.6
501343,2025-11-18 04:22:58.217821782,10204,20032,2.0,Cash on Delivery,Delivered,14051,0,28102.0
501344,2025-11-18 05:14:40.288028803,10354,20010,3.0,UPI,Delivered,24340,10,65718.0
501345,2025-11-18 06:06:22.358235823,10394,20024,5.0,Debit Card,Delivered,4109,0,20545.0
501346,2025-11-18 06:58:04.428442844,10268,20080,2.0,UPI,Delivered,8370,20,13392.0
501347,2025-11-18 07:49:46.498649865,10057,20021,1.0,Debit Card,Returned,11517,5,10941.15
501348,2025-11-18 08:41:28.568856886,10480,20068,3.0,Debit Card,Delivered,1337,0,4011.0
501349,2025-11-18 09:33:10.639063906,10570,20039,1.0,Debit Card,Delivered,5898,0,5898.0
501350,2025-11-18 10:24:52.709270927,10534,20080,1.0,Cash on Delivery,Cancelled,8370,5,7951.5
501351,2025-11-18 11:16:34.779477948,10450,20064,5.0,Debit Card,Delivered,3045,5,14463.75
501352,2025-11-18 12:08:16.849684968,10242,20061,4.0,Debit Card,Delivered,7110,0,28440.0
501353,2025-11-18 12:59:58.919891989,10526,20082,5.0,UPI,Cancelled,7271,10,32719.5
501354,2025-11-18 13:51:40.990099010,10293,20100,1.0,Cash on Delivery,Delivered,2214,15,1881.9
501355,2025-11-18 14:43:23.060306030,10082,20038,3.0,Credit Card,Delivered,9637,15,24574.35
501356,2025-11-18 15:35:05.130513051,10511,20056,3.0,Credit Card,Delivered,1999,15,5097.45
501357,2025-11-18 16:26:47.200720072,10193,20066,1.0,Credit Card,Delivered,1710,20,1368.0
501358,2025-11-18 17:18:29.270927093,10564,20086,5.0,Credit Card,Delivered,13579,0,67895.0
501359,2025-11-18 18:10:11.341134113,10222,20051,5.0,Credit Card,Delivered,1170,0,5850.0
501360,2025-11-18 19:01:53.411341134,10522,20039,1.0,UPI,Delivered,5898,0,5898.0
501361,2025-11-18 19:53:35.481548155,10323,20089,4.0,UPI,Delivered,507,0,2028.0
501362,2025-11-18 20:45:17.551755175,10281,20100,2.0,Cash on Delivery,Delivered,2214,0,4428.0
501363,2025-11-18 21:36:59.621962196,10179,20060,3.0,Cash on Delivery,Delivered,4824,0,14472.0
501364,2025-11-18 22:28:41.692169217,10502,20011,2.0,Credit Card,Delivered,32685,20,52296.0
501365,2025-11-18 23:20:23.762376237,10037,20031,1.0,Cash on Delivery,Delivered,16301,0,16301.0
501366,2025-11-19 00:12:05.832583258,10282,20049,1.0,Credit Card,Delivered,578,0,578.0
501367,2025-11-19 01:03:47.902790279,10222,20074,2.0,Credit Card,Delivered,5850,5,11115.0
501368,2025-11-19 01:55:29.972997300,10327,20070,4.0,Cash on Delivery,Delivered,4368,5,16598.4
501369,2025-11-19 02:47:12.043204320,10153,20086,4.0,Debit Card,Delivered,13579,0,54316.0
501370,2025-11-19 03:38:54.113411341,10399,20004,1.0,Debit Card,Delivered,68919,20,55135.2
501371,2025-11-19 04:30:36.183618362,10232,20049,4.0,Credit Card,Delivered,578,10,2080.8
501372,2025-11-19 05:22:18.253825382,10113,20073,1.0,Credit Card,Delivered,5411,15,4599.35
501373,2025-11-19 06:14:00.324032403,10119,20103,2.0,UPI,Cancelled,2822,20,4515.2
501374,2025-11-19 07:05:42.394239424,10418,20015,1.0,Cash on Delivery,Delivered,27789,20,22231.2
501375,2025-11-19 07:57:24.464446445,10158,20092,2.0,UPI,Delivered,803,0,1606.0
501376,2025-11-19 08:49:06.534653465,10185,20001,2.0,Credit Card,Delivered,63388,15,107759.6
501377,2025-11-19 09:40:48.604860486,10377,20021,3.0,UPI,Delivered,11517,0,34551.0
501378,2025-11-19 10:32:30.675067507,10198,20089,2.0,Debit Card,Delivered,507,0,1014.0
501379,2025-11-19 11:24:12.745274527,10233,20082,2.0,Credit Card,Delivered,7271,15,12360.7
501380,2025-11-19 12:15:54.815481548,10147,20102,3.0,Debit Card,Delivered,2774,10,7489.8
501381,2025-11-19 13:07:36.885688569,10208,20063,2.0,Credit Card,Cancelled,7613,15,12942.1
501382,2025-11-19 13:59:18.955895589,10416,20065,2.0,UPI,Returned,1731,15,2942.7
501383,2025-11-19 14:51:01.026102610,10321,20056,1.0,UPI,Delivered,1999,0,1999.0
501384,2025-11-19 15:42:43.096309631,10599,20054,4.0,UPI,Delivered,1287,10,4633.2
501385,2025-11-19 16:34:25.166516652,10464,20054,1.0,Debit Card,Cancelled,1287,10,1158.3
501386,2025-11-19 17:26:07.236723672,10011,20031,4.0,Net Banking,Cancelled,16301,0,65204.0
501387,2025-11-19 18:17:49.306930693,10228,20089,4.0,UPI,Delivered,507,0,2028.0
501388,2025-11-19 19:09:31.377137714,10174,20038,5.0,Credit Card,Delivered,9637,5,45775.75
501389,2025-11-19 20:01:13.447344734,10353,20064,1.0,UPI,Returned,3045,10,2740.5
501390,2025-11-19 20:52:55.517551755,10160,20070,1.0,Cash on Delivery,Cancelled,4368,15,3712.8
501391,2025-11-19 21:44:37.587758776,10580,20056,1.0,Cash on Delivery,Delivered,1999,15,1699.15
501392,2025-11-19 22:36:19.657965796,10180,20064,2.0,Debit Card,Delivered,3045,20,4872.0
501393,2025-11-19 23:28:01.728172817,10314,20006,5.0,UPI,Cancelled,34232,0,171160.0
501394,2025-11-20 00:19:43.798379838,10074,20033,4.0,Credit Card,Delivered,16169,0,64676.0
501395,2025-11-20 01:11:25.868586859,10546,20047,3.0,Cash on Delivery,Delivered,20791,0,62373.0
501396,2025-11-20 02:03:07.938793879,10548,20041,4.0,UPI,Delivered,36528,20,116889.6
501397,2025-11-20 02:54:50.009000900,10477,20095,1.0,Debit Card,Delivered,1791,10,1611.9
501398,2025-11-20 03:46:32.079207921,10211,20094,4.0,Cash on Delivery,Cancelled,4584,5,17419.2
501399,2025-11-20 04:38:14.149414941,10036,20075,1.0,Debit Card,Cancelled,7740,10,6966.0
501400,2025-11-20 05:29:56.219621962,10427,20037,3.0,Debit Card,Returned,4164,0,12492.0
501401,2025-11-20 06:21:38.289828983,10258,20006,4.0,Credit Card,Returned,34232,20,109542.4
501402,2025-11-20 07:13:20.360036003,10595,20079,3.0,Cash on Delivery,Cancelled,3686,10,9952.2
501403,2025-11-20 08:05:02.430243024,10419,20092,2.0,Credit Card,Cancelled,803,5,1525.7
501404,2025-11-20 08:56:44.500450045,10324,20051,2.0,Cash on Delivery,Cancelled,1170,10,2106.0
501405,2025-11-20 09:48:26.570657066,10593,20086,2.0,Credit Card,Delivered,13579,15,23084.3
501406,2025-11-20 10:40:08.640864086,10481,20097,3.0,Debit Card,Returned,3648,0,10944.0
501407,2025-11-20 11:31:50.711071107,10276,20057,2.0,Cash on Delivery,Delivered,4302,15,7313.4
501408,2025-11-20 12:23:32.781278128,10012,20022,2.0,Credit Card,Returned,9827,15,16705.9
501409,2025-11-20 13:15:14.851485148,10056,20003,1.0,UPI,Delivered,53620,10,48258.0
501410,2025-11-20 14:06:56.921692169,10267,20079,2.0,UPI,Delivered,3686,0,7372.0
501411,2025-11-20 14:58:38.991899190,10338,20059,3.0,Net Banking,Delivered,5868,0,17604.0
501412,2025-11-20 15:50:21.062106210,10019,20016,4.0,Debit Card,Delivered,24382,0,97528.0
501413,2025-11-20 16:42:03.132313231,10076,20006,1.0,UPI,Delivered,34232,0,34232.0
501414,2025-11-20 17:33:45.202520252,10423,20101,1.0,Net Banking,Delivered,2343,0,2343.0
501415,2025-11-20 18:25:27.272727273,10451,20034,2.0,Cash on Delivery,Delivered,6711,5,12750.9
501416,2025-11-20 19:17:09.342934293,10018,20035,3.0,Cash on Delivery,Cancelled,15331,20,36794.4
501417,2025-11-20 20:08:51.413141314,10305,20066,1.0,Debit Card,Delivered,1710,0,1710.0
501418,2025-11-20 21:00:33.483348335,10049,20038,1.0,Cash on Delivery,Delivered,9637,0,9637.0
501419,2025-11-20 21:52:15.553555355,10435,20095,1.0,Net Banking,Returned,1791,0,1791.0
501420,2025-11-20 22:43:57.623762376,10501,20071,1.0,UPI,Returned,4484,0,4484.0
501421,2025-11-20 23:35:39.693969397,10522,20038,1.0,Cash on Delivery,Delivered,9637,0,9637.0
501422,2025-11-21 00:27:21.764176418,10359,20028,3.0,Credit Card,Delivered,8241,10,22250.7
501423,2025-11-21 01:19:03.834383438,10378,20090,4.0,Cash on Delivery,Delivered,691,20,2211.2
501424,2025-11-21 02:10:45.904590459,10556,20062,2.0,Debit Card,Delivered,2317,15,3938.9
501425,2025-11-21 03:02:27.974797480,10368,20096,1.0,Debit Card,Delivered,3065,10,2758.5
501426,2025-11-21 03:54:10.045004500,10268,20036,5.0,UPI,Returned,17380,0,86900.0
501427,2025-11-21 04:45:52.115211521,10453,20003,1.0,UPI,Delivered,53620,15,45577.0
501428,2025-11-21 05:37:34.185418542,10355,20094,1.0,UPI,Delivered,4584,10,4125.6
501429,2025-11-21 06:29:16.255625562,10506,20025,1.0,Debit Card,Delivered,5959,20,4767.2
501430,2025-11-21 07:20:58.325832583,10315,20088,1.0,Net Banking,Delivered,7259,0,7259.0
501431,2025-11-21 08:12:40.396039604,10522,20074,3.0,UPI,Cancelled,5850,10,15795.0
501432,2025-11-21 09:04:22.466246625,10027,20025,2.0,UPI,Delivered,5959,5,11322.1
501433,2025-11-21 09:56:04.536453645,10022,20079,2.0,Debit Card,Delivered,3686,5,7003.4
501434,2025-11-21 10:47:46.606660666,10060,20009,1.0,UPI,Delivered,18553,0,18553.0
501435,2025-11-21 11:39:28.676867687,10334,20041,5.0,UPI,Delivered,36528,5,173508.0
501436,2025-11-21 12:31:10.747074707,10426,20038,3.0,UPI,Delivered,9637,0,28911.0
501437,2025-11-21 13:22:52.817281728,10130,20069,3.0,Debit Card,Delivered,3824,15,9751.2
501438,2025-11-21 14:14:34.887488749,10094,20056,2.0,Credit Card,Returned,1999,10,3598.2
501439,2025-11-21 15:06:16.957695769,10517,20064,2.0,Net Banking,Delivered,3045,20,4872.0
501440,2025-11-21 15:57:59.027902790,10451,20050,5.0,UPI,Delivered,1390,5,6602.5
501441,2025-11-21 16:49:41.098109811,10390,20077,3.0,UPI,Delivered,4744,15,12097.2
501442,2025-11-21 17:41:23.168316832,10294,20017,4.0,Net Banking,Delivered,1945,20,6224.0
501443,2025-11-21 18:33:05.238523852,10253,20075,1.0,Cash on Delivery,Delivered,7740,5,7353.0
501444,2025-11-21 19:24:47.308730873,10013,20006,4.0,UPI,Returned,34232,20,109542.4
501445,2025-11-21 20:16:29.378937894,10113,20009,5.0,Net Banking,Cancelled,18553,15,78850.25
501446,2025-11-21 21:08:11.449144914,10539,20076,3.0,Debit Card,Delivered,6747,0,20241.0
501447,2025-11-21 21:59:53.519351935,10204,20017,5.0,Cash on Delivery,Delivered,1945,5,9238.75
501448,2025-11-21 22:51:35.589558956,10423,20081,2.0,Credit Card,Returned,14773,0,29546.0
501449,2025-11-21 23:43:17.659765976,10423,20014,1.0,UPI,Delivered,13717,0,13717.0
501450,2025-11-22 00:34:59.729972997,10186,20016,2.0,UPI,Delivered,24382,0,48764.0
501451,2025-11-22 01:26:41.800180018,10123,20097,3.0,Debit Card,Delivered,3648,0,10944.0
501452,2025-11-22 02:18:23.870387039,10416,20019,1.0,Net Banking,Delivered,1265,0,1265.0
501453,2025-11-22 03:10:05.940594060,10057,20096,1.0,Credit Card,Delivered,3065,0,3065.0
501454,2025-11-22 04:01:48.010801080,10297,20037,1.0,UPI,Delivered,4164,5,3955.8
501455,2025-11-22 04:53:30.081008101,10533,20083,2.0,UPI,Delivered,9080,0,18160.0
501456,2025-11-22 05:45:12.151215122,10427,20098,1.0,Credit Card,Delivered,1112,0,1112.0
501457,2025-11-22 06:36:54.221422142,10459,20013,4.0,Cash on Delivery,Delivered,24693,15,83956.2
501458,2025-11-22 07:28:36.291629163,10050,20035,1.0,Credit Card,Cancelled,15331,20,12264.8
501459,2025-11-22 08:20:18.361836184,10120,20060,5.0,Debit Card,Cancelled,4824,0,24120.0
501460,2025-11-22 09:12:00.432043204,10166,20091,3.0,Credit Card,Cancelled,412,5,1174.2
501461,2025-11-22 10:03:42.502250225,10176,20020,1.0,Cash on Delivery,Delivered,1219,20,975.2
501462,2025-11-22 10:55:24.572457246,10117,20020,1.0,Net Banking,Delivered,1219,10,1097.1
501463,2025-11-22 11:47:06.642664267,10584,20039,3.0,UPI,Delivered,5898,0,17694.0
501464,2025-11-22 12:38:48.712871287,10099,20022,1.0,Debit Card,Returned,9827,15,8352.95
501465,2025-11-22 13:30:30.783078308,10425,20028,3.0,Net Banking,Delivered,8241,0,24723.0
501466,2025-11-22 14:22:12.853285329,10353,20014,2.0,Cash on Delivery,Delivered,13717,10,24690.6
501467,2025-11-22 15:13:54.923492349,10367,20087,1.0,Credit Card,Delivered,9356,5,8888.2
501468,2025-11-22 16:05:36.993699370,10129,20083,5.0,UPI,Delivered,9080,5,43130.0
501469,2025-11-22 16:57:19.063906391,10185,20016,3.0,Credit Card,Delivered,24382,0,73146.0
501470,2025-11-22 17:49:01.134113411,10364,20056,1.0,Debit Card,Delivered,1999,20,1599.2
501471,2025-11-22 18:40:43.204320432,10180,20068,3.0,UPI,Delivered,1337,0,4011.0
501472,2025-11-22 19:32:25.274527453,10417,20066,2.0,Cash on Delivery,Delivered,1710,20,2736.0
501473,2025-11-22 20:24:07.344734474,10024,20103,4.0,UPI,Delivered,2822,0,11288.0
501474,2025-11-22 21:15:49.414941494,10044,20067,2.0,Cash on Delivery,Delivered,2588,0,5176.0
501475,2025-11-22 22:07:31.485148515,10438,20072,5.0,Credit Card,Cancelled,3499,5,16620.25
501476,2025-11-22 22:59:13.555355536,10371,20004,5.0,UPI,Returned,68919,5,327365.25
501477,2025-11-22 23:50:55.625562556,10026,20009,1.0,Credit Card,Delivered,18553,0,18553.0
501478,2025-11-23 00:42:37.695769577,10540,20065,2.0,Debit Card,Delivered,1731,0,3462.0
501479,2025-11-23 01:34:19.765976598,10003,20095,1.0,Net Banking,Delivered,1791,5,1701.45
501480,2025-11-23 02:26:01.836183618,10574,20042,2.0,Credit Card,Delivered,51100,0,102200.0
501481,2025-11-23 03:17:43.906390639,10438,20067,1.0,UPI,Cancelled,2588,0,2588.0
501482,2025-11-23 04:09:25.976597660,10593,20022,2.0,Cash on Delivery,Delivered,9827,0,19654.0
501483,2025-11-23 05:01:08.046804681,10570,20048,1.0,Credit Card,Delivered,23385,0,23385.0
501484,2025-11-23 05:52:50.117011701,10188,20079,2.0,UPI,Delivered,3686,0,7372.0
501485,2025-11-23 06:44:32.187218722,10454,20069,2.0,Cash on Delivery,Delivered,3824,0,7648.0
501486,2025-11-23 07:36:14.257425743,10127,20012,5.0,UPI,Delivered,15742,15,66903.5
501487,2025-11-23 08:27:56.327632763,10283,20092,5.0,UPI,Delivered,803,0,4015.0
501488,2025-11-23 09:19:38.397839784,10145,20097,2.0,Credit Card,Delivered,3648,0,7296.0
501489,2025-11-23 10:11:20.468046805,10292,20050,2.0,Debit Card,Delivered,1390,15,2363.0
501490,2025-11-23 11:03:02.538253825,10524,20036,3.0,Credit Card,Delivered,17380,5,49533.0
501491,2025-11-23 11:54:44.608460846,10262,20056,3.0,Cash on Delivery,Delivered,1999,5,5697.15
501492,2025-11-23 12:46:26.678667867,10056,20084,1.0,UPI,Returned,7386,10,6647.4
501493,2025-11-23 13:38:08.748874888,10195,20048,2.0,Cash on Delivery,Delivered,23385,10,42093.0
501494,2025-11-23 14:29:50.819081908,10472,20004,5.0,UPI,Cancelled,68919,0,344595.0
501495,2025-11-23 15:21:32.889288929,10314,20008,1.0,UPI,Delivered,36276,20,29020.8
501496,2025-11-23 16:13:14.959495950,10337,20085,1.0,UPI,Returned,11910,0,11910.0
501497,2025-11-23 17:04:57.029702970,10259,20082,4.0,UPI,Delivered,7271,0,29084.0
501498,2025-11-23 17:56:39.099909991,10176,20081,5.0,Credit Card,Returned,14773,5,70171.75
501499,2025-11-23 18:48:21.170117012,10359,20014,3.0,Net Banking,Delivered,13717,20,32920.8
501500,2025-11-23 19:40:03.240324033,10380,20018,3.0,Net Banking,Returned,3166,20,7598.4
501501,2025-11-23 20:31:45.310531053,10539,20042,1.0,Debit Card,Delivered,51100,15,43435.0
501502,2025-11-23 21:23:27.380738074,10371,20025,1.0,UPI,Delivered,5959,0,5959.0
501503,2025-11-23 22:15:09.450945095,10598,20041,5.0,Net Banking,Delivered,36528,15,155244.0
501504,2025-11-23 23:06:51.521152115,10496,20059,4.0,Credit Card,Delivered,5868,0,23472.0
501505,2025-11-23 23:58:33.591359136,10048,20030,2.0,Debit Card,Delivered,6241,20,9985.6
501506,2025-11-24 00:50:15.661566157,10236,20013,1.0,Debit Card,Delivered,24693,0,24693.0
501507,2025-11-24 01:41:57.731773177,10231,20042,1.0,UPI,Returned,51100,0,51100.0
501508,2025-11-24 02:33:39.801980198,10002,20076,1.0,Credit Card,Delivered,6747,5,6409.65
501509,2025-11-24 03:25:21.872187219,10109,20065,2.0,Cash on Delivery,Returned,1731,5,3288.9
501510,2025-11-24 04:17:03.942394240,10458,20034,2.0,UPI,Cancelled,6711,0,13422.0
501511,2025-11-24 05:08:46.012601260,10212,20033,3.0,Debit Card,Returned,16169,5,46081.65
501512,2025-11-24 06:00:28.082808281,10089,20061,4.0,Cash on Delivery,Returned,7110,15,24174.0
501513,2025-11-24 06:52:10.153015302,10173,20018,1.0,UPI,Delivered,3166,10,2849.4
501514,2025-11-24 07:43:52.223222322,10165,20087,1.0,Credit Card,Returned,9356,10,8420.4
501515,2025-11-24 08:35:34.293429343,10105,20091,4.0,Credit Card,Delivered,412,0,1648.0
501516,2025-11-24 09:27:16.363636364,10061,20003,4.0,Net Banking,Delivered,53620,5,203756.0
501517,2025-11-24 10:18:58.433843384,10459,20101,2.0,Credit Card,Returned,2343,0,4686.0
501518,2025-11-24 11:10:40.504050405,10495,20003,1.0,Credit Card,Delivered,53620,0,53620.0
501519,2025-11-24 12:02:22.574257426,10298,20048,2.0,UPI,Cancelled,23385,20,37416.0
501520,2025-11-24 12:54:04.644464447,10370,20070,2.0,Cash on Delivery,Delivered,4368,0,8736.0
501521,2025-11-24 13:45:46.714671467,10552,20035,4.0,Cash on Delivery,Delivered,15331,5,58257.8
501522,2025-11-24 14:37:28.784878488,10506,20022,2.0,Debit Card,Returned,9827,5,18671.3
501523,2025-11-24 15:29:10.855085509,10020,20005,2.0,Cash on Delivery,Returned,55986,0,111972.0
501524,2025-11-24 16:20:52.925292529,10572,20076,2.0,Debit Card,Delivered,6747,0,13494.0
501525,2025-11-24 17:12:34.995499550,10041,20004,2.0,Cash on Delivery,Delivered,68919,0,137838.0
501526,2025-11-24 18:04:17.065706571,10016,20051,1.0,UPI,Delivered,1170,15,994.5
501527,2025-11-24 18:55:59.135913591,10242,20041,1.0,UPI,Cancelled,36528,10,32875.2
501528,2025-11-24 19:47:41.206120612,10448,20101,4.0,Cash on Delivery,Returned,2343,5,8903.4
501529,2025-11-24 20:39:23.276327633,10049,20097,1.0,Credit Card,Returned,3648,0,3648.0
501530,2025-11-24 21:31:05.346534654,10176,20086,4.0,UPI,Delivered,13579,5,51600.2
501531,2025-11-24 22:22:47.416741674,10158,20076,2.0,Debit Card,Returned,6747,0,13494.0
501532,2025-11-24 23:14:29.486948695,10239,20057,5.0,Debit Card,Cancelled,4302,0,21510.0
501533,2025-11-25 00:06:11.557155716,10592,20037,1.0,UPI,Delivered,4164,20,3331.2
501534,2025-11-25 00:57:53.627362736,10199,20018,1.0,Credit Card,Cancelled,3166,5,3007.7
501535,2025-11-25 01:49:35.697569757,10126,20101,2.0,Credit Card,Delivered,2343,0,4686.0
501536,2025-11-25 02:41:17.767776778,10074,20041,4.0,UPI,Cancelled,36528,10,131500.8
501537,2025-11-25 03:32:59.837983798,10119,20045,1.0,UPI,Delivered,19570,0,19570.0
501538,2025-11-25 04:24:41.908190819,10080,20015,2.0,Credit Card,Delivered,27789,0,55578.0
501539,2025-11-25 05:16:23.978397840,10345,20029,1.0,Net Banking,Delivered,11176,10,10058.4
501540,2025-11-25 06:08:06.048604861,10253,20066,3.0,Credit Card,Returned,1710,10,4617.0
501541,2025-11-25 06:59:48.118811881,10299,20045,2.0,Credit Card,Delivered,19570,0,39140.0
501542,2025-11-25 07:51:30.189018902,10500,20061,3.0,Debit Card,Delivered,7110,15,18130.5
501543,2025-11-25 08:43:12.259225923,10349,20023,1.0,UPI,Delivered,2698,0,2698.0
501544,2025-11-25 09:34:54.329432943,10094,20009,1.0,Credit Card,Delivered,18553,5,17625.35
501545,2025-11-25 10:26:36.399639964,10227,20093,3.0,UPI,Delivered,2351,5,6700.35
501546,2025-11-25 11:18:18.469846985,10188,20045,1.0,Debit Card,Delivered,19570,0,19570.0
501547,2025-11-25 12:10:00.540054006,10497,20038,3.0,UPI,Delivered,9637,10,26019.9
501548,2025-11-25 13:01:42.610261026,10185,20030,1.0,Credit Card,Delivered,6241,5,5928.95
501549,2025-11-25 13:53:24.680468047,10084,20069,1.0,Credit Card,Returned,3824,5,3632.8
501550,2025-11-25 14:45:06.750675068,10442,20059,1.0,Net Banking,Delivered,5868,15,4987.8
501551,2025-11-25 15:36:48.820882088,10258,20041,1.0,Debit Card,Returned,36528,15,31048.8
501552,2025-11-25 16:28:30.891089109,10058,20097,1.0,Cash on Delivery,Delivered,3648,5,3465.6
501553,2025-11-25 17:20:12.961296130,10414,20094,2.0,Debit Card,Delivered,4584,15,7792.8
501554,2025-11-25 18:11:55.031503150,10127,20021,1.0,UPI,Delivered,11517,0,11517.0
501555,2025-11-25 19:03:37.101710171,10521,20067,1.0,UPI,Delivered,2588,10,2329.2
501556,2025-11-25 19:55:19.171917192,10500,20101,5.0,UPI,Delivered,2343,0,11715.0
501557,2025-11-25 20:47:01.242124213,10222,20051,2.0,UPI,Delivered,1170,10,2106.0
501558,2025-11-25 21:38:43.312331233,10334,20004,3.0,UPI,Returned,68919,10,186081.3
501559,2025-11-25 22:30:25.382538254,10341,20014,3.0,UPI,Delivered,13717,15,34978.35
501560,2025-11-25 23:22:07.452745275,10393,20070,1.0,Debit Card,Cancelled,4368,5,4149.6
501561,2025-11-26 00:13:49.522952295,10042,20094,2.0,Debit Card,Delivered,4584,0,9168.0
501562,2025-11-26 01:05:31.593159316,10195,20014,4.0,UPI,Delivered,13717,20,43894.4
501563,2025-11-26 01:57:13.663366337,10103,20057,2.0,Credit Card,Cancelled,4302,5,8173.8
501564,2025-11-26 02:48:55.733573357,10419,20052,4.0,UPI,Delivered,1561,0,6244.0
501565,2025-11-26 03:40:37.803780378,10042,20030,5.0,Credit Card,Cancelled,6241,0,31205.0
501566,2025-11-26 04:32:19.873987399,10311,20066,2.0,Credit Card,Delivered,1710,0,3420.0
501567,2025-11-26 05:24:01.944194420,10437,20092,1.0,UPI,Delivered,803,0,803.0
501568,2025-11-26 06:15:44.014401440,10570,20025,2.0,UPI,Delivered,5959,0,11918.0
501569,2025-11-26 07:07:26.084608461,10173,20006,5.0,Cash on Delivery,Returned,34232,20,136928.0
501570,2025-11-26 07:59:08.154815482,10005,20038,2.0,Credit Card,Cancelled,9637,15,16382.9
501571,2025-11-26 08:50:50.225022502,10435,20033,4.0,Credit Card,Returned,16169,0,64676.0
501572,2025-11-26 09:42:32.295229523,10001,20076,2.0,UPI,Delivered,6747,0,13494.0
501573,2025-11-26 10:34:14.365436544,10040,20056,2.0,UPI,Cancelled,1999,0,3998.0
501574,2025-11-26 11:25:56.435643564,10595,20002,5.0,UPI,Returned,66297,5,314910.75
501575,2025-11-26 12:17:38.505850585,10518,20036,1.0,Cash on Delivery,Returned,17380,0,17380.0
501576,2025-11-26 13:09:20.576057606,10425,20077,2.0,UPI,Delivered,4744,0,9488.0
501577,2025-11-26 14:01:02.646264627,10502,20050,1.0,UPI,Delivered,1390,5,1320.5
501578,2025-11-26 14:52:44.716471647,10046,20059,3.0,Cash on Delivery,Delivered,5868,5,16723.8
501579,2025-11-26 15:44:26.786678668,10054,20028,5.0,Credit Card,Returned,8241,15,35024.25
501580,2025-11-26 16:36:08.856885689,10181,20034,5.0,UPI,Returned,6711,20,26844.0
501581,2025-11-26 17:27:50.927092709,10015,20014,1.0,Debit Card,Returned,13717,0,13717.0
501582,2025-11-26 18:19:32.997299730,10533,20009,3.0,Credit Card,Returned,18553,15,47310.15
501583,2025-11-26 19:11:15.067506751,10034,20004,4.0,Cash on Delivery,Delivered,68919,15,234324.6
501584,2025-11-26 20:02:57.137713772,10327,20065,4.0,UPI,Delivered,1731,0,6924.0
501585,2025-11-26 20:54:39.207920792,10513,20017,2.0,Net Banking,Delivered,1945,5,3695.5
501586,2025-11-26 21:46:21.278127813,10441,20060,1.0,UPI,Returned,4824,10,4341.6
501587,2025-11-26 22:38:03.348334834,10141,20100,2.0,Net Banking,Delivered,2214,20,3542.4
501588,2025-11-26 23:29:45.418541854,10283,20073,4.0,Net Banking,Delivered,5411,15,18397.4
501589,2025-11-27 00:21:27.488748875,10329,20060,2.0,Net Banking,Delivered,4824,15,8200.8
501590,2025-11-27 01:13:09.558955896,10461,20013,2.0,Net Banking,Cancelled,24693,15,41978.1
501591,2025-11-27 02:04:51.629162916,10256,20051,1.0,Debit Card,Cancelled,1170,0,1170.0
501592,2025-11-27 02:56:33.699369937,10172,20093,3.0,UPI,Delivered,2351,0,7053.0
501593,2025-11-27 03:48:15.769576958,10478,20040,2.0,UPI,Delivered,9982,20,15971.2
501594,2025-11-27 04:39:57.839783979,10532,20086,2.0,UPI,Returned,13579,5,25800.1
501595,2025-11-27 05:31:39.909990999,10294,20074,5.0,Credit Card,Cancelled,5850,0,29250.0
501596,2025-11-27 06:23:21.980198020,10017,20028,1.0,UPI,Returned,8241,0,8241.0
501597,2025-11-27 07:15:04.050405041,10301,20015,1.0,Debit Card,Cancelled,27789,5,26399.55
501598,2025-11-27 08:06:46.120612061,10534,20002,5.0,Debit Card,Delivered,66297,5,314910.75
501599,2025-11-27 08:58:28.190819082,10594,20029,5.0,Cash on Delivery,Delivered,11176,0,55880.0
501600,2025-11-27 09:50:10.261026103,10241,20035,1.0,Credit Card,Delivered,15331,0,15331.0
501601,2025-11-27 10:41:52.331233123,10091,20069,5.0,Net Banking,Delivered,3824,0,19120.0
501602,2025-11-27 11:33:34.401440144,10344,20060,1.0,Debit Card,Returned,4824,0,4824.0
501603,2025-11-27 12:25:16.471647165,10499,20050,1.0,Cash on Delivery,Cancelled,1390,20,1112.0
501604,2025-11-27 13:16:58.541854186,10568,20076,1.0,Debit Card,Returned,6747,0,6747.0
501605,2025-11-27 14:08:40.612061206,10032,20081,2.0,UPI,Delivered,14773,15,25114.1
501606,2025-11-27 15:00:22.682268227,10175,20075,1.0,UPI,Returned,7740,0,7740.0
501607,2025-11-27 15:52:04.752475248,10287,20094,1.0,Cash on Delivery,Returned,4584,5,4354.8
501608,2025-11-27 16:43:46.822682268,10059,20038,4.0,Debit Card,Delivered,9637,0,38548.0
501609,2025-11-27 17:35:28.892889289,10532,20086,2.0,Net Banking,Returned,13579,20,21726.4
501610,2025-11-27 18:27:10.963096310,10068,20044,2.0,Net Banking,Delivered,32508,20,52012.8
501611,2025-11-27 19:18:53.033303330,10400,20020,5.0,Debit Card,Delivered,1219,0,6095.0
501612,2025-11-27 20:10:35.103510351,10552,20016,1.0,Debit Card,Delivered,24382,0,24382.0
501613,2025-11-27 21:02:17.173717372,10412,20010,5.0,Cash on Delivery,Delivered,24340,0,121700.0
501614,2025-11-27 21:53:59.243924393,10458,20100,1.0,Cash on Delivery,Delivered,2214,15,1881.9
501615,2025-11-27 22:45:41.314131413,10158,20018,5.0,UPI,Returned,3166,15,13455.5
501616,2025-11-27 23:37:23.384338434,10497,20087,4.0,UPI,Delivered,9356,0,37424.0
501617,2025-11-28 00:29:05.454545455,10252,20082,1.0,UPI,Returned,7271,0,7271.0
501618,2025-11-28 01:20:47.524752475,10037,20046,1.0,Credit Card,Delivered,18692,5,17757.4
501619,2025-11-28 02:12:29.594959496,10220,20096,2.0,Net Banking,Delivered,3065,15,5210.5
501620,2025-11-28 03:04:11.665166517,10210,20095,2.0,Net Banking,Cancelled,1791,15,3044.7
501621,2025-11-28 03:55:53.735373537,10313,20097,1.0,Credit Card,Returned,3648,0,3648.0
501622,2025-11-28 04:47:35.805580558,10159,20052,1.0,UPI,Delivered,1561,20,1248.8
501623,2025-11-28 05:39:17.875787579,10278,20032,5.0,Credit Card,Delivered,14051,0,70255.0
501624,2025-11-28 06:30:59.945994600,10257,20005,4.0,Net Banking,Delivered,55986,0,223944.0
501625,2025-11-28 07:22:42.016201620,10197,20088,1.0,Debit Card,Delivered,7259,0,7259.0
501626,2025-11-28 08:14:24.086408641,10418,20091,3.0,UPI,Returned,412,15,1050.6
501627,2025-11-28 09:06:06.156615662,10184,20056,1.0,UPI,Delivered,1999,0,1999.0
501628,2025-11-28 09:57:48.226822682,10460,20008,2.0,Credit Card,Delivered,36276,10,65296.8
501629,2025-11-28 10:49:30.297029703,10151,20086,1.0,Credit Card,Cancelled,13579,0,13579.0
501630,2025-11-28 11:41:12.367236724,10519,20032,3.0,Net Banking,Cancelled,14051,0,42153.0
501631,2025-11-28 12:32:54.437443745,10220,20058,1.0,Cash on Delivery,Returned,3049,0,3049.0
501632,2025-11-28 13:24:36.507650765,10025,20069,1.0,UPI,Delivered,3824,5,3632.8
501633,2025-11-28 14:16:18.577857786,10090,20016,1.0,UPI,Delivered,24382,0,24382.0
501634,2025-11-28 15:08:00.648064807,10484,20007,1.0,Credit Card,Delivered,22213,5,21102.35
501635,2025-11-28 15:59:42.718271827,10524,20009,1.0,UPI,Delivered,18553,15,15770.05
501636,2025-11-28 16:51:24.788478848,10128,20100,2.0,Credit Card,Delivered,2214,5,4206.6
501637,2025-11-28 17:43:06.858685869,10362,20100,4.0,UPI,Delivered,2214,5,8413.2
501638,2025-11-28 18:34:48.928892889,10345,20045,1.0,UPI,Delivered,19570,0,19570.0
501639,2025-11-28 19:26:30.999099910,10081,20045,4.0,Net Banking,Returned,19570,0,78280.0
501640,2025-11-28 20:18:13.069306931,10272,20043,2.0,UPI,Delivered,21634,0,43268.0
501641,2025-11-28 21:09:55.139513952,10417,20037,1.0,Net Banking,Cancelled,4164,0,4164.0
501642,2025-11-28 22:01:37.209720972,10581,20057,1.0,UPI,Delivered,4302,5,4086.9
501643,2025-11-28 22:53:19.279927993,10509,20038,4.0,UPI,Delivered,9637,0,38548.0
501644,2025-11-28 23:45:01.350135014,10059,20065,1.0,UPI,Delivered,1731,10,1557.9
501645,2025-11-29 00:36:43.420342034,10143,20040,2.0,UPI,Returned,9982,0,19964.0
501646,2025-11-29 01:28:25.490549055,10263,20066,1.0,UPI,Delivered,1710,0,1710.0
501647,2025-11-29 02:20:07.560756076,10091,20099,4.0,Net Banking,Delivered,4248,5,16142.4
501648,2025-11-29 03:11:49.630963096,10343,20022,5.0,Cash on Delivery,Delivered,9827,0,49135.0
501649,2025-11-29 04:03:31.701170117,10006,20007,1.0,UPI,Returned,22213,0,22213.0
501650,2025-11-29 04:55:13.771377138,10069,20055,1.0,UPI,Delivered,1081,0,1081.0
501651,2025-11-29 05:46:55.841584159,10029,20013,2.0,UPI,Returned,24693,20,39508.8
501652,2025-11-29 06:38:37.911791179,10178,20025,2.0,Debit Card,Returned,5959,0,11918.0
501653,2025-11-29 07:30:19.981998200,10458,20083,2.0,UPI,Delivered,9080,0,18160.0
501654,2025-11-29 08:22:02.052205221,10107,20044,1.0,UPI,Returned,32508,0,32508.0
501655,2025-11-29 09:13:44.122412241,10593,20058,1.0,Cash on Delivery,Returned,3049,5,2896.55
501656,2025-11-29 10:05:26.192619262,10162,20081,1.0,Net Banking,Delivered,14773,15,12557.05
501657,2025-11-29 10:57:08.262826283,10027,20014,2.0,Debit Card,Delivered,13717,10,24690.6
501658,2025-11-29 11:48:50.333033303,10202,20050,3.0,UPI,Delivered,1390,10,3753.0
501659,2025-11-29 12:40:32.403240324,10449,20004,4.0,Credit Card,Returned,68919,0,275676.0
501660,2025-11-29 13:32:14.473447345,10064,20052,2.0,UPI,Delivered,1561,20,2497.6
501661,2025-11-29 14:23:56.543654366,10044,20024,4.0,Debit Card,Delivered,4109,0,16436.0
501662,2025-11-29 15:15:38.613861386,10510,20095,2.0,Debit Card,Delivered,1791,0,3582.0
501663,2025-11-29 16:07:20.684068407,10356,20028,1.0,UPI,Cancelled,8241,0,8241.0
501664,2025-11-29 16:59:02.754275428,10206,20021,1.0,Cash on Delivery,Delivered,11517,0,11517.0
501665,2025-11-29 17:50:44.824482448,10454,20002,2.0,Credit Card,Delivered,66297,5,125964.3
501666,2025-11-29 18:42:26.894689469,10507,20014,1.0,Net Banking,Delivered,13717,0,13717.0
501667,2025-11-29 19:34:08.964896490,10216,20023,4.0,UPI,Delivered,2698,15,9173.2
501668,2025-11-29 20:25:51.035103510,10337,20024,1.0,UPI,Delivered,4109,0,4109.0
501669,2025-11-29 21:17:33.105310531,10007,20077,1.0,UPI,Returned,4744,0,4744.0
501670,2025-11-29 22:09:15.175517552,10184,20093,2.0,Debit Card,Delivered,2351,10,4231.8
501671,2025-11-29 23:00:57.245724573,10358,20089,1.0,UPI,Delivered,507,20,405.6
501672,2025-11-29 23:52:39.315931593,10119,20100,1.0,UPI,Returned,2214,5,2103.3
501673,2025-11-30 00:44:21.386138614,10595,20094,2.0,Net Banking,Delivered,4584,5,8709.6
501674,2025-11-30 01:36:03.456345635,10583,20048,1.0,Debit Card,Delivered,23385,0,23385.0
501675,2025-11-30 02:27:45.526552655,10155,20041,1.0,Debit Card,Returned,36528,15,31048.8
501676,2025-11-30 03:19:27.596759676,10238,20068,2.0,Debit Card,Cancelled,1337,5,2540.3
501677,2025-11-30 04:11:09.666966697,10114,20034,1.0,Debit Card,Delivered,6711,0,6711.0
501678,2025-11-30 05:02:51.737173718,10303,20063,5.0,Debit Card,Returned,7613,0,38065.0
501679,2025-11-30 05:54:33.807380738,10075,20104,1.0,UPI,Delivered,778,20,622.4
501680,2025-11-30 06:46:15.877587759,10235,20021,3.0,UPI,Cancelled,11517,20,27640.8
501681,2025-11-30 07:37:57.947794780,10334,20081,2.0,Credit Card,Returned,14773,0,29546.0
501682,2025-11-30 08:29:40.018001800,10368,20098,3.0,UPI,Delivered,1112,15,2835.6
501683,2025-11-30 09:21:22.088208821,10358,20056,3.0,Credit Card,Delivered,1999,0,5997.0
501684,2025-11-30 10:13:04.158415842,10133,20038,1.0,Credit Card,Delivered,9637,15,8191.45
501685,2025-11-30 11:04:46.228622862,10476,20027,4.0,UPI,Delivered,7598,5,28872.4
501686,2025-11-30 11:56:28.298829883,10416,20018,1.0,Net Banking,Delivered,3166,0,3166.0
501687,2025-11-30 12:48:10.369036904,10452,20034,3.0,Debit Card,Cancelled,6711,20,16106.4
501688,2025-11-30 13:39:52.439243925,10281,20078,1.0,Credit Card,Delivered,7034,0,7034.0
501689,2025-11-30 14:31:34.509450945,10536,20054,2.0,Cash on Delivery,Cancelled,1287,0,2574.0
501690,2025-11-30 15:23:16.579657966,10234,20024,3.0,UPI,Delivered,4109,20,9861.6
501691,2025-11-30 16:14:58.649864987,10484,20057,5.0,UPI,Delivered,4302,0,21510.0
501692,2025-11-30 17:06:40.720072007,10123,20085,5.0,UPI,Delivered,11910,0,59550.0
501693,2025-11-30 17:58:22.790279028,10149,20002,3.0,Credit Card,Delivered,66297,20,159112.8
501694,2025-11-30 18:50:04.860486049,10317,20003,2.0,UPI,Delivered,53620,5,101878.0
501695,2025-11-30 19:41:46.930693069,10334,20100,2.0,Net Banking,Delivered,2214,15,3763.8
501696,2025-11-30 20:33:29.000900090,10448,20078,5.0,UPI,Delivered,7034,0,35170.0
501697,2025-11-30 21:25:11.071107111,10179,20060,1.0,Credit Card,Delivered,4824,10,4341.6
501698,2025-11-30 22:16:53.141314132,10524,20095,5.0,Credit Card,Delivered,1791,0,8955.0
501699,2025-11-30 23:08:35.211521152,10198,20062,3.0,UPI,Delivered,2317,0,6951.0
501700,2025-12-01 00:00:17.281728173,10321,20055,2.0,Debit Card,Delivered,1081,0,2162.0
501701,2025-12-01 00:51:59.351935194,10560,20022,2.0,Debit Card,Returned,9827,0,19654.0
501702,2025-12-01 01:43:41.422142214,10324,20085,4.0,Debit Card,Returned,11910,0,47640.0
501703,2025-12-01 02:35:23.492349235,10410,20080,3.0,Debit Card,Delivered,8370,20,20088.0
501704,2025-12-01 03:27:05.562556256,10546,20031,1.0,Credit Card,Returned,16301,10,14670.9
501705,2025-12-01 04:18:47.632763276,10585,20077,4.0,Credit Card,Delivered,4744,0,18976.0
501706,2025-12-01 05:10:29.702970297,10300,20076,3.0,Debit Card,Delivered,6747,5,19228.95
501707,2025-12-01 06:02:11.773177318,10251,20010,5.0,UPI,Returned,24340,15,103445.0
501708,2025-12-01 06:53:53.843384339,10119,20017,5.0,Credit Card,Delivered,1945,5,9238.75
501709,2025-12-01 07:45:35.913591359,10323,20062,5.0,UPI,Delivered,2317,10,10426.5
501710,2025-12-01 08:37:17.983798380,10552,20065,1.0,Debit Card,Cancelled,1731,5,1644.45
501711,2025-12-01 09:29:00.054005401,10293,20069,3.0,UPI,Returned,3824,20,9177.6
501712,2025-12-01 10:20:42.124212421,10210,20039,5.0,Cash on Delivery,Returned,5898,10,26541.0
501713,2025-12-01 11:12:24.194419442,10065,20087,,UPI,Returned,9356,5,44441.0
501714,2025-12-01 12:04:06.264626463,10234,20047,2.0,Credit Card,Returned,20791,20,33265.6
501715,2025-12-01 12:55:48.334833483,10143,20022,5.0,UPI,Delivered,9827,0,49135.0
501716,2025-12-01 13:47:30.405040504,10587,20012,5.0,UPI,Delivered,15742,15,66903.5
501717,2025-12-01 14:39:12.475247525,10317,20092,1.0,UPI,Delivered,803,15,682.55
501718,2025-12-01 15:30:54.545454546,10083,20074,5.0,Debit Card,Delivered,5850,0,29250.0
501719,2025-12-01 16:22:36.615661566,10041,20048,3.0,UPI,Delivered,23385,20,56124.0
501720,2025-12-01 17:14:18.685868587,10511,20022,2.0,UPI,Returned,9827,0,19654.0
501721,2025-12-01 18:06:00.756075608,10559,20011,1.0,UPI,Delivered,32685,20,26148.0
501722,2025-12-01 18:57:42.826282628,10458,20016,5.0,UPI,Delivered,24382,0,121910.0
501723,2025-12-01 19:49:24.896489649,10075,20011,1.0,Cash on Delivery,Delivered,32685,0,32685.0
501724,2025-12-01 20:41:06.966696670,10059,20056,2.0,Credit Card,Delivered,1999,0,3998.0
501725,2025-12-01 21:32:49.036903691,10119,20021,1.0,Debit Card,Delivered,11517,0,11517.0
501726,2025-12-01 22:24:31.107110711,10451,20014,5.0,Credit Card,Delivered,13717,5,65155.75
501727,2025-12-01 23:16:13.177317732,10460,20030,2.0,Credit Card,Delivered,6241,15,10609.7
501728,2025-12-02 00:07:55.247524753,10503,20073,1.0,Net Banking,Cancelled,5411,5,5140.45
501729,2025-12-02 00:59:37.317731773,10059,20052,1.0,UPI,Cancelled,1561,10,1404.9
501730,2025-12-02 01:51:19.387938794,10092,20016,5.0,Net Banking,Delivered,24382,0,121910.0
501731,2025-12-02 02:43:01.458145815,10541,20078,1.0,Credit Card,Delivered,7034,0,7034.0
501732,2025-12-02 03:34:43.528352835,10558,20051,4.0,UPI,Cancelled,1170,0,4680.0
501733,2025-12-02 04:26:25.598559856,10436,20020,1.0,Cash on Delivery,Delivered,1219,0,1219.0
501734,2025-12-02 05:18:07.668766877,10064,20072,5.0,UPI,Delivered,3499,0,17495.0
501735,2025-12-02 06:09:49.738973898,10042,20104,3.0,Cash on Delivery,Delivered,778,0,2334.0
501736,2025-12-02 07:01:31.809180918,10034,20057,1.0,Cash on Delivery,Delivered,4302,0,4302.0
501737,2025-12-02 07:53:13.879387939,10416,20017,5.0,UPI,Delivered,1945,0,9725.0
501738,2025-12-02 08:44:55.949594960,10508,20033,1.0,UPI,Delivered,16169,0,16169.0
501739,2025-12-02 09:36:38.019801980,10379,20063,5.0,Net Banking,Cancelled,7613,0,38065.0
501740,2025-12-02 10:28:20.090009001,10158,20104,2.0,UPI,Delivered,778,0,1556.0
501741,2025-12-02 11:20:02.160216022,10455,20097,2.0,Debit Card,Cancelled,3648,20,5836.8
501742,2025-12-02 12:11:44.230423042,10036,20098,1.0,UPI,Delivered,1112,10,1000.8
501743,2025-12-02 13:03:26.300630063,10497,20087,1.0,UPI,Delivered,9356,10,8420.4
501744,2025-12-02 13:55:08.370837084,10536,20060,1.0,Credit Card,Delivered,4824,10,4341.6
501745,2025-12-02 14:46:50.441044105,10432,20068,4.0,Debit Card,Delivered,1337,0,5348.0
501746,2025-12-02 15:38:32.511251125,10528,20077,1.0,Debit Card,Returned,4744,5,4506.8
501747,2025-12-02 16:30:14.581458146,10352,20075,1.0,Debit Card,Delivered,7740,10,6966.0
501748,2025-12-02 17:21:56.651665167,10282,20067,1.0,UPI,Delivered,2588,20,2070.4
501749,2025-12-02 18:13:38.721872187,10194,20014,5.0,Credit Card,Returned,13717,5,65155.75
501750,2025-12-02 19:05:20.792079208,10554,20092,5.0,UPI,Delivered,803,0,4015.0
501751,2025-12-02 19:57:02.862286229,10419,20002,3.0,UPI,Delivered,66297,15,169057.35
501752,2025-12-02 20:48:44.932493249,10115,20045,1.0,UPI,Delivered,19570,0,19570.0
501753,2025-12-02 21:40:27.002700270,10575,20046,2.0,Credit Card,Cancelled,18692,20,29907.2
501754,2025-12-02 22:32:09.072907291,10036,20104,5.0,UPI,Delivered,778,0,3890.0
501755,2025-12-02 23:23:51.143114312,10353,20010,1.0,UPI,Delivered,24340,0,24340.0
501756,2025-12-03 00:15:33.213321332,10115,20050,4.0,Debit Card,Delivered,1390,0,5560.0
501757,2025-12-03 01:07:15.283528353,10399,20038,1.0,UPI,Delivered,9637,20,7709.6
501758,2025-12-03 01:58:57.353735374,10248,20011,4.0,Cash on Delivery,Delivered,32685,5,124203.0
501759,2025-12-03 02:50:39.423942394,10263,20024,2.0,UPI,Delivered,4109,0,8218.0
501760,2025-12-03 03:42:21.494149415,10403,20044,5.0,UPI,Returned,32508,0,162540.0
501761,2025-12-03 04:34:03.564356436,10454,20096,2.0,Cash on Delivery,Delivered,3065,15,5210.5
501762,2025-12-03 05:25:45.634563456,10229,20041,4.0,Credit Card,Delivered,36528,0,146112.0
501763,2025-12-03 06:17:27.704770477,10599,20092,4.0,Net Banking,Delivered,803,20,2569.6
501764,2025-12-03 07:09:09.774977498,10300,20077,1.0,Credit Card,Delivered,4744,15,4032.4
501765,2025-12-03 08:00:51.845184519,10097,20086,3.0,UPI,Delivered,13579,15,34626.45
501766,2025-12-03 08:52:33.915391539,10004,20089,2.0,Debit Card,Delivered,507,15,861.9
501767,2025-12-03 09:44:15.985598560,10122,20075,2.0,Credit Card,Delivered,7740,0,15480.0
501768,2025-12-03 10:35:58.055805581,10415,20077,4.0,Credit Card,Returned,4744,15,16129.6
501769,2025-12-03 11:27:40.126012601,10324,20017,1.0,UPI,Returned,1945,0,1945.0
501770,2025-12-03 12:19:22.196219622,10203,20075,1.0,UPI,Delivered,7740,0,7740.0
501771,2025-12-03 13:11:04.266426643,10289,20006,2.0,UPI,Delivered,34232,0,68464.0
501772,2025-12-03 14:02:46.336633664,10503,20077,4.0,Net Banking,Delivered,4744,0,18976.0
501773,2025-12-03 14:54:28.406840684,10343,20069,1.0,UPI,Returned,3824,0,3824.0
501774,2025-12-03 15:46:10.477047705,10035,20079,1.0,Cash on Delivery,Returned,3686,20,2948.8
501775,2025-12-03 16:37:52.547254726,10030,20067,3.0,UPI,Delivered,2588,0,7764.0
501776,2025-12-03 17:29:34.617461746,10290,20039,2.0,Credit Card,Returned,5898,10,10616.4
501777,2025-12-03 18:21:16.687668767,10243,20039,2.0,UPI,Delivered,5898,0,11796.0
501778,2025-12-03 19:12:58.757875788,10511,20062,2.0,Debit Card,Delivered,2317,20,3707.2
501779,2025-12-03 20:04:40.828082808,10350,20050,4.0,Net Banking,Delivered,1390,5,5282.0
501780,2025-12-03 20:56:22.898289829,10455,20036,5.0,Credit Card,Delivered,17380,5,82555.0
501781,2025-12-03 21:48:04.968496850,10352,20051,2.0,UPI,Cancelled,1170,0,2340.0
501782,2025-12-03 22:39:47.038703871,10208,20056,2.0,Debit Card,Returned,1999,20,3198.4
501783,2025-12-03 23:31:29.108910891,10395,20025,1.0,UPI,Cancelled,5959,0,5959.0
501784,2025-12-04 00:23:11.179117912,10373,20067,2.0,Credit Card,Delivered,2588,0,5176.0
501785,2025-12-04 01:14:53.249324933,10433,20033,4.0,Debit Card,Cancelled,16169,10,58208.4
501786,2025-12-04 02:06:35.319531953,10114,20028,2.0,UPI,Delivered,8241,20,13185.6
501787,2025-12-04 02:58:17.389738974,10385,20044,3.0,Debit Card,Delivered,32508,0,97524.0
501788,2025-12-04 03:49:59.459945995,10172,20011,2.0,Debit Card,Delivered,32685,0,65370.0
501789,2025-12-04 04:41:41.530153015,10475,20063,3.0,UPI,Delivered,7613,10,20555.1
501790,2025-12-04 05:33:23.600360036,10480,20077,3.0,UPI,Delivered,4744,0,14232.0
501791,2025-12-04 06:25:05.670567057,10375,20100,2.0,Credit Card,Cancelled,2214,15,3763.8
501792,2025-12-04 07:16:47.740774078,10569,20030,5.0,Debit Card,Delivered,6241,10,28084.5
501793,2025-12-04 08:08:29.810981098,10323,20057,5.0,Credit Card,Returned,4302,5,20434.5
501794,2025-12-04 09:00:11.881188119,10016,20053,1.0,Credit Card,Delivered,2733,0,2733.0
501795,2025-12-04 09:51:53.951395140,10364,20077,1.0,UPI,Delivered,4744,5,4506.8
501796,2025-12-04 10:43:36.021602160,10467,20065,5.0,UPI,Delivered,1731,0,8655.0
501797,2025-12-04 11:35:18.091809181,10061,20084,2.0,UPI,Returned,7386,15,12556.2
501798,2025-12-04 12:27:00.162016202,10063,20089,1.0,UPI,Delivered,507,10,456.3
501799,2025-12-04 13:18:42.232223222,10164,20012,4.0,UPI,Delivered,15742,5,59819.6
501800,2025-12-04 14:10:24.302430243,10507,20037,2.0,UPI,Delivered,4164,15,7078.8
501801,2025-12-04 15:02:06.372637264,10317,20068,1.0,Debit Card,Delivered,1337,5,1270.15
501802,2025-12-04 15:53:48.442844285,10586,20057,1.0,Debit Card,Delivered,4302,0,4302.0
501803,2025-12-04 16:45:30.513051305,10524,20051,4.0,UPI,Delivered,1170,15,3978.0
501804,2025-12-04 17:37:12.583258326,10333,20019,4.0,Credit Card,Delivered,1265,20,4048.0
501805,2025-12-04 18:28:54.653465347,10408,20060,1.0,UPI,Delivered,4824,15,4100.4
501806,2025-12-04 19:20:36.723672367,10199,20078,4.0,UPI,Delivered,7034,5,26729.2
501807,2025-12-04 20:12:18.793879388,10055,20004,1.0,Cash on Delivery,Delivered,68919,0,68919.0
501808,2025-12-04 21:04:00.864086409,10240,20062,4.0,Credit Card,Delivered,2317,0,9268.0
501809,2025-12-04 21:55:42.934293429,10356,20095,1.0,UPI,Cancelled,1791,0,1791.0
501810,2025-12-04 22:47:25.004500450,10110,20060,3.0,UPI,Delivered,4824,15,12301.2
501811,2025-12-04 23:39:07.074707471,10134,20100,4.0,Debit Card,Returned,2214,15,7527.6
501812,2025-12-05 00:30:49.144914492,10009,20037,2.0,UPI,Delivered,4164,0,8328.0
501813,2025-12-05 01:22:31.215121512,10441,20001,4.0,Cash on Delivery,Delivered,63388,5,240874.4
501814,2025-12-05 02:14:13.285328533,10540,20071,1.0,Credit Card,Cancelled,4484,10,4035.6
501815,2025-12-05 03:05:55.355535554,10497,20023,1.0,UPI,Delivered,2698,10,2428.2
501816,2025-12-05 03:57:37.425742574,10228,20002,1.0,Credit Card,Delivered,66297,20,53037.6
501817,2025-12-05 04:49:19.495949595,10357,20019,1.0,Debit Card,Delivered,1265,0,1265.0
501818,2025-12-05 05:41:01.566156616,10577,20098,1.0,Credit Card,Cancelled,1112,5,1056.4
501819,2025-12-05 06:32:43.636363637,10355,20082,1.0,Cash on Delivery,Delivered,7271,0,7271.0
501820,2025-12-05 07:24:25.706570657,10178,20029,4.0,Cash on Delivery,Returned,11176,15,37998.4
501821,2025-12-05 08:16:07.776777678,10204,20063,1.0,UPI,Delivered,7613,5,7232.35
501822,2025-12-05 09:07:49.846984699,10437,20036,1.0,UPI,Delivered,17380,5,16511.0
501823,2025-12-05 09:59:31.917191719,10268,20019,3.0,UPI,Delivered,1265,15,3225.75
501824,2025-12-05 10:51:13.987398740,10503,20103,2.0,Debit Card,Delivered,2822,15,4797.4
501825,2025-12-05 11:42:56.057605761,10519,20085,1.0,Debit Card,Delivered,11910,0,11910.0
501826,2025-12-05 12:34:38.127812781,10022,20038,3.0,UPI,Delivered,9637,15,24574.35
501827,2025-12-05 13:26:20.198019802,10434,20037,1.0,Cash on Delivery,Cancelled,4164,20,3331.2
501828,2025-12-05 14:18:02.268226823,10222,20085,4.0,UPI,Delivered,11910,0,47640.0
501829,2025-12-05 15:09:44.338433844,10312,20048,1.0,Net Banking,Delivered,23385,15,19877.25
501830,2025-12-05 16:01:26.408640864,10159,20040,2.0,Net Banking,Delivered,9982,0,19964.0
501831,2025-12-05 16:53:08.478847885,10221,20041,2.0,UPI,Delivered,36528,15,62097.6
501832,2025-12-05 17:44:50.549054906,10199,20047,1.0,UPI,Delivered,20791,10,18711.9
501833,2025-12-05 18:36:32.619261926,10031,20055,3.0,UPI,Cancelled,1081,15,2756.55
501834,2025-12-05 19:28:14.689468947,10470,20005,2.0,Cash on Delivery,Delivered,55986,10,100774.8
501835,2025-12-05 20:19:56.759675968,10086,20050,3.0,UPI,Delivered,1390,0,4170.0
501836,2025-12-05 21:11:38.829882988,10226,20046,1.0,Net Banking,Delivered,18692,10,16822.8
501837,2025-12-05 22:03:20.900090009,10116,20029,2.0,Credit Card,Delivered,11176,0,22352.0
501838,2025-12-05 22:55:02.970297030,10097,20037,4.0,Credit Card,Delivered,4164,0,16656.0
501839,2025-12-05 23:46:45.040504051,10225,20045,5.0,Cash on Delivery,Delivered,19570,0,97850.0
501840,2025-12-06 00:38:27.110711071,10552,20039,1.0,Credit Card,Returned,5898,20,4718.4
501841,2025-12-06 01:30:09.180918092,10567,20095,2.0,Debit Card,Delivered,1791,0,3582.0
501842,2025-12-06 02:21:51.251125113,10230,20055,2.0,Credit Card,Cancelled,1081,0,2162.0
501843,2025-12-06 03:13:33.321332133,10304,20053,4.0,UPI,Returned,2733,0,10932.0
501844,2025-12-06 04:05:15.391539154,10592,20028,5.0,UPI,Delivered,8241,0,41205.0
501845,2025-12-06 04:56:57.461746175,10141,20096,3.0,UPI,Cancelled,3065,15,7815.75
501846,2025-12-06 05:48:39.531953195,10567,20003,4.0,Debit Card,Cancelled,53620,0,214480.0
501847,2025-12-06 06:40:21.602160216,10064,20058,1.0,UPI,Delivered,3049,15,2591.65
501848,2025-12-06 07:32:03.672367237,10136,20018,4.0,Credit Card,Delivered,3166,5,12030.8
501849,2025-12-06 08:23:45.742574258,10203,20080,4.0,UPI,Delivered,8370,0,33480.0
501850,2025-12-06 09:15:27.812781278,10023,20040,3.0,Debit Card,Delivered,9982,20,23956.8
501851,2025-12-06 10:07:09.882988299,10490,20031,2.0,Net Banking,Delivered,16301,5,30971.9
501852,2025-12-06 10:58:51.953195320,10514,20007,5.0,Debit Card,Delivered,22213,0,111065.0
501853,2025-12-06 11:50:34.023402340,10231,20083,3.0,Cash on Delivery,Returned,9080,10,24516.0
501854,2025-12-06 12:42:16.093609361,10502,20042,4.0,UPI,Delivered,51100,10,183960.0
501855,2025-12-06 13:33:58.163816382,10464,20028,1.0,UPI,Cancelled,8241,15,7004.85
501856,2025-12-06 14:25:40.234023402,10481,20088,3.0,Credit Card,Delivered,7259,10,19599.3
501857,2025-12-06 15:17:22.304230423,10482,20003,2.0,UPI,Delivered,53620,20,85792.0
501858,2025-12-06 16:09:04.374437444,10345,20049,4.0,Debit Card,Cancelled,578,0,2312.0
501859,2025-12-06 17:00:46.444644465,10067,20017,5.0,Net Banking,Delivered,1945,0,9725.0
501860,2025-12-06 17:52:28.514851485,10555,20014,4.0,UPI,Delivered,13717,0,54868.0
501861,2025-12-06 18:44:10.585058506,10366,20003,1.0,Cash on Delivery,Returned,53620,0,53620.0
501862,2025-12-06 19:35:52.655265527,10541,20020,2.0,UPI,Delivered,1219,15,2072.3
501863,2025-12-06 20:27:34.725472547,10576,20099,1.0,Debit Card,Cancelled,4248,15,3610.8
501864,2025-12-06 21:19:16.795679568,10113,20047,5.0,Credit Card,Delivered,20791,0,103955.0
501865,2025-12-06 22:10:58.865886589,10242,20104,1.0,Debit Card,Delivered,778,0,778.0
501866,2025-12-06 23:02:40.936093610,10116,20028,2.0,UPI,Delivered,8241,15,14009.7
501867,2025-12-06 23:54:23.006300630,10031,20080,2.0,Cash on Delivery,Delivered,8370,15,14229.0
501868,2025-12-07 00:46:05.076507651,10580,20010,5.0,Cash on Delivery,Returned,24340,0,121700.0
501869,2025-12-07 01:37:47.146714672,10554,20012,4.0,Credit Card,Delivered,15742,0,62968.0
501870,2025-12-07 02:29:29.216921692,10560,20002,4.0,Credit Card,Delivered,66297,0,265188.0
501871,2025-12-07 03:21:11.287128713,10531,20094,3.0,Debit Card,Delivered,4584,5,13064.4
501872,2025-12-07 04:12:53.357335734,10390,20070,1.0,Credit Card,Delivered,4368,0,4368.0
501873,2025-12-07 05:04:35.427542754,10314,20078,5.0,Credit Card,Delivered,7034,10,31653.0
501874,2025-12-07 05:56:17.497749775,10595,20097,1.0,Credit Card,Returned,3648,5,3465.6
501875,2025-12-07 06:47:59.567956796,10332,20035,2.0,Net Banking,Delivered,15331,15,26062.7
501876,2025-12-07 07:39:41.638163817,10386,20076,2.0,Debit Card,Delivered,6747,20,10795.2
501877,2025-12-07 08:31:23.708370837,10128,20053,2.0,UPI,Cancelled,2733,0,5466.0
501878,2025-12-07 09:23:05.778577858,10449,20057,5.0,Cash on Delivery,Delivered,4302,5,20434.5
501879,2025-12-07 10:14:47.848784879,10492,20069,1.0,UPI,Cancelled,3824,15,3250.4
501880,2025-12-07 11:06:29.918991899,10408,20049,2.0,UPI,Cancelled,578,0,1156.0
501881,2025-12-07 11:58:11.989198920,10300,20003,1.0,Cash on Delivery,Delivered,53620,15,45577.0
501882,2025-12-07 12:49:54.059405941,10119,20008,5.0,UPI,Delivered,36276,0,181380.0
501883,2025-12-07 13:41:36.129612961,10021,20053,3.0,UPI,Delivered,2733,15,6969.15
501884,2025-12-07 14:33:18.199819982,10377,20060,2.0,Credit Card,Delivered,4824,10,8683.2
501885,2025-12-07 15:25:00.270027003,10410,20077,1.0,Net Banking,Delivered,4744,20,3795.2
501886,2025-12-07 16:16:42.340234024,10464,20060,1.0,UPI,Delivered,4824,0,4824.0
501887,2025-12-07 17:08:24.410441044,10571,20020,1.0,Credit Card,Delivered,1219,20,975.2
501888,2025-12-07 18:00:06.480648065,10299,20039,2.0,UPI,Delivered,5898,5,11206.2
501889,2025-12-07 18:51:48.550855086,10498,20047,5.0,Credit Card,Cancelled,20791,15,88361.75
501890,2025-12-07 19:43:30.621062106,10430,20103,1.0,UPI,Delivered,2822,15,2398.7
501891,2025-12-07 20:35:12.691269127,10167,20056,2.0,UPI,Delivered,1999,10,3598.2
501892,2025-12-07 21:26:54.761476148,10508,20067,1.0,Cash on Delivery,Returned,2588,5,2458.6
501893,2025-12-07 22:18:36.831683168,10032,20077,1.0,Debit Card,Returned,4744,15,4032.4
501894,2025-12-07 23:10:18.901890189,10360,20038,2.0,Net Banking,Delivered,9637,5,18310.3
501895,2025-12-08 00:02:00.972097210,10565,20101,3.0,Cash on Delivery,Cancelled,2343,20,5623.2
501896,2025-12-08 00:53:43.042304231,10396,20071,5.0,Cash on Delivery,Delivered,4484,10,20178.0
501897,2025-12-08 01:45:25.112511251,10563,20089,2.0,Debit Card,Cancelled,507,10,912.6
501898,2025-12-08 02:37:07.182718272,10034,20078,1.0,UPI,Returned,7034,10,6330.6
501899,2025-12-08 03:28:49.252925293,10320,20065,4.0,Net Banking,Delivered,1731,0,6924.0
501900,2025-12-08 04:20:31.323132313,10469,20004,1.0,Credit Card,Delivered,68919,15,58581.15
501901,2025-12-08 05:12:13.393339334,10386,20061,3.0,UPI,Delivered,7110,0,21330.0
501902,2025-12-08 06:03:55.463546355,10529,20014,5.0,Credit Card,Returned,13717,10,61726.5
501903,2025-12-08 06:55:37.533753375,10278,20063,1.0,UPI,Returned,7613,15,6471.05
501904,2025-12-08 07:47:19.603960396,10410,20073,5.0,Credit Card,Cancelled,5411,5,25702.25
501905,2025-12-08 08:39:01.674167417,10252,20057,1.0,Net Banking,Delivered,4302,20,3441.6
501906,2025-12-08 09:30:43.744374438,10524,20033,2.0,Credit Card,Delivered,16169,0,32338.0
501907,2025-12-08 10:22:25.814581458,10072,20007,1.0,UPI,Returned,22213,0,22213.0
501908,2025-12-08 11:14:07.884788479,10153,20070,1.0,UPI,Delivered,4368,0,4368.0
501909,2025-12-08 12:05:49.954995500,10059,20073,3.0,Net Banking,Delivered,5411,20,12986.4
501910,2025-12-08 12:57:32.025202520,10422,20050,2.0,Credit Card,Delivered,1390,5,2641.0
501911,2025-12-08 13:49:14.095409541,10140,20075,2.0,Credit Card,Delivered,7740,0,15480.0
501912,2025-12-08 14:40:56.165616562,10191,20082,2.0,Debit Card,Delivered,7271,20,11633.6
501913,2025-12-08 15:32:38.235823583,10502,20054,3.0,Net Banking,Delivered,1287,0,3861.0
501914,2025-12-08 16:24:20.306030603,10217,20005,5.0,Credit Card,Delivered,55986,0,279930.0
501915,2025-12-08 17:16:02.376237624,10088,20091,2.0,Debit Card,Delivered,412,20,659.2
501916,2025-12-08 18:07:44.446444645,10013,20049,1.0,UPI,Returned,578,0,578.0
501917,2025-12-08 18:59:26.516651665,10137,20070,1.0,Cash on Delivery,Delivered,4368,20,3494.4
501918,2025-12-08 19:51:08.586858686,10549,20095,2.0,Credit Card,Delivered,1791,0,3582.0
501919,2025-12-08 20:42:50.657065707,10330,20038,1.0,Debit Card,Returned,9637,5,9155.15
501920,2025-12-08 21:34:32.727272727,10597,20065,1.0,UPI,Delivered,1731,10,1557.9
501921,2025-12-08 22:26:14.797479748,10130,20003,1.0,Debit Card,Cancelled,53620,20,42896.0
501922,2025-12-08 23:17:56.867686769,10211,20093,5.0,UPI,Returned,2351,20,9404.0
501923,2025-12-09 00:09:38.937893790,10098,20007,2.0,Credit Card,Delivered,22213,15,37762.1
501924,2025-12-09 01:01:21.008100810,10240,20057,5.0,Debit Card,Delivered,4302,20,17208.0
501925,2025-12-09 01:53:03.078307831,10338,20037,2.0,Net Banking,Delivered,4164,20,6662.4
501926,2025-12-09 02:44:45.148514852,10485,20004,2.0,UPI,Cancelled,68919,5,130946.1
501927,2025-12-09 03:36:27.218721872,10221,20049,5.0,Net Banking,Delivered,578,20,2312.0
501928,2025-12-09 04:28:09.288928893,10463,20098,3.0,UPI,Returned,1112,15,2835.6
501929,2025-12-09 05:19:51.359135914,10376,20018,1.0,Credit Card,Delivered,3166,0,3166.0
501930,2025-12-09 06:11:33.429342934,10176,20031,1.0,UPI,Delivered,16301,20,13040.8
501931,2025-12-09 07:03:15.499549955,10548,20020,3.0,UPI,Returned,1219,0,3657.0
501932,2025-12-09 07:54:57.569756976,10261,20013,1.0,Cash on Delivery,Returned,24693,0,24693.0
501933,2025-12-09 08:46:39.639963997,10091,20024,1.0,UPI,Cancelled,4109,0,4109.0
501934,2025-12-09 09:38:21.710171017,10578,20060,1.0,Cash on Delivery,Delivered,4824,5,4582.8
501935,2025-12-09 10:30:03.780378038,10549,20082,3.0,UPI,Delivered,7271,0,21813.0
501936,2025-12-09 11:21:45.850585059,10030,20072,2.0,Debit Card,Delivered,3499,0,6998.0
501937,2025-12-09 12:13:27.920792079,10542,20081,1.0,UPI,Returned,14773,0,14773.0
501938,2025-12-09 13:05:09.990999100,10569,20075,3.0,Debit Card,Delivered,7740,0,23220.0
501939,2025-12-09 13:56:52.061206121,10498,20040,3.0,Cash on Delivery,Delivered,9982,0,29946.0
501940,2025-12-09 14:48:34.131413141,10153,20094,3.0,Credit Card,Delivered,4584,0,13752.0
501941,2025-12-09 15:40:16.201620162,10379,20018,1.0,UPI,Returned,3166,0,3166.0
501942,2025-12-09 16:31:58.271827183,10323,20073,4.0,Net Banking,Delivered,5411,15,18397.4
501943,2025-12-09 17:23:40.342034204,10373,20012,1.0,Debit Card,Cancelled,15742,10,14167.8
501944,2025-12-09 18:15:22.412241224,10370,20080,2.0,UPI,Delivered,8370,0,16740.0
501945,2025-12-09 19:07:04.482448245,10384,20010,2.0,Debit Card,Delivered,24340,0,48680.0
501946,2025-12-09 19:58:46.552655266,10309,20023,1.0,Debit Card,Delivered,2698,5,2563.1
501947,2025-12-09 20:50:28.622862286,10415,20041,2.0,Debit Card,Cancelled,36528,0,73056.0
501948,2025-12-09 21:42:10.693069307,10316,20073,1.0,UPI,Delivered,5411,10,4869.9
501949,2025-12-09 22:33:52.763276328,10010,20005,2.0,Credit Card,Delivered,55986,0,111972.0
501950,2025-12-09 23:25:34.833483348,10022,20027,3.0,Cash on Delivery,Delivered,7598,20,18235.2
501951,2025-12-10 00:17:16.903690369,10575,20035,1.0,Credit Card,Delivered,15331,0,15331.0
501952,2025-12-10 01:08:58.973897390,10546,20077,2.0,Credit Card,Delivered,4744,15,8064.8
501953,2025-12-10 02:00:41.044104411,10352,20100,5.0,Cash on Delivery,Delivered,2214,10,9963.0
501954,2025-12-10 02:52:23.114311431,10105,20064,1.0,UPI,Cancelled,3045,10,2740.5
501955,2025-12-10 03:44:05.184518452,10469,20053,1.0,Credit Card,Delivered,2733,20,2186.4
501956,2025-12-10 04:35:47.254725473,10086,20035,1.0,Debit Card,Delivered,15331,5,14564.45
501957,2025-12-10 05:27:29.324932493,10227,20086,2.0,Debit Card,Delivered,13579,15,23084.3
501958,2025-12-10 06:19:11.395139514,10198,20012,1.0,Cash on Delivery,Delivered,15742,5,14954.9
501959,2025-12-10 07:10:53.465346535,10008,20014,4.0,Debit Card,Delivered,13717,10,49381.2
501960,2025-12-10 08:02:35.535553556,10485,20021,1.0,UPI,Delivered,11517,5,10941.15
501961,2025-12-10 08:54:17.605760576,10306,20028,3.0,Credit Card,Delivered,8241,20,19778.4
501962,2025-12-10 09:45:59.675967597,10190,20049,1.0,UPI,Delivered,578,0,578.0
501963,2025-12-10 10:37:41.746174618,10305,20099,1.0,Cash on Delivery,Cancelled,4248,15,3610.8
501964,2025-12-10 11:29:23.816381638,10001,20068,1.0,UPI,Returned,1337,0,1337.0
501965,2025-12-10 12:21:05.886588659,10263,20040,2.0,Credit Card,Delivered,9982,0,19964.0
501966,2025-12-10 13:12:47.956795680,10312,20022,1.0,Credit Card,Delivered,9827,10,8844.3
501967,2025-12-10 14:04:30.027002700,10204,20068,1.0,UPI,Delivered,1337,0,1337.0
501968,2025-12-10 14:56:12.097209721,10499,20027,2.0,UPI,Delivered,7598,0,15196.0
501969,2025-12-10 15:47:54.167416742,10150,20102,2.0,Debit Card,Delivered,2774,10,4993.2
501970,2025-12-10 16:39:36.237623763,10083,20050,1.0,UPI,Delivered,1390,10,1251.0
501971,2025-12-10 17:31:18.307830783,10317,20058,2.0,Cash on Delivery,Delivered,3049,10,5488.2
501972,2025-12-10 18:23:00.378037804,10533,20094,2.0,Cash on Delivery,Delivered,4584,5,8709.6
501973,2025-12-10 19:14:42.448244825,10226,20032,4.0,UPI,Returned,14051,15,47773.4
501974,2025-12-10 20:06:24.518451845,10028,20050,2.0,Net Banking,Delivered,1390,0,2780.0
501975,2025-12-10 20:58:06.588658866,10582,20056,4.0,UPI,Delivered,1999,0,7996.0
501976,2025-12-10 21:49:48.658865887,10267,20029,1.0,UPI,Delivered,11176,0,11176.0
501977,2025-12-10 22:41:30.729072907,10104,20006,1.0,UPI,Delivered,34232,20,27385.6
501978,2025-12-10 23:33:12.799279928,10370,20030,2.0,Net Banking,Delivered,6241,15,10609.7
501979,2025-12-11 00:24:54.869486949,10192,20012,1.0,Debit Card,Delivered,15742,5,14954.9
501980,2025-12-11 01:16:36.939693970,10563,20071,3.0,UPI,Delivered,4484,20,10761.6
501981,2025-12-11 02:08:19.009900990,10177,20001,2.0,Debit Card,Delivered,63388,20,101420.8
501982,2025-12-11 03:00:01.080108011,10331,20033,1.0,Debit Card,Delivered,16169,0,16169.0
501983,2025-12-11 03:51:43.150315032,10326,20092,2.0,Debit Card,Delivered,803,5,1525.7
501984,2025-12-11 04:43:25.220522052,10146,20060,1.0,Credit Card,Delivered,4824,20,3859.2
501985,2025-12-11 05:35:07.290729073,10300,20070,2.0,Net Banking,Delivered,4368,0,8736.0
501986,2025-12-11 06:26:49.360936094,10066,20070,5.0,Debit Card,Cancelled,4368,0,21840.0
501987,2025-12-11 07:18:31.431143114,10387,20032,3.0,UPI,Delivered,14051,0,42153.0
501988,2025-12-11 08:10:13.501350135,10455,20066,2.0,Net Banking,Delivered,1710,20,2736.0
501989,2025-12-11 09:01:55.571557156,10571,20024,2.0,UPI,Cancelled,4109,0,8218.0
501990,2025-12-11 09:53:37.641764177,10196,20067,2.0,Debit Card,Delivered,2588,10,4658.4
501991,2025-12-11 10:45:19.711971197,10172,20072,5.0,Debit Card,Delivered,3499,0,17495.0
501992,2025-12-11 11:37:01.782178218,10330,20092,5.0,UPI,Cancelled,803,15,3412.75
501993,2025-12-11 12:28:43.852385239,10416,20096,2.0,UPI,Delivered,3065,20,4904.0
501994,2025-12-11 13:20:25.922592259,10596,20003,5.0,Debit Card,Delivered,53620,0,268100.0
501995,2025-12-11 14:12:07.992799280,10016,20032,1.0,Net Banking,Delivered,14051,0,14051.0
501996,2025-12-11 15:03:50.063006301,10143,20057,1.0,Net Banking,Delivered,4302,10,3871.8
501997,2025-12-11 15:55:32.133213321,10158,20034,1.0,Debit Card,Delivered,6711,0,6711.0
501998,2025-12-11 16:47:14.203420342,10154,20065,3.0,UPI,Returned,1731,10,4673.7
501999,2025-12-11 17:38:56.273627363,10279,20089,2.0,UPI,Cancelled,507,0,1014.0
502000,2025-12-11 18:30:38.343834384,10524,20027,2.0,Debit Card,Returned,7598,0,15196.0
502001,2025-12-11 19:22:20.414041404,10019,20093,1.0,Credit Card,Delivered,2351,10,2115.9
502002,2025-12-11 20:14:02.484248425,10490,20092,2.0,Debit Card,Returned,803,0,1606.0
502003,2025-12-11 21:05:44.554455446,10371,20096,1.0,UPI,Delivered,3065,0,3065.0
502004,2025-12-11 21:57:26.624662466,10370,20008,2.0,UPI,Delivered,36276,0,72552.0
502005,2025-12-11 22:49:08.694869487,10407,20031,1.0,Debit Card,Delivered,16301,0,16301.0
502006,2025-12-11 23:40:50.765076508,10070,20013,5.0,Debit Card,Delivered,24693,0,123465.0
502007,2025-12-12 00:32:32.835283529,10449,20013,3.0,Debit Card,Delivered,24693,20,59263.2
502008,2025-12-12 01:24:14.905490549,10149,20006,1.0,UPI,Delivered,34232,0,34232.0
502009,2025-12-12 02:15:56.975697570,10310,20046,5.0,Net Banking,Delivered,18692,0,93460.0
502010,2025-12-12 03:07:39.045904591,10407,20010,3.0,Credit Card,Returned,24340,15,62067.0
502011,2025-12-12 03:59:21.116111611,10363,20031,1.0,Debit Card,Delivered,16301,20,13040.8
502012,2025-12-12 04:51:03.186318632,10194,20103,2.0,Debit Card,Cancelled,2822,0,5644.0
502013,2025-12-12 05:42:45.256525653,10238,20092,1.0,Credit Card,Delivered,803,0,803.0
502014,2025-12-12 06:34:27.326732673,10286,20098,1.0,Debit Card,Returned,1112,15,945.2
502015,2025-12-12 07:26:09.396939694,10025,20004,2.0,Credit Card,Delivered,68919,10,124054.2
502016,2025-12-12 08:17:51.467146715,10436,20069,4.0,Credit Card,Delivered,3824,20,12236.8
502017,2025-12-12 09:09:33.537353736,10060,20066,1.0,Debit Card,Delivered,1710,10,1539.0
502018,2025-12-12 10:01:15.607560756,10276,20014,2.0,UPI,Cancelled,13717,20,21947.2
502019,2025-12-12 10:52:57.677767777,10393,20095,5.0,Cash on Delivery,Delivered,1791,0,8955.0
502020,2025-12-12 11:44:39.747974798,10049,20043,5.0,UPI,Returned,21634,0,108170.0
502021,2025-12-12 12:36:21.818181818,10598,20102,2.0,UPI,Delivered,2774,10,4993.2
502022,2025-12-12 13:28:03.888388839,10227,20012,1.0,Debit Card,Delivered,15742,15,13380.7
502023,2025-12-12 14:19:45.958595860,10010,20068,3.0,UPI,Cancelled,1337,0,4011.0
502024,2025-12-12 15:11:28.028802880,10396,20014,3.0,Cash on Delivery,Delivered,13717,5,39093.45
502025,2025-12-12 16:03:10.099009901,10335,20099,5.0,Credit Card,Delivered,4248,0,21240.0
502026,2025-12-12 16:54:52.169216922,10385,20064,5.0,UPI,Cancelled,3045,0,15225.0
502027,2025-12-12 17:46:34.239423943,10451,20008,3.0,UPI,Delivered,36276,20,87062.4
502028,2025-12-12 18:38:16.309630963,10286,20023,1.0,UPI,Returned,2698,20,2158.4
502029,2025-12-12 19:29:58.379837984,10497,20038,1.0,UPI,Delivered,9637,20,7709.6
502030,2025-12-12 20:21:40.450045005,10223,20002,3.0,UPI,Cancelled,66297,5,188946.45
502031,2025-12-12 21:13:22.520252025,10328,20001,2.0,UPI,Delivered,63388,0,126776.0
502032,2025-12-12 22:05:04.590459046,10096,20097,2.0,UPI,Delivered,3648,0,7296.0
502033,2025-12-12 22:56:46.660666067,10372,20103,2.0,Credit Card,Cancelled,2822,10,5079.6
502034,2025-12-12 23:48:28.730873087,10157,20056,3.0,UPI,Delivered,1999,0,5997.0
502035,2025-12-13 00:40:10.801080108,10419,20094,2.0,UPI,Delivered,4584,0,9168.0
502036,2025-12-13 01:31:52.871287129,10481,20069,1.0,UPI,Cancelled,3824,20,3059.2
502037,2025-12-13 02:23:34.941494150,10516,20003,5.0,UPI,Delivered,53620,0,268100.0
502038,2025-12-13 03:15:17.011701170,10558,20075,1.0,UPI,Delivered,7740,10,6966.0
502039,2025-12-13 04:06:59.081908191,10074,20002,1.0,UPI,Delivered,66297,0,66297.0
502040,2025-12-13 04:58:41.152115212,10083,20085,1.0,UPI,Delivered,11910,0,11910.0
502041,2025-12-13 05:50:23.222322232,10556,20039,2.0,Cash on Delivery,Cancelled,5898,10,10616.4
502042,2025-12-13 06:42:05.292529253,10229,20015,5.0,UPI,Delivered,27789,0,138945.0
502043,2025-12-13 07:33:47.362736274,10016,20027,1.0,UPI,Returned,7598,15,6458.3
502044,2025-12-13 08:25:29.432943294,10173,20072,1.0,Debit Card,Delivered,3499,15,2974.15
502045,2025-12-13 09:17:11.503150315,10502,20089,1.0,Credit Card,Delivered,507,5,481.65
502046,2025-12-13 10:08:53.573357336,10213,20060,1.0,UPI,Returned,4824,0,4824.0
502047,2025-12-13 11:00:35.643564357,10047,20017,2.0,Net Banking,Delivered,1945,20,3112.0
502048,2025-12-13 11:52:17.713771377,10434,20094,1.0,Debit Card,Delivered,4584,0,4584.0
502049,2025-12-13 12:43:59.783978398,10117,20083,4.0,Cash on Delivery,Delivered,9080,15,30872.0
502050,2025-12-13 13:35:41.854185419,10212,20043,2.0,Cash on Delivery,Returned,21634,0,43268.0
502051,2025-12-13 14:27:23.924392439,10003,20058,3.0,Credit Card,Returned,3049,0,9147.0
502052,2025-12-13 15:19:05.994599460,10362,20101,1.0,Debit Card,Delivered,2343,10,2108.7
502053,2025-12-13 16:10:48.064806481,10268,20040,1.0,Credit Card,Cancelled,9982,0,9982.0
502054,2025-12-13 17:02:30.135013502,10521,20003,2.0,Cash on Delivery,Delivered,53620,5,101878.0
502055,2025-12-13 17:54:12.205220522,10201,20016,1.0,Credit Card,Delivered,24382,10,21943.8
502056,2025-12-13 18:45:54.275427543,10123,20063,2.0,UPI,Cancelled,7613,0,15226.0
502057,2025-12-13 19:37:36.345634564,10100,20104,2.0,UPI,Delivered,778,0,1556.0
502058,2025-12-13 20:29:18.415841584,10121,20077,2.0,Credit Card,Delivered,4744,0,9488.0
502059,2025-12-13 21:21:00.486048605,10271,20065,2.0,Credit Card,Delivered,1731,0,3462.0
502060,2025-12-13 22:12:42.556255626,10053,20034,4.0,Net Banking,Returned,6711,20,21475.2
502061,2025-12-13 23:04:24.626462646,10242,20046,4.0,UPI,Delivered,18692,0,74768.0
502062,2025-12-13 23:56:06.696669667,10513,20004,1.0,Net Banking,Delivered,68919,15,58581.15
502063,2025-12-14 00:47:48.766876688,10461,20039,3.0,UPI,Cancelled,5898,0,17694.0
502064,2025-12-14 01:39:30.837083709,10383,20065,5.0,Credit Card,Delivered,1731,0,8655.0
502065,2025-12-14 02:31:12.907290729,10536,20095,4.0,Credit Card,Delivered,1791,5,6805.8
502066,2025-12-14 03:22:54.977497750,10469,20096,1.0,UPI,Cancelled,3065,20,2452.0
502067,2025-12-14 04:14:37.047704771,10392,20086,4.0,Credit Card,Delivered,13579,10,48884.4
502068,2025-12-14 05:06:19.117911791,10518,20003,4.0,UPI,Delivered,53620,0,214480.0
502069,2025-12-14 05:58:01.188118812,10075,20085,1.0,UPI,Returned,11910,15,10123.5
502070,2025-12-14 06:49:43.258325833,10491,20023,4.0,Net Banking,Delivered,2698,15,9173.2
502071,2025-12-14 07:41:25.328532853,10178,20065,3.0,UPI,Returned,1731,20,4154.4
502072,2025-12-14 08:33:07.398739874,10440,20099,4.0,Debit Card,Delivered,4248,0,16992.0
502073,2025-12-14 09:24:49.468946895,10548,20093,3.0,Debit Card,Delivered,2351,15,5995.05
502074,2025-12-14 10:16:31.539153916,10298,20070,4.0,UPI,Delivered,4368,0,17472.0
502075,2025-12-14 11:08:13.609360936,10054,20032,5.0,Cash on Delivery,Delivered,14051,0,70255.0
502076,2025-12-14 11:59:55.679567957,10223,20055,4.0,Net Banking,Returned,1081,10,3891.6
502077,2025-12-14 12:51:37.749774978,10245,20074,2.0,Net Banking,Returned,5850,5,11115.0
502078,2025-12-14 13:43:19.819981998,10563,20054,2.0,Net Banking,Delivered,1287,0,2574.0
502079,2025-12-14 14:35:01.890189019,10566,20043,3.0,Credit Card,Delivered,21634,0,64902.0
502080,2025-12-14 15:26:43.960396040,10342,20042,4.0,Cash on Delivery,Cancelled,51100,10,183960.0
502081,2025-12-14 16:18:26.030603060,10571,20063,2.0,UPI,Returned,7613,20,12180.8
502082,2025-12-14 17:10:08.100810081,10262,20004,1.0,UPI,Delivered,68919,0,68919.0
502083,2025-12-14 18:01:50.171017102,10247,20104,3.0,Debit Card,Delivered,778,5,2217.3
502084,2025-12-14 18:53:32.241224123,10502,20011,5.0,UPI,Delivered,32685,0,163425.0
502085,2025-12-14 19:45:14.311431143,10401,20103,5.0,Debit Card,Cancelled,2822,0,14110.0
502086,2025-12-14 20:36:56.381638164,10314,20004,1.0,Credit Card,Delivered,68919,15,58581.15
502087,2025-12-14 21:28:38.451845185,10275,20054,5.0,UPI,Delivered,1287,15,5469.75
502088,2025-12-14 22:20:20.522052205,10424,20044,4.0,Cash on Delivery,Cancelled,32508,5,123530.4
502089,2025-12-14 23:12:02.592259226,10453,20060,1.0,UPI,Delivered,4824,5,4582.8
502090,2025-12-15 00:03:44.662466247,10295,20046,1.0,UPI,Delivered,18692,0,18692.0
502091,2025-12-15 00:55:26.732673267,10019,20094,1.0,Debit Card,Cancelled,4584,20,3667.2
502092,2025-12-15 01:47:08.802880288,10062,20002,5.0,Net Banking,Delivered,66297,20,265188.0
502093,2025-12-15 02:38:50.873087309,10087,20103,4.0,Net Banking,Delivered,2822,0,11288.0
502094,2025-12-15 03:30:32.943294330,10278,20072,2.0,UPI,Delivered,3499,15,5948.3
502095,2025-12-15 04:22:15.013501350,10369,20081,3.0,Cash on Delivery,Delivered,14773,0,44319.0
502096,2025-12-15 05:13:57.083708371,10483,20015,2.0,Debit Card,Cancelled,27789,10,50020.2
502097,2025-12-15 06:05:39.153915392,10140,20007,5.0,Net Banking,Delivered,22213,20,88852.0
502098,2025-12-15 06:57:21.224122412,10472,20042,1.0,UPI,Returned,51100,0,51100.0
502099,2025-12-15 07:49:03.294329433,10400,20034,1.0,UPI,Delivered,6711,5,6375.45
502100,2025-12-15 08:40:45.364536454,10031,20082,1.0,Credit Card,Returned,7271,10,6543.9
502101,2025-12-15 09:32:27.434743475,10211,20094,4.0,Credit Card,Delivered,4584,0,18336.0
502102,2025-12-15 10:24:09.504950495,10182,20045,2.0,UPI,Cancelled,19570,0,39140.0
502103,2025-12-15 11:15:51.575157516,10532,20080,3.0,Credit Card,Delivered,8370,10,22599.0
502104,2025-12-15 12:07:33.645364537,10553,20007,5.0,Debit Card,Delivered,22213,0,111065.0
502105,2025-12-15 12:59:15.715571557,10492,20078,1.0,UPI,Delivered,7034,10,6330.6
502106,2025-12-15 13:50:57.785778578,10317,20011,5.0,Credit Card,Delivered,32685,0,163425.0
502107,2025-12-15 14:42:39.855985599,10296,20070,1.0,UPI,Delivered,4368,0,4368.0
502108,2025-12-15 15:34:21.926192619,10187,20040,4.0,Net Banking,Delivered,9982,0,39928.0
502109,2025-12-15 16:26:03.996399640,10464,20044,3.0,Credit Card,Delivered,32508,0,97524.0
502110,2025-12-15 17:17:46.066606661,10052,20029,4.0,Credit Card,Returned,11176,0,44704.0
502111,2025-12-15 18:09:28.136813682,10163,20042,1.0,Cash on Delivery,Cancelled,51100,0,51100.0
502112,2025-12-15 19:01:10.207020702,10082,20091,5.0,Debit Card,Delivered,412,0,2060.0
502113,2025-12-15 19:52:52.277227723,10297,20085,4.0,UPI,Delivered,11910,0,47640.0
502114,2025-12-15 20:44:34.347434744,10180,20036,1.0,Debit Card,Returned,17380,5,16511.0
502115,2025-12-15 21:36:16.417641764,10119,20031,2.0,Cash on Delivery,Cancelled,16301,0,32602.0
502116,2025-12-15 22:27:58.487848785,10226,20053,4.0,UPI,Delivered,2733,0,10932.0
502117,2025-12-15 23:19:40.558055806,10517,20072,2.0,Debit Card,Delivered,3499,0,6998.0
502118,2025-12-16 00:11:22.628262826,10335,20019,2.0,UPI,Delivered,1265,0,2530.0
502119,2025-12-16 01:03:04.698469847,10494,20076,1.0,Net Banking,Delivered,6747,15,5734.95
502120,2025-12-16 01:54:46.768676868,10549,20099,2.0,Debit Card,Delivered,4248,5,8071.2
502121,2025-12-16 02:46:28.838883889,10542,20088,5.0,Cash on Delivery,Delivered,7259,10,32665.5
502122,2025-12-16 03:38:10.909090909,10211,20058,2.0,Debit Card,Returned,3049,0,6098.0
502123,2025-12-16 04:29:52.979297930,10527,20034,3.0,UPI,Delivered,6711,5,19126.35
502124,2025-12-16 05:21:35.049504951,10546,20034,4.0,Credit Card,Delivered,6711,15,22817.4
502125,2025-12-16 06:13:17.119711971,10576,20078,4.0,Cash on Delivery,Delivered,7034,0,28136.0
502126,2025-12-16 07:04:59.189918992,10211,20048,2.0,UPI,Returned,23385,20,37416.0
502127,2025-12-16 07:56:41.260126013,10138,20012,4.0,UPI,Cancelled,15742,0,62968.0
502128,2025-12-16 08:48:23.330333033,10351,20071,1.0,Debit Card,Cancelled,4484,0,4484.0
502129,2025-12-16 09:40:05.400540054,10560,20015,2.0,Credit Card,Delivered,27789,0,55578.0
502130,2025-12-16 10:31:47.470747075,10541,20103,1.0,UPI,Delivered,2822,5,2680.9
502131,2025-12-16 11:23:29.540954096,10343,20044,5.0,UPI,Delivered,32508,20,130032.0
502132,2025-12-16 12:15:11.611161116,10090,20036,3.0,UPI,Delivered,17380,5,49533.0
502133,2025-12-16 13:06:53.681368137,10254,20006,2.0,Debit Card,Cancelled,34232,0,68464.0
502134,2025-12-16 13:58:35.751575158,10429,20018,2.0,Credit Card,Delivered,3166,0,6332.0
502135,2025-12-16 14:50:17.821782178,10337,20099,2.0,Credit Card,Delivered,4248,20,6796.8
502136,2025-12-16 15:41:59.891989199,10208,20056,4.0,Net Banking,Delivered,1999,20,6396.8
502137,2025-12-16 16:33:41.962196220,10206,20094,1.0,UPI,Cancelled,4584,10,4125.6
502138,2025-12-16 17:25:24.032403240,10036,20100,4.0,Debit Card,Returned,2214,20,7084.8
502139,2025-12-16 18:17:06.102610261,10174,20006,1.0,UPI,Delivered,34232,15,29097.2
502140,2025-12-16 19:08:48.172817282,10402,20040,1.0,Credit Card,Delivered,9982,0,9982.0
502141,2025-12-16 20:00:30.243024303,10145,20088,3.0,Credit Card,Delivered,7259,20,17421.6
502142,2025-12-16 20:52:12.313231323,10597,20052,3.0,Debit Card,Delivered,1561,0,4683.0
502143,2025-12-16 21:43:54.383438344,10050,20053,1.0,Cash on Delivery,Delivered,2733,15,2323.05
502144,2025-12-16 22:35:36.453645365,10354,20060,3.0,UPI,Delivered,4824,10,13024.8
502145,2025-12-16 23:27:18.523852385,10298,20074,3.0,UPI,Delivered,5850,10,15795.0
502146,2025-12-17 00:19:00.594059406,10500,20098,4.0,Credit Card,Delivered,1112,20,3558.4
502147,2025-12-17 01:10:42.664266427,10533,20093,5.0,Credit Card,Delivered,2351,0,11755.0
502148,2025-12-17 02:02:24.734473448,10327,20066,4.0,UPI,Cancelled,1710,0,6840.0
502149,2025-12-17 02:54:06.804680468,10379,20061,2.0,Cash on Delivery,Returned,7110,10,12798.0
502150,2025-12-17 03:45:48.874887489,10420,20038,1.0,Net Banking,Returned,9637,15,8191.45
502151,2025-12-17 04:37:30.945094510,10313,20013,1.0,Credit Card,Delivered,24693,0,24693.0
502152,2025-12-17 05:29:13.015301530,10111,20074,2.0,Credit Card,Returned,5850,5,11115.0
502153,2025-12-17 06:20:55.085508551,10258,20001,3.0,UPI,Returned,63388,0,190164.0
502154,2025-12-17 07:12:37.155715572,10145,20073,3.0,Credit Card,Delivered,5411,15,13798.05
502155,2025-12-17 08:04:19.225922592,10279,20052,1.0,Credit Card,Delivered,1561,20,1248.8
502156,2025-12-17 08:56:01.296129613,10370,20082,3.0,Cash on Delivery,Cancelled,7271,0,21813.0
502157,2025-12-17 09:47:43.366336634,10126,20099,4.0,Credit Card,Delivered,4248,10,15292.8
502158,2025-12-17 10:39:25.436543655,10150,20058,3.0,UPI,Delivered,3049,15,7774.95
502159,2025-12-17 11:31:07.506750675,10494,20060,2.0,UPI,Delivered,4824,0,9648.0
502160,2025-12-17 12:22:49.576957696,10227,20051,1.0,UPI,Returned,1170,20,936.0
502161,2025-12-17 13:14:31.647164717,10120,20039,2.0,Cash on Delivery,Returned,5898,20,9436.8
502162,2025-12-17 14:06:13.717371737,10428,20010,3.0,Net Banking,Cancelled,24340,0,73020.0
502163,2025-12-17 14:57:55.787578758,10430,20004,2.0,Net Banking,Delivered,68919,0,137838.0
502164,2025-12-17 15:49:37.857785779,10496,20076,2.0,Net Banking,Delivered,6747,10,12144.6
502165,2025-12-17 16:41:19.927992799,10456,20096,2.0,UPI,Cancelled,3065,20,4904.0
502166,2025-12-17 17:33:01.998199820,10596,20006,2.0,Debit Card,Returned,34232,10,61617.6
502167,2025-12-17 18:24:44.068406841,10345,20035,1.0,Debit Card,Delivered,15331,15,13031.35
502168,2025-12-17 19:16:26.138613862,10173,20064,2.0,UPI,Delivered,3045,15,5176.5
502169,2025-12-17 20:08:08.208820882,10518,20074,1.0,Credit Card,Returned,5850,0,5850.0
502170,2025-12-17 20:59:50.279027903,10159,20077,2.0,Debit Card,Delivered,4744,0,9488.0
502171,2025-12-17 21:51:32.349234924,10175,20073,2.0,Cash on Delivery,Cancelled,5411,0,10822.0
502172,2025-12-17 22:43:14.419441944,10498,20009,3.0,UPI,Delivered,18553,20,44527.2
502173,2025-12-17 23:34:56.489648965,10529,20027,5.0,Cash on Delivery,Cancelled,7598,20,30392.0
502174,2025-12-18 00:26:38.559855986,10204,20049,3.0,Cash on Delivery,Delivered,578,15,1473.9
502175,2025-12-18 01:18:20.630063006,10438,20007,1.0,Cash on Delivery,Delivered,22213,0,22213.0
502176,2025-12-18 02:10:02.700270027,10554,20036,3.0,UPI,Delivered,17380,20,41712.0
502177,2025-12-18 03:01:44.770477048,10480,20041,1.0,UPI,Delivered,36528,20,29222.4
502178,2025-12-18 03:53:26.840684069,10003,20102,1.0,Debit Card,Delivered,2774,15,2357.9
502179,2025-12-18 04:45:08.910891089,10399,20033,1.0,UPI,Returned,16169,0,16169.0
502180,2025-12-18 05:36:50.981098110,10102,20102,5.0,UPI,Cancelled,2774,0,13870.0
502181,2025-12-18 06:28:33.051305131,10508,20073,2.0,Debit Card,Delivered,5411,0,10822.0
502182,2025-12-18 07:20:15.121512151,10041,20072,1.0,UPI,Delivered,3499,0,3499.0
502183,2025-12-18 08:11:57.191719172,10596,20086,1.0,Credit Card,Delivered,13579,10,12221.1
502184,2025-12-18 09:03:39.261926193,10107,20088,3.0,Cash on Delivery,Delivered,7259,20,17421.6
502185,2025-12-18 09:55:21.332133213,10253,20024,4.0,Credit Card,Returned,4109,5,15614.2
502186,2025-12-18 10:47:03.402340234,10141,20044,1.0,Cash on Delivery,Delivered,32508,0,32508.0
502187,2025-12-18 11:38:45.472547255,10489,20055,1.0,Credit Card,Delivered,1081,0,1081.0
502188,2025-12-18 12:30:27.542754276,10237,20102,1.0,UPI,Delivered,2774,15,2357.9
502189,2025-12-18 13:22:09.612961296,10447,20005,3.0,UPI,Delivered,55986,10,151162.2
502190,2025-12-18 14:13:51.683168317,10041,20050,1.0,UPI,Delivered,1390,0,1390.0
502191,2025-12-18 15:05:33.753375338,10272,20023,1.0,UPI,Cancelled,2698,0,2698.0
502192,2025-12-18 15:57:15.823582358,10547,20022,1.0,Net Banking,Delivered,9827,0,9827.0
502193,2025-12-18 16:48:57.893789379,10557,20080,2.0,Cash on Delivery,Delivered,8370,0,16740.0
502194,2025-12-18 17:40:39.963996400,10126,20021,1.0,UPI,Delivered,11517,0,11517.0
502195,2025-12-18 18:32:22.034203421,10237,20083,1.0,UPI,Delivered,9080,15,7718.0
502196,2025-12-18 19:24:04.104410441,10246,20104,1.0,Debit Card,Delivered,778,0,778.0
502197,2025-12-18 20:15:46.174617462,10340,20081,3.0,Credit Card,Delivered,14773,5,42103.05
502198,2025-12-18 21:07:28.244824483,10323,20018,2.0,UPI,Delivered,3166,10,5698.8
502199,2025-12-18 21:59:10.315031503,10064,20015,5.0,,Returned,27789,10,125050.5
502200,2025-12-18 22:50:52.385238524,10458,20046,2.0,UPI,Delivered,18692,0,37384.0
502201,2025-12-18 23:42:34.455445545,10136,20058,1.0,Credit Card,Delivered,3049,10,2744.1
502202,2025-12-19 00:34:16.525652565,10189,20081,1.0,UPI,Cancelled,14773,15,12557.05
502203,2025-12-19 01:25:58.595859586,10505,20044,5.0,Debit Card,Cancelled,32508,10,146286.0
502204,2025-12-19 02:17:40.666066607,10414,20018,2.0,UPI,Returned,3166,15,5382.2
502205,2025-12-19 03:09:22.736273628,10238,20104,1.0,Credit Card,Delivered,778,0,778.0
502206,2025-12-19 04:01:04.806480648,10548,20095,3.0,Credit Card,Delivered,1791,0,5373.0
502207,2025-12-19 04:52:46.876687669,10237,20069,2.0,UPI,Returned,3824,20,6118.4
502208,2025-12-19 05:44:28.946894690,10340,20073,1.0,Cash on Delivery,Cancelled,5411,15,4599.35
502209,2025-12-19 06:36:11.017101710,10148,20098,3.0,Debit Card,Delivered,1112,5,3169.2
502210,2025-12-19 07:27:53.087308731,10110,20050,1.0,Net Banking,Returned,1390,5,1320.5
502211,2025-12-19 08:19:35.157515752,10295,20016,1.0,Credit Card,Delivered,24382,20,19505.6
502212,2025-12-19 09:11:17.227722772,10338,20064,3.0,Credit Card,Cancelled,3045,20,7308.0
502213,2025-12-19 10:02:59.297929793,10484,20047,2.0,UPI,Returned,20791,15,35344.7
502214,2025-12-19 10:54:41.368136814,10235,20084,1.0,Credit Card,Cancelled,7386,10,6647.4
502215,2025-12-19 11:46:23.438343835,10538,20081,1.0,Credit Card,Delivered,14773,15,12557.05
502216,2025-12-19 12:38:05.508550855,10365,20050,2.0,Credit Card,Delivered,1390,10,2502.0
502217,2025-12-19 13:29:47.578757876,10043,20039,3.0,UPI,Returned,5898,5,16809.3
502218,2025-12-19 14:21:29.648964897,10444,20044,1.0,UPI,Delivered,32508,10,29257.2
502219,2025-12-19 15:13:11.719171917,10345,20066,2.0,UPI,Delivered,1710,0,3420.0
502220,2025-12-19 16:04:53.789378938,10234,20067,1.0,UPI,Delivered,2588,15,2199.8
502221,2025-12-19 16:56:35.859585959,10281,20054,5.0,Credit Card,Delivered,1287,0,6435.0
502222,2025-12-19 17:48:17.929792979,10182,20056,4.0,Cash on Delivery,Delivered,1999,5,7596.2
502223,2025-12-19 18:40:00.000000000,10369,20104,1.0,UPI,Delivered,778,10,700.2
502224,2025-12-19 19:31:42.070207021,10341,20027,2.0,UPI,Delivered,7598,0,15196.0
502225,2025-12-19 20:23:24.140414042,10269,20019,5.0,UPI,Returned,1265,0,6325.0
502226,2025-12-19 21:15:06.210621062,10172,20084,1.0,UPI,Cancelled,7386,0,7386.0
502227,2025-12-19 22:06:48.280828083,10240,20098,1.0,Debit Card,Delivered,1112,0,1112.0
502228,2025-12-19 22:58:30.351035104,10299,20064,1.0,UPI,Delivered,3045,20,2436.0
502229,2025-12-19 23:50:12.421242124,10284,20042,2.0,Cash on Delivery,Cancelled,51100,5,97090.0
502230,2025-12-20 00:41:54.491449145,10186,20037,5.0,Net Banking,Cancelled,4164,10,18738.0
502231,2025-12-20 01:33:36.561656166,10350,20049,1.0,Credit Card,Delivered,578,0,578.0
502232,2025-12-20 02:25:18.631863186,10136,20006,1.0,Cash on Delivery,Cancelled,34232,15,29097.2
502233,2025-12-20 03:17:00.702070207,10301,20055,1.0,Debit Card,Delivered,1081,0,1081.0
502234,2025-12-20 04:08:42.772277228,10073,20029,2.0,Cash on Delivery,Cancelled,11176,5,21234.4
502235,2025-12-20 05:00:24.842484249,10284,20028,1.0,UPI,Returned,8241,5,7828.95
502236,2025-12-20 05:52:06.912691269,10471,20059,1.0,Cash on Delivery,Cancelled,5868,15,4987.8
502237,2025-12-20 06:43:48.982898290,10491,20101,3.0,UPI,Returned,2343,0,7029.0
502238,2025-12-20 07:35:31.053105311,10417,20022,4.0,UPI,Delivered,9827,20,31446.4
502239,2025-12-20 08:27:13.123312331,10448,20095,1.0,Cash on Delivery,Delivered,1791,0,1791.0
502240,2025-12-20 09:18:55.193519352,10040,20055,2.0,UPI,Delivered,1081,10,1945.8
502241,2025-12-20 10:10:37.263726373,10205,20102,2.0,UPI,Delivered,2774,0,5548.0
502242,2025-12-20 11:02:19.333933394,10393,20040,3.0,UPI,Delivered,9982,20,23956.8
502243,2025-12-20 11:54:01.404140414,10481,20104,5.0,UPI,Delivered,778,10,3501.0
502244,2025-12-20 12:45:43.474347435,10350,20069,5.0,UPI,Delivered,3824,20,15296.0
502245,2025-12-20 13:37:25.544554456,10513,20070,1.0,Credit Card,Delivered,4368,20,3494.4
502246,2025-12-20 14:29:07.614761476,10164,20059,5.0,Credit Card,Delivered,5868,0,29340.0
502247,2025-12-20 15:20:49.684968497,10093,20047,1.0,Net Banking,Returned,20791,0,20791.0
502248,2025-12-20 16:12:31.755175518,10052,20055,5.0,UPI,Cancelled,1081,0,5405.0
502249,2025-12-20 17:04:13.825382538,10350,20089,1.0,Net Banking,Delivered,507,15,430.95
502250,2025-12-20 17:55:55.895589559,10400,20083,1.0,Credit Card,Delivered,9080,0,9080.0
502251,2025-12-20 18:47:37.965796580,10172,20003,1.0,Debit Card,Delivered,53620,0,53620.0
502252,2025-12-20 19:39:20.036003601,10471,20073,1.0,Debit Card,Delivered,5411,20,4328.8
502253,2025-12-20 20:31:02.106210621,10444,20087,2.0,Cash on Delivery,Cancelled,9356,10,16840.8
502254,2025-12-20 21:22:44.176417642,10217,20078,3.0,UPI,Delivered,7034,5,20046.9
502255,2025-12-20 22:14:26.246624663,10144,20052,3.0,Credit Card,Cancelled,1561,0,4683.0
502256,2025-12-20 23:06:08.316831683,10446,20035,1.0,Cash on Delivery,Delivered,15331,15,13031.35
502257,2025-12-20 23:57:50.387038704,10403,20071,1.0,Debit Card,Delivered,4484,15,3811.4
502258,2025-12-21 00:49:32.457245725,10103,20070,1.0,UPI,Returned,4368,0,4368.0
502259,2025-12-21 01:41:14.527452745,10154,20039,1.0,Debit Card,Returned,5898,15,5013.3
502260,2025-12-21 02:32:56.597659766,10292,20043,3.0,Net Banking,Delivered,21634,0,64902.0
502261,2025-12-21 03:24:38.667866787,10307,20039,3.0,UPI,Delivered,5898,10,15924.6
502262,2025-12-21 04:16:20.738073808,10100,20005,1.0,Debit Card,Cancelled,55986,0,55986.0
502263,2025-12-21 05:08:02.808280828,10570,20004,1.0,Net Banking,Delivered,68919,0,68919.0
502264,2025-12-21 05:59:44.878487849,10234,20009,5.0,Credit Card,Cancelled,18553,15,78850.25
502265,2025-12-21 06:51:26.948694870,10229,20045,2.0,UPI,Returned,19570,15,33269.0
502266,2025-12-21 07:43:09.018901890,10037,20054,1.0,Credit Card,Delivered,1287,10,1158.3
502267,2025-12-21 08:34:51.089108911,10526,20043,5.0,Credit Card,Delivered,21634,0,108170.0
502268,2025-12-21 09:26:33.159315932,10142,20100,1.0,Credit Card,Returned,2214,5,2103.3
502269,2025-12-21 10:18:15.229522952,10593,20024,1.0,Debit Card,Returned,4109,5,3903.55
502270,2025-12-21 11:09:57.299729973,10298,20041,3.0,Credit Card,Returned,36528,15,93146.4
502271,2025-12-21 12:01:39.369936994,10525,20026,2.0,Net Banking,Delivered,9415,15,16005.5
502272,2025-12-21 12:53:21.440144015,10108,20032,1.0,Net Banking,Delivered,14051,20,11240.8
502273,2025-12-21 13:45:03.510351035,10100,20061,4.0,Net Banking,Returned,7110,10,25596.0
502274,2025-12-21 14:36:45.580558056,10481,20033,1.0,Credit Card,Delivered,16169,20,12935.2
502275,2025-12-21 15:28:27.650765077,10492,20034,3.0,UPI,Delivered,6711,15,17113.05
502276,2025-12-21 16:20:09.720972097,10326,20070,1.0,Debit Card,Cancelled,4368,0,4368.0
502277,2025-12-21 17:11:51.791179118,10020,20087,4.0,UPI,Delivered,9356,10,33681.6
502278,2025-12-21 18:03:33.861386139,10567,20023,5.0,Credit Card,Returned,2698,0,13490.0
502279,2025-12-21 18:55:15.931593159,10236,20012,4.0,UPI,Returned,15742,15,53522.8
502280,2025-12-21 19:46:58.001800180,10562,20025,5.0,Credit Card,Cancelled,5959,0,29795.0
502281,2025-12-21 20:38:40.072007201,10523,20061,2.0,Debit Card,Returned,7110,0,14220.0
502282,2025-12-21 21:30:22.142214222,10511,20100,1.0,Credit Card,Delivered,2214,10,1992.6
502283,2025-12-21 22:22:04.212421242,10414,20017,2.0,Credit Card,Returned,1945,0,3890.0
502284,2025-12-21 23:13:46.282628263,10404,20005,2.0,UPI,Returned,55986,10,100774.8
502285,2025-12-22 00:05:28.352835284,10320,20055,3.0,UPI,Delivered,1081,5,3080.85
502286,2025-12-22 00:57:10.423042304,10015,20104,1.0,Credit Card,Delivered,778,10,700.2
502287,2025-12-22 01:48:52.493249325,10233,20058,3.0,Net Banking,Delivered,3049,10,8232.3
502288,2025-12-22 02:40:34.563456346,10439,20097,2.0,Cash on Delivery,Returned,3648,0,7296.0
502289,2025-12-22 03:32:16.633663367,10488,20067,3.0,Cash on Delivery,Delivered,2588,10,6987.6
502290,2025-12-22 04:23:58.703870387,10336,20004,2.0,UPI,Delivered,68919,20,110270.4
502291,2025-12-22 05:15:40.774077408,10426,20045,2.0,UPI,Delivered,19570,5,37183.0
502292,2025-12-22 06:07:22.844284429,10014,20081,1.0,Credit Card,Cancelled,14773,10,13295.7
502293,2025-12-22 06:59:04.914491449,10282,20053,4.0,Debit Card,Delivered,2733,10,9838.8
502294,2025-12-22 07:50:46.984698470,10305,20021,1.0,Debit Card,Delivered,11517,0,11517.0
502295,2025-12-22 08:42:29.054905491,10536,20019,1.0,Net Banking,Cancelled,1265,0,1265.0
502296,2025-12-22 09:34:11.125112511,10187,20070,2.0,Credit Card,Delivered,4368,5,8299.2
502297,2025-12-22 10:25:53.195319532,10138,20049,1.0,Credit Card,Delivered,578,0,578.0
502298,2025-12-22 11:17:35.265526553,10212,20060,5.0,Cash on Delivery,Delivered,4824,10,21708.0
502299,2025-12-22 12:09:17.335733574,10103,20039,1.0,UPI,Delivered,5898,20,4718.4
502300,2025-12-22 13:00:59.405940594,10336,20036,1.0,Net Banking,Delivered,17380,15,14773.0
502301,2025-12-22 13:52:41.476147615,10386,20070,1.0,Debit Card,Cancelled,4368,0,4368.0
502302,2025-12-22 14:44:23.546354636,10481,20001,1.0,UPI,Cancelled,63388,0,63388.0
502303,2025-12-22 15:36:05.616561656,10584,20046,3.0,Cash on Delivery,Returned,18692,0,56076.0
502304,2025-12-22 16:27:47.686768677,10045,20039,2.0,Net Banking,Returned,5898,0,11796.0
502305,2025-12-22 17:19:29.756975698,10149,20082,1.0,Debit Card,Delivered,7271,15,6180.35
502306,2025-12-22 18:11:11.827182718,10181,20076,4.0,UPI,Delivered,6747,10,24289.2
502307,2025-12-22 19:02:53.897389739,10150,20045,3.0,UPI,Returned,19570,0,58710.0
502308,2025-12-22 19:54:35.967596760,10497,20028,2.0,Debit Card,Delivered,8241,10,14833.8
502309,2025-12-22 20:46:18.037803781,10084,20025,2.0,UPI,Returned,5959,5,11322.1
502310,2025-12-22 21:38:00.108010801,10018,20022,3.0,UPI,Delivered,9827,20,23584.8
502311,2025-12-22 22:29:42.178217822,10517,20029,1.0,Credit Card,Delivered,11176,10,10058.4
502312,2025-12-22 23:21:24.248424843,10577,20080,4.0,UPI,Delivered,8370,0,33480.0
502313,2025-12-23 00:13:06.318631863,10136,20005,1.0,Debit Card,Cancelled,55986,5,53186.7
502314,2025-12-23 01:04:48.388838884,10200,20003,1.0,Credit Card,Delivered,53620,0,53620.0
502315,2025-12-23 01:56:30.459045905,10302,20057,2.0,UPI,Returned,4302,20,6883.2
502316,2025-12-23 02:48:12.529252925,10316,20024,5.0,Credit Card,Cancelled,4109,5,19517.75
502317,2025-12-23 03:39:54.599459946,10595,20087,3.0,UPI,Cancelled,9356,20,22454.4
502318,2025-12-23 04:31:36.669666967,10243,20079,1.0,UPI,Cancelled,3686,5,3501.7
502319,2025-12-23 05:23:18.739873988,10008,20080,2.0,Credit Card,Delivered,8370,5,15903.0
502320,2025-12-23 06:15:00.810081008,10254,20048,2.0,Credit Card,Cancelled,23385,0,46770.0
502321,2025-12-23 07:06:42.880288029,10334,20046,1.0,UPI,Delivered,18692,20,14953.6
502322,2025-12-23 07:58:24.950495050,10311,20045,4.0,Debit Card,Delivered,19570,10,70452.0
502323,2025-12-23 08:50:07.020702070,10308,20021,1.0,Credit Card,Cancelled,11517,0,11517.0
502324,2025-12-23 09:41:49.090909091,10554,20060,1.0,Credit Card,Delivered,4824,15,4100.4
502325,2025-12-23 10:33:31.161116112,10485,20090,1.0,UPI,Delivered,691,0,691.0
502326,2025-12-23 11:25:13.231323132,10152,20027,3.0,Debit Card,Delivered,7598,0,22794.0
502327,2025-12-23 12:16:55.301530153,10214,20006,1.0,Credit Card,Delivered,34232,10,30808.8
502328,2025-12-23 13:08:37.371737174,10401,20059,4.0,UPI,Delivered,5868,15,19951.2
502329,2025-12-23 14:00:19.441944195,10247,20042,5.0,Debit Card,Delivered,51100,10,229950.0
502330,2025-12-23 14:52:01.512151215,10258,20083,1.0,Net Banking,Returned,9080,10,8172.0
502331,2025-12-23 15:43:43.582358236,10101,20090,1.0,UPI,Cancelled,691,0,691.0
502332,2025-12-23 16:35:25.652565257,10153,20099,5.0,Debit Card,Returned,4248,0,21240.0
502333,2025-12-23 17:27:07.722772277,10445,20041,1.0,Net Banking,Delivered,36528,0,36528.0
502334,2025-12-23 18:18:49.792979298,10506,20094,2.0,UPI,Delivered,4584,0,9168.0
502335,2025-12-23 19:10:31.863186319,10471,20013,4.0,Cash on Delivery,Returned,24693,0,98772.0
502336,2025-12-23 20:02:13.933393340,10185,20039,1.0,Credit Card,Delivered,5898,0,5898.0
502337,2025-12-23 20:53:56.003600360,10082,20028,3.0,Debit Card,Delivered,8241,0,24723.0
502338,2025-12-23 21:45:38.073807381,10096,20097,2.0,Cash on Delivery,Delivered,3648,5,6931.2
502339,2025-12-23 22:37:20.144014402,10237,20063,2.0,Cash on Delivery,Cancelled,7613,0,15226.0
502340,2025-12-23 23:29:02.214221422,10311,20039,5.0,Credit Card,Delivered,5898,5,28015.5
502341,2025-12-24 00:20:44.284428443,10536,20016,3.0,Debit Card,Delivered,24382,20,58516.8
502342,2025-12-24 01:12:26.354635464,10540,20082,1.0,UPI,Cancelled,7271,0,7271.0
502343,2025-12-24 02:04:08.424842484,10002,20069,5.0,UPI,Returned,3824,15,16252.0
502344,2025-12-24 02:55:50.495049505,10425,20089,2.0,Net Banking,Returned,507,0,1014.0
502345,2025-12-24 03:47:32.565256526,10180,20046,1.0,Credit Card,Returned,18692,5,17757.4
502346,2025-12-24 04:39:14.635463547,10119,20016,2.0,Net Banking,Delivered,24382,0,48764.0
502347,2025-12-24 05:30:56.705670567,10334,20035,1.0,UPI,Delivered,15331,5,14564.45
502348,2025-12-24 06:22:38.775877588,10021,20065,3.0,UPI,Cancelled,1731,20,4154.4
502349,2025-12-24 07:14:20.846084609,10201,20026,4.0,UPI,Delivered,9415,0,37660.0
502350,2025-12-24 08:06:02.916291629,10332,20008,1.0,Credit Card,Cancelled,36276,5,34462.2
502351,2025-12-24 08:57:44.986498650,10164,20086,4.0,UPI,Returned,13579,5,51600.2
502352,2025-12-24 09:49:27.056705671,10357,20056,5.0,UPI,Returned,1999,5,9495.25
502353,2025-12-24 10:41:09.126912691,10277,20042,5.0,Cash on Delivery,Cancelled,51100,10,229950.0
502354,2025-12-24 11:32:51.197119712,10480,20058,3.0,Net Banking,Cancelled,3049,0,9147.0
502355,2025-12-24 12:24:33.267326733,10109,20077,1.0,Debit Card,Delivered,4744,15,4032.4
502356,2025-12-24 13:16:15.337533754,10035,20001,1.0,UPI,Delivered,63388,0,63388.0
502357,2025-12-24 14:07:57.407740774,10318,20046,5.0,UPI,Delivered,18692,0,93460.0
502358,2025-12-24 14:59:39.477947795,10155,20027,2.0,Debit Card,Returned,7598,5,14436.2
502359,2025-12-24 15:51:21.548154816,10425,20010,1.0,UPI,Returned,24340,20,19472.0
502360,2025-12-24 16:43:03.618361836,10056,20004,3.0,Credit Card,Delivered,68919,5,196419.15
502361,2025-12-24 17:34:45.688568857,10346,20046,3.0,Cash on Delivery,Cancelled,18692,15,47664.6
502362,2025-12-24 18:26:27.758775878,10594,20057,4.0,UPI,Delivered,4302,0,17208.0
502363,2025-12-24 19:18:09.828982898,10056,20053,5.0,Cash on Delivery,Delivered,2733,0,13665.0
502364,2025-12-24 20:09:51.899189919,10182,20082,5.0,UPI,Delivered,7271,5,34537.25
502365,2025-12-24 21:01:33.969396940,10507,20048,1.0,UPI,Delivered,23385,20,18708.0
502366,2025-12-24 21:53:16.039603961,10321,20062,1.0,UPI,Delivered,2317,0,2317.0
502367,2025-12-24 22:44:58.109810981,10105,20085,1.0,Cash on Delivery,Delivered,11910,0,11910.0
502368,2025-12-24 23:36:40.180018002,10128,20069,3.0,Debit Card,Delivered,3824,0,11472.0
502369,2025-12-25 00:28:22.250225023,10459,20095,2.0,Debit Card,Cancelled,1791,20,2865.6
502370,2025-12-25 01:20:04.320432043,10517,20024,4.0,UPI,Delivered,4109,0,16436.0
502371,2025-12-25 02:11:46.390639064,10217,20082,4.0,Net Banking,Returned,7271,10,26175.6
502372,2025-12-25 03:03:28.460846085,10285,20073,4.0,Credit Card,Returned,5411,0,21644.0
502373,2025-12-25 03:55:10.531053105,10470,20061,1.0,Credit Card,Delivered,7110,0,7110.0
502374,2025-12-25 04:46:52.601260126,10107,20001,3.0,Debit Card,Delivered,63388,10,171147.6
502375,2025-12-25 05:38:34.671467147,10124,20057,4.0,Debit Card,Delivered,4302,5,16347.6
502376,2025-12-25 06:30:16.741674168,10465,20090,5.0,Debit Card,Delivered,691,0,3455.0
502377,2025-12-25 07:21:58.811881188,10112,20068,1.0,UPI,Delivered,1337,5,1270.15
502378,2025-12-25 08:13:40.882088209,10463,20001,4.0,Net Banking,Delivered,63388,0,253552.0
502379,2025-12-25 09:05:22.952295230,10299,20030,2.0,UPI,Delivered,6241,15,10609.7
502380,2025-12-25 09:57:05.022502250,10595,20060,1.0,Cash on Delivery,Delivered,4824,20,3859.2
502381,2025-12-25 10:48:47.092709271,10020,20085,1.0,Credit Card,Returned,11910,15,10123.5
502382,2025-12-25 11:40:29.162916292,10568,20047,1.0,UPI,Delivered,20791,0,20791.0
502383,2025-12-25 12:32:11.233123313,10136,20090,5.0,UPI,Cancelled,691,0,3455.0
502384,2025-12-25 13:23:53.303330333,10022,20083,1.0,Credit Card,Delivered,9080,10,8172.0
502385,2025-12-25 14:15:35.373537354,10435,20028,1.0,Credit Card,Delivered,8241,15,7004.85
502386,2025-12-25 15:07:17.443744375,10320,20021,2.0,Net Banking,Delivered,11517,15,19578.9
502387,2025-12-25 15:58:59.513951395,10503,20094,2.0,Debit Card,Delivered,4584,5,8709.6
502388,2025-12-25 16:50:41.584158416,10066,20062,2.0,UPI,Delivered,2317,15,3938.9
502389,2025-12-25 17:42:23.654365437,10049,20089,1.0,Credit Card,Delivered,507,0,507.0
502390,2025-12-25 18:34:05.724572457,10341,20096,2.0,Net Banking,Delivered,3065,15,5210.5
502391,2025-12-25 19:25:47.794779478,10530,20045,5.0,Cash on Delivery,Cancelled,19570,0,97850.0
502392,2025-12-25 20:17:29.864986499,10244,20005,1.0,Credit Card,Delivered,55986,5,53186.7
502393,2025-12-25 21:09:11.935193520,10479,20095,4.0,Cash on Delivery,Delivered,1791,15,6089.4
502394,2025-12-25 22:00:54.005400540,10544,20061,1.0,UPI,Delivered,7110,0,7110.0
502395,2025-12-25 22:52:36.075607561,10522,20013,1.0,Debit Card,Delivered,24693,10,22223.7
502396,2025-12-25 23:44:18.145814582,10306,20056,5.0,Net Banking,Delivered,1999,0,9995.0
502397,2025-12-26 00:36:00.216021602,10420,20003,1.0,Credit Card,Returned,53620,5,50939.0
502398,2025-12-26 01:27:42.286228623,10316,20031,2.0,UPI,Returned,16301,0,32602.0
502399,2025-12-26 02:19:24.356435644,10405,20037,2.0,Debit Card,Delivered,4164,10,7495.2
502400,2025-12-26 03:11:06.426642664,10341,20048,2.0,UPI,Delivered,23385,15,39754.5
502401,2025-12-26 04:02:48.496849685,10316,20059,2.0,UPI,Cancelled,5868,20,9388.8
502402,2025-12-26 04:54:30.567056706,10263,20088,2.0,UPI,Returned,7259,0,14518.0
502403,2025-12-26 05:46:12.637263727,10392,20037,4.0,Debit Card,Delivered,4164,0,16656.0
502404,2025-12-26 06:37:54.707470747,10451,20077,2.0,UPI,Delivered,4744,20,7590.4
502405,2025-12-26 07:29:36.777677768,10552,20098,2.0,Credit Card,Delivered,1112,0,2224.0
502406,2025-12-26 08:21:18.847884789,10368,20078,4.0,Cash on Delivery,Delivered,7034,10,25322.4
502407,2025-12-26 09:13:00.918091809,10061,20027,2.0,Debit Card,Returned,7598,0,15196.0
502408,2025-12-26 10:04:42.988298830,10353,20071,4.0,Credit Card,Delivered,4484,15,15245.6
502409,2025-12-26 10:56:25.058505851,10190,20030,3.0,Credit Card,Cancelled,6241,0,18723.0
502410,2025-12-26 11:48:07.128712871,10017,20050,5.0,UPI,Cancelled,1390,0,6950.0
502411,2025-12-26 12:39:49.198919892,10044,20067,2.0,Credit Card,Cancelled,2588,0,5176.0
502412,2025-12-26 13:31:31.269126913,10355,20031,2.0,UPI,Returned,16301,0,32602.0
502413,2025-12-26 14:23:13.339333934,10567,20001,1.0,UPI,Delivered,63388,15,53879.8
502414,2025-12-26 15:14:55.409540954,10304,20088,1.0,UPI,Cancelled,7259,5,6896.05
502415,2025-12-26 16:06:37.479747975,10268,20076,1.0,Debit Card,Delivered,6747,0,6747.0
502416,2025-12-26 16:58:19.549954996,10054,20013,3.0,UPI,Delivered,24693,0,74079.0
502417,2025-12-26 17:50:01.620162016,10406,20040,1.0,UPI,Delivered,9982,15,8484.7
502418,2025-12-26 18:41:43.690369037,10034,20028,1.0,Net Banking,Returned,8241,5,7828.95
502419,2025-12-26 19:33:25.760576058,10505,20102,2.0,UPI,Delivered,2774,20,4438.4
502420,2025-12-26 20:25:07.830783078,10490,20098,2.0,Debit Card,Delivered,1112,0,2224.0
502421,2025-12-26 21:16:49.900990099,10595,20072,1.0,Credit Card,Delivered,3499,0,3499.0
502422,2025-12-26 22:08:31.971197120,10171,20046,2.0,Credit Card,Returned,18692,0,37384.0
502423,2025-12-26 23:00:14.041404141,10098,20006,2.0,UPI,Delivered,34232,0,68464.0
502424,2025-12-26 23:51:56.111611161,10180,20026,1.0,UPI,Delivered,9415,0,9415.0
502425,2025-12-27 00:43:38.181818182,10480,20010,1.0,Net Banking,Delivered,24340,0,24340.0
502426,2025-12-27 01:35:20.252025203,10132,20083,1.0,Credit Card,Delivered,9080,15,7718.0
502427,2025-12-27 02:27:02.322232223,10533,20010,3.0,UPI,Delivered,24340,10,65718.0
502428,2025-12-27 03:18:44.392439244,10093,20071,1.0,UPI,Delivered,4484,5,4259.8
502429,2025-12-27 04:10:26.462646265,10030,20100,1.0,Credit Card,Delivered,2214,5,2103.3
502430,2025-12-27 05:02:08.532853286,10132,20033,1.0,UPI,Delivered,16169,5,15360.55
502431,2025-12-27 05:53:50.603060306,10453,20072,2.0,Credit Card,Delivered,3499,10,6298.2
502432,2025-12-27 06:45:32.673267327,10362,20092,4.0,Credit Card,Cancelled,803,0,3212.0
502433,2025-12-27 07:37:14.743474348,10213,20045,1.0,Debit Card,Returned,19570,15,16634.5
502434,2025-12-27 08:28:56.813681368,10394,20047,5.0,Net Banking,Delivered,20791,0,103955.0
502435,2025-12-27 09:20:38.883888389,10390,20021,1.0,Credit Card,Returned,11517,15,9789.45
502436,2025-12-27 10:12:20.954095410,10333,20045,1.0,Cash on Delivery,Cancelled,19570,15,16634.5
502437,2025-12-27 11:04:03.024302430,10309,20091,1.0,Credit Card,Delivered,412,5,391.4
502438,2025-12-27 11:55:45.094509451,10061,20069,1.0,Credit Card,Cancelled,3824,0,3824.0
502439,2025-12-27 12:47:27.164716472,10156,20021,2.0,Debit Card,Delivered,11517,20,18427.2
502440,2025-12-27 13:39:09.234923493,10317,20055,3.0,Debit Card,Returned,1081,15,2756.55
502441,2025-12-27 14:30:51.305130513,10082,20074,4.0,UPI,Returned,5850,20,18720.0
502442,2025-12-27 15:22:33.375337534,10286,20009,2.0,Cash on Delivery,Delivered,18553,0,37106.0
502443,2025-12-27 16:14:15.445544555,10071,20080,1.0,Cash on Delivery,Delivered,8370,10,7533.0
502444,2025-12-27 17:05:57.515751575,10473,20021,2.0,UPI,Delivered,11517,0,23034.0
502445,2025-12-27 17:57:39.585958596,10062,20031,3.0,Credit Card,Cancelled,16301,0,48903.0
502446,2025-12-27 18:49:21.656165617,10056,20044,3.0,Debit Card,Delivered,32508,0,97524.0
502447,2025-12-27 19:41:03.726372637,10383,20053,2.0,Cash on Delivery,Delivered,2733,15,4646.1
502448,2025-12-27 20:32:45.796579658,10133,20096,2.0,Credit Card,Delivered,3065,15,5210.5
502449,2025-12-27 21:24:27.866786679,10211,20024,2.0,UPI,Delivered,4109,20,6574.4
502450,2025-12-27 22:16:09.936993700,10189,20027,5.0,Debit Card,Returned,7598,10,34191.0
502451,2025-12-27 23:07:52.007200720,10130,20040,2.0,UPI,Delivered,9982,5,18965.8
502452,2025-12-27 23:59:34.077407741,10458,20090,2.0,Debit Card,Delivered,691,0,1382.0
502453,2025-12-28 00:51:16.147614762,10416,20101,1.0,Credit Card,Cancelled,2343,10,2108.7
502454,2025-12-28 01:42:58.217821782,10144,20048,2.0,Debit Card,Cancelled,23385,20,37416.0
502455,2025-12-28 02:34:40.288028803,10413,20073,3.0,UPI,Delivered,5411,0,16233.0
502456,2025-12-28 03:26:22.358235824,10429,20096,4.0,Credit Card,Cancelled,3065,10,11034.0
502457,2025-12-28 04:18:04.428442844,10324,20089,4.0,Debit Card,Delivered,507,5,1926.6
502458,2025-12-28 05:09:46.498649865,10348,20071,3.0,UPI,Delivered,4484,5,12779.4
502459,2025-12-28 06:01:28.568856886,10561,20057,4.0,UPI,Delivered,4302,15,14626.8
502460,2025-12-28 06:53:10.639063907,10273,20103,1.0,UPI,Returned,2822,0,2822.0
502461,2025-12-28 07:44:52.709270927,10232,20025,1.0,Net Banking,Delivered,5959,20,4767.2
502462,2025-12-28 08:36:34.779477948,10324,20038,1.0,Credit Card,Delivered,9637,20,7709.6
502463,2025-12-28 09:28:16.849684969,10502,20075,3.0,Debit Card,Returned,7740,0,23220.0
502464,2025-12-28 10:19:58.919891989,10426,20003,4.0,Credit Card,Delivered,53620,5,203756.0
502465,2025-12-28 11:11:40.990099010,10046,20053,1.0,Net Banking,Delivered,2733,0,2733.0
502466,2025-12-28 12:03:23.060306031,10276,20089,1.0,Credit Card,Cancelled,507,0,507.0
502467,2025-12-28 12:55:05.130513051,10444,20019,2.0,UPI,Delivered,1265,0,2530.0
502468,2025-12-28 13:46:47.200720072,10135,20084,5.0,UPI,Delivered,7386,10,33237.0
502469,2025-12-28 14:38:29.270927093,10594,20043,1.0,UPI,Delivered,21634,0,21634.0
502470,2025-12-28 15:30:11.341134114,10485,20090,5.0,Net Banking,Delivered,691,0,3455.0
502471,2025-12-28 16:21:53.411341134,10508,20067,1.0,Debit Card,Delivered,2588,15,2199.8
502472,2025-12-28 17:13:35.481548155,10050,20017,1.0,Debit Card,Delivered,1945,15,1653.25
502473,2025-12-28 18:05:17.551755176,10348,20077,3.0,Debit Card,Returned,4744,0,14232.0
502474,2025-12-28 18:56:59.621962196,10317,20006,3.0,Net Banking,Delivered,34232,0,102696.0
502475,2025-12-28 19:48:41.692169217,10377,20026,4.0,Cash on Delivery,Returned,9415,15,32011.0
502476,2025-12-28 20:40:23.762376238,10511,20093,1.0,Debit Card,Cancelled,2351,0,2351.0
502477,2025-12-28 21:32:05.832583259,10212,20092,1.0,UPI,Delivered,803,5,762.85
502478,2025-12-28 22:23:47.902790279,10321,20005,2.0,UPI,Returned,55986,5,106373.4
502479,2025-12-28 23:15:29.972997300,10408,20040,2.0,Credit Card,Delivered,9982,10,17967.6
502480,2025-12-29 00:07:12.043204321,10452,20010,1.0,Debit Card,Delivered,24340,10,21906.0
502481,2025-12-29 00:58:54.113411341,10463,20029,3.0,Credit Card,Cancelled,11176,5,31851.6
502482,2025-12-29 01:50:36.183618362,10203,20101,1.0,UPI,Delivered,2343,0,2343.0
502483,2025-12-29 02:42:18.253825383,10599,20021,5.0,Debit Card,Delivered,11517,15,48947.25
502484,2025-12-29 03:34:00.324032403,10006,20067,1.0,Credit Card,Cancelled,2588,0,2588.0
502485,2025-12-29 04:25:42.394239424,10296,20084,3.0,UPI,Delivered,7386,5,21050.1
502486,2025-12-29 05:17:24.464446445,10366,20092,2.0,Net Banking,Delivered,803,0,1606.0
502487,2025-12-29 06:09:06.534653466,10037,20037,1.0,Credit Card,Delivered,4164,0,4164.0
502488,2025-12-29 07:00:48.604860486,10271,20073,2.0,UPI,Delivered,5411,10,9739.8
502489,2025-12-29 07:52:30.675067507,10358,20051,1.0,UPI,Delivered,1170,10,1053.0
502490,2025-12-29 08:44:12.745274528,10365,20012,2.0,Credit Card,Delivered,15742,20,25187.2
502491,2025-12-29 09:35:54.815481548,10072,20024,3.0,Credit Card,Delivered,4109,5,11710.65
502492,2025-12-29 10:27:36.885688569,10167,20078,1.0,UPI,Delivered,7034,15,5978.9
502493,2025-12-29 11:19:18.955895590,10147,20072,1.0,Debit Card,Delivered,3499,0,3499.0
502494,2025-12-29 12:11:01.026102610,10384,20055,1.0,Debit Card,Cancelled,1081,20,864.8
502495,2025-12-29 13:02:43.096309631,10198,20082,5.0,UPI,Cancelled,7271,20,29084.0
502496,2025-12-29 13:54:25.166516652,10343,20072,1.0,Credit Card,Delivered,3499,10,3149.1
502497,2025-12-29 14:46:07.236723673,10439,20036,5.0,Credit Card,Delivered,17380,15,73865.0
502498,2025-12-29 15:37:49.306930693,10479,20031,2.0,UPI,Delivered,16301,10,29341.8
502499,2025-12-29 16:29:31.377137714,10111,20099,5.0,UPI,Cancelled,4248,0,21240.0
502500,2025-12-29 17:21:13.447344735,10543,20102,4.0,UPI,Delivered,2774,20,8876.8
502501,2025-12-29 18:12:55.517551755,10100,20004,1.0,Credit Card,Delivered,68919,15,58581.15
502502,2025-12-29 19:04:37.587758776,10014,20083,2.0,Net Banking,Cancelled,9080,0,18160.0
502503,2025-12-29 19:56:19.657965797,10027,20014,3.0,Credit Card,Delivered,13717,0,41151.0
502504,2025-12-29 20:48:01.728172817,10121,20090,1.0,Cash on Delivery,Delivered,691,10,621.9
502505,2025-12-29 21:39:43.798379838,10524,20062,3.0,UPI,Delivered,2317,5,6603.45
502506,2025-12-29 22:31:25.868586859,10125,20072,2.0,Debit Card,Returned,3499,15,5948.3
502507,2025-12-29 23:23:07.938793880,10417,20073,1.0,Credit Card,Delivered,5411,0,5411.0
502508,2025-12-30 00:14:50.009000900,10252,20063,4.0,Debit Card,Delivered,7613,5,28929.4
502509,2025-12-30 01:06:32.079207921,10024,20027,1.0,Cash on Delivery,Delivered,7598,0,7598.0
502510,2025-12-30 01:58:14.149414942,10267,20084,4.0,Credit Card,Cancelled,7386,10,26589.6
502511,2025-12-30 02:49:56.219621962,10017,20058,1.0,Credit Card,Delivered,3049,0,3049.0
502512,2025-12-30 03:41:38.289828983,10286,20057,2.0,Cash on Delivery,Returned,4302,0,8604.0
502513,2025-12-30 04:33:20.360036004,10336,20034,1.0,Cash on Delivery,Delivered,6711,5,6375.45
502514,2025-12-30 05:25:02.430243024,10313,20002,5.0,Cash on Delivery,Delivered,66297,5,314910.75
502515,2025-12-30 06:16:44.500450045,10170,20058,5.0,UPI,Delivered,3049,0,15245.0
502516,2025-12-30 07:08:26.570657066,10460,20036,4.0,UPI,Returned,17380,20,55616.0
502517,2025-12-30 08:00:08.640864087,10359,20069,4.0,Credit Card,Delivered,3824,0,15296.0
502518,2025-12-30 08:51:50.711071107,10153,20038,4.0,Debit Card,Cancelled,9637,0,38548.0
502519,2025-12-30 09:43:32.781278128,10261,20102,1.0,UPI,Delivered,2774,0,2774.0
502520,2025-12-30 10:35:14.851485149,10066,20071,5.0,UPI,Delivered,4484,20,17936.0
502521,2025-12-30 11:26:56.921692169,10554,20048,2.0,Credit Card,Delivered,23385,0,46770.0
502522,2025-12-30 12:18:38.991899190,10452,20074,1.0,UPI,Delivered,5850,0,5850.0
502523,2025-12-30 13:10:21.062106211,10173,20068,1.0,Debit Card,Delivered,1337,10,1203.3
502524,2025-12-30 14:02:03.132313232,10405,20065,3.0,UPI,Returned,1731,0,5193.0
502525,2025-12-30 14:53:45.202520252,10408,20061,1.0,Net Banking,Returned,7110,0,7110.0
502526,2025-12-30 15:45:27.272727273,10366,20097,3.0,UPI,Delivered,3648,0,10944.0
502527,2025-12-30 16:37:09.342934294,10033,20034,1.0,Credit Card,Returned,6711,5,6375.45
502528,2025-12-30 17:28:51.413141314,10528,20045,3.0,Credit Card,Delivered,19570,15,49903.5
502529,2025-12-30 18:20:33.483348335,10574,20027,3.0,UPI,Returned,7598,5,21654.3
502530,2025-12-30 19:12:15.553555356,10585,20060,2.0,Credit Card,Cancelled,4824,20,7718.4
502531,2025-12-30 20:03:57.623762376,10589,20103,3.0,Net Banking,Returned,2822,0,8466.0
502532,2025-12-30 20:55:39.693969397,10558,20064,5.0,Credit Card,Delivered,3045,15,12941.25
502533,2025-12-30 21:47:21.764176418,10444,20022,4.0,UPI,Delivered,9827,15,33411.8
502534,2025-12-30 22:39:03.834383439,10035,20096,2.0,Debit Card,Returned,3065,0,6130.0
502535,2025-12-30 23:30:45.904590459,10280,20083,4.0,UPI,Delivered,9080,10,32688.0
502536,2025-12-31 00:22:27.974797480,10148,20046,5.0,Credit Card,Delivered,18692,20,74768.0
502537,2025-12-31 01:14:10.045004501,10132,20016,1.0,Credit Card,Delivered,24382,10,21943.8
502538,2025-12-31 02:05:52.115211521,10499,20042,1.0,Credit Card,Delivered,51100,0,51100.0
502539,2025-12-31 02:57:34.185418542,10488,20084,3.0,UPI,Delivered,7386,5,21050.1
502540,2025-12-31 03:49:16.255625563,10314,20061,2.0,UPI,Delivered,7110,20,11376.0
502541,2025-12-31 04:40:58.325832583,10442,20020,1.0,UPI,Returned,1219,0,1219.0
502542,2025-12-31 05:32:40.396039604,10078,20017,2.0,Credit Card,Delivered,1945,5,3695.5
502543,2025-12-31 06:24:22.466246625,10134,20101,1.0,Debit Card,Returned,2343,10,2108.7
502544,2025-12-31 07:16:04.536453646,10517,20047,3.0,Debit Card,Delivered,20791,15,53017.05
502545,2025-12-31 08:07:46.606660666,10271,20072,2.0,UPI,Delivered,3499,20,5598.4
502546,2025-12-31 08:59:28.676867687,10328,20038,1.0,UPI,Delivered,9637,10,8673.3
502547,2025-12-31 09:51:10.747074708,10278,20010,1.0,Debit Card,Returned,24340,5,23123.0
502548,2025-12-31 10:42:52.817281728,10122,20043,1.0,Credit Card,Delivered,21634,0,21634.0
502549,2025-12-31 11:34:34.887488749,10496,20073,1.0,Net Banking,Cancelled,5411,10,4869.9
502550,2025-12-31 12:26:16.957695770,10455,20035,5.0,UPI,Returned,15331,0,76655.0
502551,2025-12-31 13:17:59.027902790,10411,20063,1.0,UPI,Delivered,7613,5,7232.35
502552,2025-12-31 14:09:41.098109811,10212,20046,3.0,UPI,Delivered,18692,0,56076.0
502553,2025-12-31 15:01:23.168316832,10386,20036,1.0,Debit Card,Delivered,17380,20,13904.0
502554,2025-12-31 15:53:05.238523853,10572,20027,2.0,Credit Card,Returned,7598,15,12916.6
502555,2025-12-31 16:44:47.308730873,10390,20028,5.0,UPI,Returned,8241,0,41205.0
502556,2025-12-31 17:36:29.378937894,10297,20027,3.0,UPI,Delivered,7598,10,20514.6
502557,2025-12-31 18:28:11.449144915,10163,20075,1.0,Debit Card,Cancelled,7740,5,7353.0
502558,2025-12-31 19:19:53.519351935,10314,20036,3.0,UPI,Cancelled,17380,15,44319.0
502559,2025-12-31 20:11:35.589558956,10224,20078,2.0,Debit Card,Delivered,7034,5,13364.6
502560,2025-12-31 21:03:17.659765977,10367,20033,1.0,UPI,Delivered,16169,10,14552.1
502561,2025-12-31 21:54:59.729972998,10028,20035,5.0,UPI,Delivered,15331,15,65156.75
502562,2025-12-31 22:46:41.800180018,10115,20097,5.0,UPI,Returned,3648,15,15504.0
502563,2025-12-31 23:38:23.870387039,10473,20092,2.0,Cash on Delivery,Cancelled,803,15,1365.1
502564,2026-01-01 00:30:05.940594060,10229,20042,1.0,UPI,Delivered,51100,0,51100.0
502565,2026-01-01 01:21:48.010801080,10260,20028,2.0,UPI,Cancelled,8241,15,14009.7
502566,2026-01-01 02:13:30.081008101,10327,20075,2.0,Net Banking,Returned,7740,0,15480.0
502567,2026-01-01 03:05:12.151215122,10263,20008,5.0,UPI,Delivered,36276,15,154173.0
502568,2026-01-01 03:56:54.221422142,10456,20048,3.0,UPI,Delivered,23385,20,56124.0
502569,2026-01-01 04:48:36.291629163,10148,20063,1.0,UPI,Returned,7613,5,7232.35
502570,2026-01-01 05:40:18.361836184,10456,20071,2.0,Debit Card,Returned,4484,20,7174.4
502571,2026-01-01 06:32:00.432043205,10126,20012,1.0,Credit Card,Delivered,15742,0,15742.0
502572,2026-01-01 07:23:42.502250225,10223,20001,2.0,Net Banking,Delivered,63388,0,126776.0
502573,2026-01-01 08:15:24.572457246,10353,20029,2.0,Debit Card,Returned,11176,20,17881.6
502574,2026-01-01 09:07:06.642664267,10532,20013,2.0,Credit Card,Returned,24693,15,41978.1
502575,2026-01-01 09:58:48.712871287,10140,20053,2.0,UPI,Delivered,2733,0,5466.0
502576,2026-01-01 10:50:30.783078308,10353,20096,2.0,Net Banking,Delivered,3065,5,5823.5
502577,2026-01-01 11:42:12.853285329,10039,20030,4.0,Net Banking,Cancelled,6241,0,24964.0
502578,2026-01-01 12:33:54.923492349,10046,20048,2.0,Net Banking,Delivered,23385,15,39754.5
502579,2026-01-01 13:25:36.993699370,10461,20023,1.0,UPI,,2698,0,2698.0
502580,2026-01-01 14:17:19.063906391,10432,20005,3.0,Debit Card,Delivered,55986,5,159560.1
502581,2026-01-01 15:09:01.134113412,10226,20074,2.0,Debit Card,Cancelled,5850,5,11115.0
502582,2026-01-01 16:00:43.204320432,10374,20027,3.0,Cash on Delivery,Cancelled,7598,10,20514.6
502583,2026-01-01 16:52:25.274527453,10229,20057,3.0,UPI,Delivered,4302,0,12906.0
502584,2026-01-01 17:44:07.344734474,10167,20072,1.0,Net Banking,Cancelled,3499,0,3499.0
502585,2026-01-01 18:35:49.414941494,10259,20088,5.0,Debit Card,Returned,7259,10,32665.5
502586,2026-01-01 19:27:31.485148515,10188,20020,5.0,Net Banking,Delivered,1219,20,4876.0
502587,2026-01-01 20:19:13.555355536,10490,20061,1.0,Debit Card,Delivered,7110,10,6399.0
502588,2026-01-01 21:10:55.625562556,10248,20095,1.0,Net Banking,Delivered,1791,0,1791.0
502589,2026-01-01 22:02:37.695769577,10193,20051,1.0,UPI,Delivered,1170,0,1170.0
502590,2026-01-01 22:54:19.765976598,10322,20005,5.0,UPI,Delivered,55986,0,279930.0
502591,2026-01-01 23:46:01.836183619,10455,20028,5.0,UPI,Cancelled,8241,0,41205.0
502592,2026-01-02 00:37:43.906390639,10165,20083,1.0,Net Banking,Delivered,9080,0,9080.0
502593,2026-01-02 01:29:25.976597660,10564,20083,3.0,UPI,Delivered,9080,20,21792.0
502594,2026-01-02 02:21:08.046804681,10279,20033,1.0,Debit Card,Delivered,16169,15,13743.65
502595,2026-01-02 03:12:50.117011701,10397,20021,1.0,Cash on Delivery,Delivered,11517,15,9789.45
502596,2026-01-02 04:04:32.187218722,10575,20031,1.0,Cash on Delivery,Returned,16301,20,13040.8
502597,2026-01-02 04:56:14.257425743,10260,20026,1.0,Debit Card,Delivered,9415,20,7532.0
502598,2026-01-02 05:47:56.327632763,10120,20078,4.0,Net Banking,Delivered,7034,0,28136.0
502599,2026-01-02 06:39:38.397839784,10449,20088,4.0,UPI,Delivered,7259,0,29036.0
502600,2026-01-02 07:31:20.468046805,10004,20005,1.0,Credit Card,Returned,55986,15,47588.1
502601,2026-01-02 08:23:02.538253826,10275,20078,2.0,Credit Card,Delivered,7034,20,11254.4
502602,2026-01-02 09:14:44.608460846,10588,20079,1.0,Net Banking,Delivered,3686,10,3317.4
502603,2026-01-02 10:06:26.678667867,10249,20064,2.0,UPI,Cancelled,3045,20,4872.0
502604,2026-01-02 10:58:08.748874888,10411,20091,5.0,UPI,Delivered,412,10,1854.0
502605,2026-01-02 11:49:50.819081908,10316,20005,5.0,Debit Card,Delivered,55986,5,265933.5
502606,2026-01-02 12:41:32.889288929,10129,20073,4.0,Credit Card,Delivered,5411,0,21644.0
502607,2026-01-02 13:33:14.959495950,10191,20014,1.0,Net Banking,Delivered,13717,10,12345.3
502608,2026-01-02 14:24:57.029702971,10315,20094,1.0,Credit Card,Delivered,4584,0,4584.0
502609,2026-01-02 15:16:39.099909991,10063,20052,1.0,Net Banking,Delivered,1561,0,1561.0
502610,2026-01-02 16:08:21.170117012,10249,20010,1.0,Credit Card,Cancelled,24340,20,19472.0
502611,2026-01-02 17:00:03.240324033,10249,20078,2.0,Net Banking,Delivered,7034,10,12661.2
502612,2026-01-02 17:51:45.310531053,10501,20078,3.0,Debit Card,Delivered,7034,5,20046.9
502613,2026-01-02 18:43:27.380738074,10075,20049,5.0,UPI,Delivered,578,15,2456.5
502614,2026-01-02 19:35:09.450945095,10506,20033,1.0,UPI,Returned,16169,15,13743.65
502615,2026-01-02 20:26:51.521152115,10247,20002,1.0,Cash on Delivery,Delivered,66297,5,62982.15
502616,2026-01-02 21:18:33.591359136,10391,20095,3.0,UPI,Returned,1791,20,4298.4
502617,2026-01-02 22:10:15.661566157,10335,20020,3.0,Debit Card,Returned,1219,0,3657.0
502618,2026-01-02 23:01:57.731773178,10180,20088,2.0,UPI,Delivered,7259,5,13792.1
502619,2026-01-02 23:53:39.801980198,10559,20062,1.0,Debit Card,Returned,2317,0,2317.0
502620,2026-01-03 00:45:21.872187219,10135,20072,2.0,UPI,Delivered,3499,0,6998.0
502621,2026-01-03 01:37:03.942394240,10022,20073,1.0,Credit Card,Delivered,5411,15,4599.35
502622,2026-01-03 02:28:46.012601260,10451,20090,2.0,Credit Card,Delivered,691,0,1382.0
502623,2026-01-03 03:20:28.082808281,10373,20004,5.0,UPI,Delivered,68919,10,310135.5
502624,2026-01-03 04:12:10.153015302,10535,20104,1.0,Credit Card,Delivered,778,15,661.3
502625,2026-01-03 05:03:52.223222322,10275,20005,1.0,Net Banking,Delivered,55986,5,53186.7
502626,2026-01-03 05:55:34.293429343,10011,20104,3.0,Debit Card,Delivered,778,0,2334.0
502627,2026-01-03 06:47:16.363636364,10013,20028,1.0,Cash on Delivery,Delivered,8241,20,6592.8
502628,2026-01-03 07:38:58.433843385,10260,20088,5.0,Net Banking,Cancelled,7259,10,32665.5
502629,2026-01-03 08:30:40.504050405,10150,20009,4.0,Debit Card,Delivered,18553,0,74212.0
502630,2026-01-03 09:22:22.574257426,10554,20048,2.0,Credit Card,Delivered,23385,15,39754.5
502631,2026-01-03 10:14:04.644464447,10072,20057,1.0,Cash on Delivery,Delivered,4302,0,4302.0
502632,2026-01-03 11:05:46.714671467,10529,20100,2.0,Credit Card,Delivered,2214,10,3985.2
502633,2026-01-03 11:57:28.784878488,10131,20013,2.0,Credit Card,Delivered,24693,0,49386.0
502634,2026-01-03 12:49:10.855085509,10072,20004,4.0,Net Banking,Cancelled,68919,10,248108.4
502635,2026-01-03 13:40:52.925292529,10165,20068,4.0,Cash on Delivery,Delivered,1337,15,4545.8
502636,2026-01-03 14:32:34.995499550,10087,20006,1.0,Credit Card,Delivered,34232,15,29097.2
502637,2026-01-03 15:24:17.065706571,10241,20081,1.0,UPI,Returned,14773,15,12557.05
502638,2026-01-03 16:15:59.135913592,10199,20004,2.0,Debit Card,Delivered,68919,10,124054.2
502639,2026-01-03 17:07:41.206120612,10318,20101,3.0,Debit Card,Delivered,2343,15,5974.65
502640,2026-01-03 17:59:23.276327633,10323,20056,3.0,UPI,Delivered,1999,20,4797.6
502641,2026-01-03 18:51:05.346534654,10001,20099,1.0,Debit Card,Delivered,4248,20,3398.4
502642,2026-01-03 19:42:47.416741674,10075,20014,2.0,Credit Card,Delivered,13717,15,23318.9
502643,2026-01-03 20:34:29.486948695,10098,20029,1.0,UPI,Returned,11176,5,10617.2
502644,2026-01-03 21:26:11.557155716,10117,20048,2.0,Debit Card,Delivered,23385,0,46770.0
502645,2026-01-03 22:17:53.627362736,10057,20004,3.0,Credit Card,Delivered,68919,0,206757.0
502646,2026-01-03 23:09:35.697569757,10189,20011,1.0,Net Banking,Returned,32685,10,29416.5
502647,2026-01-04 00:01:17.767776778,10330,20035,1.0,UPI,Delivered,15331,10,13797.9
502648,2026-01-04 00:52:59.837983799,10186,20077,2.0,Net Banking,Delivered,4744,0,9488.0
502649,2026-01-04 01:44:41.908190819,10198,20074,4.0,UPI,Delivered,5850,0,23400.0
502650,2026-01-04 02:36:23.978397840,10282,20010,2.0,Cash on Delivery,Delivered,24340,15,41378.0
502651,2026-01-04 03:28:06.048604861,10330,20007,5.0,Debit Card,Cancelled,22213,5,105511.75
502652,2026-01-04 04:19:48.118811881,10199,20069,1.0,UPI,Delivered,3824,0,3824.0
502653,2026-01-04 05:11:30.189018902,10134,20038,4.0,Cash on Delivery,Delivered,9637,0,38548.0
502654,2026-01-04 06:03:12.259225923,10246,20083,1.0,Credit Card,Cancelled,9080,0,9080.0
502655,2026-01-04 06:54:54.329432944,10015,20031,1.0,Credit Card,Delivered,16301,0,16301.0
502656,2026-01-04 07:46:36.399639964,10296,20038,2.0,Cash on Delivery,Delivered,9637,15,16382.9
502657,2026-01-04 08:38:18.469846985,10565,20023,1.0,Cash on Delivery,Delivered,2698,5,2563.1
502658,2026-01-04 09:30:00.540054006,10239,20028,5.0,Debit Card,Delivered,8241,0,41205.0
502659,2026-01-04 10:21:42.610261026,10065,20074,5.0,Cash on Delivery,Delivered,5850,0,29250.0
502660,2026-01-04 11:13:24.680468047,10425,20050,2.0,UPI,Delivered,1390,0,2780.0
502661,2026-01-04 12:05:06.750675068,10077,20069,2.0,UPI,Delivered,3824,20,6118.4
502662,2026-01-04 12:56:48.820882088,10117,20009,4.0,UPI,Delivered,18553,20,59369.6
502663,2026-01-04 13:48:30.891089109,10088,20056,3.0,UPI,Delivered,1999,0,5997.0
502664,2026-01-04 14:40:12.961296130,10531,20048,2.0,Debit Card,Returned,23385,5,44431.5
502665,2026-01-04 15:31:55.031503151,10589,20095,4.0,UPI,Delivered,1791,20,5731.2
502666,2026-01-04 16:23:37.101710171,10342,20045,1.0,Credit Card,Delivered,19570,10,17613.0
502667,2026-01-04 17:15:19.171917192,10371,20011,1.0,UPI,Delivered,32685,0,32685.0
502668,2026-01-04 18:07:01.242124213,10388,20073,1.0,UPI,Cancelled,5411,5,5140.45
502669,2026-01-04 18:58:43.312331233,10367,20016,1.0,Debit Card,Cancelled,24382,20,19505.6
502670,2026-01-04 19:50:25.382538254,10327,20095,1.0,UPI,Returned,1791,0,1791.0
502671,2026-01-04 20:42:07.452745275,10593,20040,2.0,Debit Card,Delivered,9982,5,18965.8
502672,2026-01-04 21:33:49.522952295,10440,20082,4.0,Debit Card,Returned,7271,0,29084.0
502673,2026-01-04 22:25:31.593159316,10054,20069,2.0,Credit Card,Delivered,3824,0,7648.0
502674,2026-01-04 23:17:13.663366337,10236,20049,2.0,Cash on Delivery,Delivered,578,20,924.8
502675,2026-01-05 00:08:55.733573358,10585,20061,1.0,Cash on Delivery,Delivered,7110,0,7110.0
502676,2026-01-05 01:00:37.803780378,10243,20020,1.0,UPI,Delivered,1219,10,1097.1
502677,2026-01-05 01:52:19.873987399,10123,20008,2.0,Debit Card,Delivered,36276,0,72552.0
502678,2026-01-05 02:44:01.944194420,10522,20080,1.0,UPI,Delivered,8370,10,7533.0
502679,2026-01-05 03:35:44.014401440,10374,20100,4.0,Credit Card,Delivered,2214,15,7527.6
502680,2026-01-05 04:27:26.084608461,10338,20090,2.0,Debit Card,Delivered,691,5,1312.9
502681,2026-01-05 05:19:08.154815482,10253,20032,1.0,Debit Card,Delivered,14051,0,14051.0
502682,2026-01-05 06:10:50.225022502,10075,20038,1.0,Net Banking,Cancelled,9637,0,9637.0
502683,2026-01-05 07:02:32.295229523,10231,20038,1.0,Debit Card,Cancelled,9637,0,9637.0
502684,2026-01-05 07:54:14.365436544,10263,20074,1.0,Debit Card,Delivered,5850,10,5265.0
502685,2026-01-05 08:45:56.435643565,10559,20065,3.0,Credit Card,Delivered,1731,10,4673.7
502686,2026-01-05 09:37:38.505850585,10185,20083,2.0,UPI,Delivered,9080,0,18160.0
502687,2026-01-05 10:29:20.576057606,10090,20099,4.0,UPI,Delivered,4248,10,15292.8
502688,2026-01-05 11:21:02.646264627,10257,20041,2.0,Credit Card,Delivered,36528,5,69403.2
502689,2026-01-05 12:12:44.716471647,10599,20069,5.0,Debit Card,Returned,3824,0,19120.0
502690,2026-01-05 13:04:26.786678668,10290,20053,4.0,UPI,Delivered,2733,20,8745.6
502691,2026-01-05 13:56:08.856885689,10228,20100,1.0,Credit Card,Delivered,2214,0,2214.0
502692,2026-01-05 14:47:50.927092709,10401,20037,1.0,UPI,Delivered,4164,15,3539.4
502693,2026-01-05 15:39:32.997299730,10390,20020,5.0,Credit Card,Delivered,1219,5,5790.25
502694,2026-01-05 16:31:15.067506751,10180,20040,1.0,Credit Card,Delivered,9982,0,9982.0
502695,2026-01-05 17:22:57.137713772,10581,20065,4.0,UPI,Returned,1731,0,6924.0
502696,2026-01-05 18:14:39.207920792,10356,20100,3.0,UPI,Cancelled,2214,0,6642.0
502697,2026-01-05 19:06:21.278127813,10035,20087,3.0,UPI,Delivered,9356,10,25261.2
502698,2026-01-05 19:58:03.348334834,10245,20002,1.0,Credit Card,Delivered,66297,10,59667.3
502699,2026-01-05 20:49:45.418541854,10554,20053,1.0,Cash on Delivery,Delivered,2733,0,2733.0
502700,2026-01-05 21:41:27.488748875,10237,20017,2.0,UPI,Cancelled,1945,0,3890.0
502701,2026-01-05 22:33:09.558955896,10341,20038,1.0,Credit Card,Delivered,9637,20,7709.6
502702,2026-01-05 23:24:51.629162917,10368,20099,1.0,Credit Card,Delivered,4248,10,3823.2
502703,2026-01-06 00:16:33.699369937,10423,20103,2.0,Debit Card,Delivered,2822,10,5079.6
502704,2026-01-06 01:08:15.769576958,10524,20016,1.0,UPI,Delivered,24382,0,24382.0
502705,2026-01-06 01:59:57.839783979,10090,20015,1.0,UPI,Delivered,27789,5,26399.55
502706,2026-01-06 02:51:39.909990999,10311,20073,5.0,Cash on Delivery,Delivered,5411,0,27055.0
502707,2026-01-06 03:43:21.980198020,10321,20043,1.0,Cash on Delivery,Returned,21634,15,18388.9
502708,2026-01-06 04:35:04.050405041,10092,20046,5.0,Credit Card,Delivered,18692,0,93460.0
502709,2026-01-06 05:26:46.120612061,10405,20091,5.0,Credit Card,Cancelled,412,20,1648.0
502710,2026-01-06 06:18:28.190819082,10071,20096,3.0,UPI,Returned,3065,20,7356.0
502711,2026-01-06 07:10:10.261026103,10274,20094,1.0,UPI,Delivered,4584,15,3896.4
502712,2026-01-06 08:01:52.331233124,10199,20082,1.0,UPI,Delivered,7271,5,6907.45
502713,2026-01-06 08:53:34.401440144,10093,20102,5.0,Debit Card,Cancelled,2774,10,12483.0
502714,2026-01-06 09:45:16.471647165,10494,20075,1.0,UPI,Cancelled,7740,20,6192.0
502715,2026-01-06 10:36:58.541854186,10147,20093,2.0,UPI,Returned,2351,20,3761.6
502716,2026-01-06 11:28:40.612061206,10154,20057,2.0,UPI,Cancelled,4302,15,7313.4
502717,2026-01-06 12:20:22.682268227,10513,20006,4.0,UPI,Delivered,34232,0,136928.0
502718,2026-01-06 13:12:04.752475248,10527,20085,5.0,Credit Card,Delivered,11910,0,59550.0
502719,2026-01-06 14:03:46.822682268,10021,20097,1.0,Credit Card,Delivered,3648,15,3100.8
502720,2026-01-06 14:55:28.892889289,10167,20033,2.0,Credit Card,Delivered,16169,0,32338.0
502721,2026-01-06 15:47:10.963096310,10426,20045,3.0,Credit Card,Delivered,19570,10,52839.0
502722,2026-01-06 16:38:53.033303331,10467,20060,5.0,Credit Card,Delivered,4824,0,24120.0
502723,2026-01-06 17:30:35.103510351,10600,20068,2.0,Debit Card,Delivered,1337,5,2540.3
502724,2026-01-06 18:22:17.173717372,10333,20071,1.0,UPI,Delivered,4484,20,3587.2
502725,2026-01-06 19:13:59.243924393,10005,20042,5.0,UPI,Cancelled,51100,20,204400.0
502726,2026-01-06 20:05:41.314131413,10525,20089,2.0,Net Banking,Delivered,507,0,1014.0
502727,2026-01-06 20:57:23.384338434,10097,20085,1.0,Debit Card,Cancelled,11910,10,10719.0
502728,2026-01-06 21:49:05.454545455,10073,20098,1.0,Credit Card,Returned,1112,0,1112.0
502729,2026-01-06 22:40:47.524752475,10405,20060,1.0,UPI,Returned,4824,15,4100.4
502730,2026-01-06 23:32:29.594959496,10363,20009,3.0,UPI,Returned,18553,0,55659.0
502731,2026-01-07 00:24:11.665166517,10036,20088,5.0,UPI,Delivered,7259,20,29036.0
502732,2026-01-07 01:15:53.735373538,10102,20009,2.0,Net Banking,Delivered,18553,0,37106.0
502733,2026-01-07 02:07:35.805580558,10354,20021,1.0,Credit Card,Delivered,11517,10,10365.3
502734,2026-01-07 02:59:17.875787579,10154,20030,5.0,UPI,Delivered,6241,10,28084.5
502735,2026-01-07 03:50:59.945994600,10411,20020,3.0,UPI,Delivered,1219,0,3657.0
502736,2026-01-07 04:42:42.016201620,10248,20076,2.0,UPI,Delivered,6747,15,11469.9
502737,2026-01-07 05:34:24.086408641,10353,20046,1.0,UPI,Delivered,18692,0,18692.0
502738,2026-01-07 06:26:06.156615662,10285,20023,5.0,Credit Card,Delivered,2698,20,10792.0
502739,2026-01-07 07:17:48.226822682,10220,20001,1.0,Credit Card,Delivered,63388,5,60218.6
502740,2026-01-07 08:09:30.297029703,10206,20023,2.0,Cash on Delivery,Delivered,2698,5,5126.2
502741,2026-01-07 09:01:12.367236724,10419,20073,2.0,Debit Card,Delivered,5411,0,10822.0
502742,2026-01-07 09:52:54.437443745,10309,20083,2.0,Cash on Delivery,Returned,9080,0,18160.0
502743,2026-01-07 10:44:36.507650765,10357,20031,2.0,Net Banking,Delivered,16301,10,29341.8
502744,2026-01-07 11:36:18.577857786,10347,20008,2.0,Cash on Delivery,Cancelled,36276,15,61669.2
502745,2026-01-07 12:28:00.648064807,10125,20058,2.0,Cash on Delivery,Delivered,3049,15,5183.3
502746,2026-01-07 13:19:42.718271827,10548,20082,1.0,UPI,Delivered,7271,20,5816.8
502747,2026-01-07 14:11:24.788478848,10338,20008,2.0,UPI,Delivered,36276,0,72552.0
502748,2026-01-07 15:03:06.858685869,10431,20083,3.0,UPI,Returned,9080,5,25878.0
502749,2026-01-07 15:54:48.928892890,10530,20018,3.0,Debit Card,Delivered,3166,20,7598.4
502750,2026-01-07 16:46:30.999099910,10555,20027,1.0,Debit Card,Returned,7598,5,7218.1
502751,2026-01-07 17:38:13.069306931,10401,20065,5.0,UPI,Cancelled,1731,15,7356.75
502752,2026-01-07 18:29:55.139513952,10473,20006,1.0,Net Banking,Cancelled,34232,10,30808.8
502753,2026-01-07 19:21:37.209720972,10284,20032,1.0,Net Banking,Delivered,14051,20,11240.8
502754,2026-01-07 20:13:19.279927993,10443,20015,1.0,Debit Card,Delivered,27789,0,27789.0
502755,2026-01-07 21:05:01.350135014,10193,20023,1.0,Credit Card,Delivered,2698,0,2698.0
502756,2026-01-07 21:56:43.420342034,10428,20081,1.0,UPI,Returned,14773,20,11818.4
502757,2026-01-07 22:48:25.490549055,10052,20024,1.0,Credit Card,Delivered,4109,5,3903.55
502758,2026-01-07 23:40:07.560756076,10549,20005,2.0,UPI,Delivered,55986,0,111972.0
502759,2026-01-08 00:31:49.630963097,10147,20023,4.0,Debit Card,Delivered,2698,10,9712.8
502760,2026-01-08 01:23:31.701170117,10394,20010,4.0,UPI,Delivered,24340,15,82756.0
502761,2026-01-08 02:15:13.771377138,10007,20065,1.0,UPI,Delivered,1731,15,1471.35
502762,2026-01-08 03:06:55.841584159,10094,20102,1.0,Credit Card,Cancelled,2774,0,2774.0
502763,2026-01-08 03:58:37.911791179,10592,20018,3.0,Credit Card,Cancelled,3166,20,7598.4
502764,2026-01-08 04:50:19.981998200,10501,20076,1.0,UPI,Delivered,6747,0,6747.0
502765,2026-01-08 05:42:02.052205221,10134,20038,2.0,Cash on Delivery,Delivered,9637,20,15419.2
502766,2026-01-08 06:33:44.122412241,10079,20008,1.0,UPI,Delivered,36276,0,36276.0
502767,2026-01-08 07:25:26.192619262,10489,20072,2.0,Cash on Delivery,Delivered,3499,0,6998.0
502768,2026-01-08 08:17:08.262826283,10595,20022,1.0,UPI,Delivered,9827,0,9827.0
502769,2026-01-08 09:08:50.333033304,10102,20054,4.0,UPI,Delivered,1287,0,5148.0
502770,2026-01-08 10:00:32.403240324,10399,20053,1.0,Cash on Delivery,Delivered,2733,0,2733.0
502771,2026-01-08 10:52:14.473447345,10171,20063,2.0,Debit Card,Delivered,7613,15,12942.1
502772,2026-01-08 11:43:56.543654366,10447,20015,2.0,Debit Card,Delivered,27789,0,55578.0
502773,2026-01-08 12:35:38.613861386,10251,20027,2.0,Debit Card,Returned,7598,0,15196.0
502774,2026-01-08 13:27:20.684068407,10076,20077,2.0,Credit Card,Delivered,4744,0,9488.0
502775,2026-01-08 14:19:02.754275428,10195,20098,1.0,Net Banking,Cancelled,1112,20,889.6
502776,2026-01-08 15:10:44.824482448,10324,20002,4.0,UPI,Delivered,66297,0,265188.0
502777,2026-01-08 16:02:26.894689469,10480,20044,2.0,Net Banking,Delivered,32508,15,55263.6
502778,2026-01-08 16:54:08.964896490,10013,20092,1.0,Cash on Delivery,Delivered,803,10,722.7
502779,2026-01-08 17:45:51.035103511,10575,20030,1.0,Net Banking,Delivered,6241,15,5304.85
502780,2026-01-08 18:37:33.105310531,10390,20047,2.0,Debit Card,Cancelled,20791,5,39502.9
502781,2026-01-08 19:29:15.175517552,10526,20095,4.0,Debit Card,Delivered,1791,20,5731.2
502782,2026-01-08 20:20:57.245724573,10559,20101,5.0,Credit Card,Cancelled,2343,5,11129.25
502783,2026-01-08 21:12:39.315931593,10093,20069,2.0,Credit Card,Delivered,3824,0,7648.0
502784,2026-01-08 22:04:21.386138614,10057,20073,2.0,Net Banking,Delivered,5411,20,8657.6
502785,2026-01-08 22:56:03.456345635,10467,20064,1.0,Debit Card,Delivered,3045,0,3045.0
502786,2026-01-08 23:47:45.526552655,10113,20030,2.0,Credit Card,Returned,6241,0,12482.0
502787,2026-01-09 00:39:27.596759676,10089,20093,1.0,Net Banking,Cancelled,2351,10,2115.9
502788,2026-01-09 01:31:09.666966697,10282,20004,4.0,UPI,Delivered,68919,0,275676.0
502789,2026-01-09 02:22:51.737173718,10549,20007,2.0,Net Banking,Cancelled,22213,15,37762.1
502790,2026-01-09 03:14:33.807380738,10478,20063,1.0,Net Banking,Returned,7613,0,7613.0
502791,2026-01-09 04:06:15.877587759,10311,20088,5.0,UPI,Delivered,7259,15,30850.75
502792,2026-01-09 04:57:57.947794780,10118,20085,4.0,UPI,Delivered,11910,15,40494.0
502793,2026-01-09 05:49:40.018001800,10202,20071,1.0,Debit Card,Cancelled,4484,0,4484.0
502794,2026-01-09 06:41:22.088208821,10414,20040,1.0,UPI,Delivered,9982,10,8983.8
502795,2026-01-09 07:33:04.158415842,10095,20038,1.0,Cash on Delivery,Delivered,9637,10,8673.3
502796,2026-01-09 08:24:46.228622863,10315,20045,2.0,UPI,Delivered,19570,20,31312.0
502797,2026-01-09 09:16:28.298829883,10008,20027,2.0,UPI,Delivered,7598,0,15196.0
502798,2026-01-09 10:08:10.369036904,10196,20044,4.0,UPI,Delivered,32508,5,123530.4
502799,2026-01-09 10:59:52.439243925,10149,20011,5.0,Net Banking,Delivered,32685,0,163425.0
502800,2026-01-09 11:51:34.509450945,10409,20034,3.0,Credit Card,Delivered,6711,0,20133.0
502801,2026-01-09 12:43:16.579657966,10549,20098,4.0,Net Banking,Delivered,1112,20,3558.4
502802,2026-01-09 13:34:58.649864987,10088,20074,1.0,Cash on Delivery,Delivered,5850,10,5265.0
502803,2026-01-09 14:26:40.720072007,10479,20015,1.0,Debit Card,Delivered,27789,0,27789.0
502804,2026-01-09 15:18:22.790279028,10394,20030,5.0,UPI,Delivered,6241,20,24964.0
502805,2026-01-09 16:10:04.860486049,10582,20027,2.0,UPI,Returned,7598,0,15196.0
502806,2026-01-09 17:01:46.930693070,10547,20030,1.0,Net Banking,Returned,6241,20,4992.8
502807,2026-01-09 17:53:29.000900090,10061,20072,4.0,UPI,Delivered,3499,0,13996.0
502808,2026-01-09 18:45:11.071107111,10446,20094,1.0,Cash on Delivery,Delivered,4584,10,4125.6
502809,2026-01-09 19:36:53.141314132,10356,20074,4.0,Net Banking,Delivered,5850,20,18720.0
502810,2026-01-09 20:28:35.211521152,10068,20051,5.0,Debit Card,Delivered,1170,20,4680.0
502811,2026-01-09 21:20:17.281728173,10155,20017,2.0,Debit Card,Delivered,1945,0,3890.0
502812,2026-01-09 22:11:59.351935194,10557,20015,3.0,Cash on Delivery,Returned,27789,0,83367.0
502813,2026-01-09 23:03:41.422142214,10326,20085,3.0,Debit Card,Delivered,11910,0,35730.0
502814,2026-01-09 23:55:23.492349235,10204,20071,5.0,Debit Card,Delivered,4484,10,20178.0
502815,2026-01-10 00:47:05.562556256,10193,20054,2.0,Credit Card,Delivered,1287,0,2574.0
502816,2026-01-10 01:38:47.632763277,10503,20061,1.0,Credit Card,Cancelled,7110,20,5688.0
502817,2026-01-10 02:30:29.702970297,10171,20089,1.0,Credit Card,Delivered,507,10,456.3
502818,2026-01-10 03:22:11.773177318,10096,20085,1.0,Cash on Delivery,Delivered,11910,5,11314.5
502819,2026-01-10 04:13:53.843384339,10345,20010,1.0,Debit Card,Delivered,24340,0,24340.0
502820,2026-01-10 05:05:35.913591359,10596,20042,3.0,Net Banking,Delivered,51100,0,153300.0
502821,2026-01-10 05:57:17.983798380,10110,20005,1.0,UPI,Delivered,55986,15,47588.1
502822,2026-01-10 06:49:00.054005401,10154,20041,3.0,Net Banking,Delivered,36528,0,109584.0
502823,2026-01-10 07:40:42.124212421,10282,20067,1.0,Credit Card,Delivered,2588,15,2199.8
502824,2026-01-10 08:32:24.194419442,10120,20022,1.0,Debit Card,Delivered,9827,10,8844.3
502825,2026-01-10 09:24:06.264626463,10391,20016,2.0,UPI,Delivered,24382,5,46325.8
502826,2026-01-10 10:15:48.334833484,10153,20052,1.0,Cash on Delivery,Returned,1561,5,1482.95
502827,2026-01-10 11:07:30.405040504,10077,20055,4.0,Debit Card,Returned,1081,0,4324.0
502828,2026-01-10 11:59:12.475247525,10157,20075,2.0,Credit Card,Cancelled,7740,0,15480.0
502829,2026-01-10 12:50:54.545454546,10559,20002,4.0,UPI,Delivered,66297,5,251928.6
502830,2026-01-10 13:42:36.615661566,10561,20026,4.0,UPI,Cancelled,9415,5,35777.0
502831,2026-01-10 14:34:18.685868587,10304,20082,1.0,UPI,Cancelled,7271,0,7271.0
502832,2026-01-10 15:26:00.756075608,10241,20071,4.0,UPI,Cancelled,4484,15,15245.6
502833,2026-01-10 16:17:42.826282628,10492,20094,1.0,Credit Card,Delivered,4584,5,4354.8
502834,2026-01-10 17:09:24.896489649,10117,20085,4.0,Credit Card,Cancelled,11910,0,47640.0
502835,2026-01-10 18:01:06.966696670,10393,20088,3.0,Credit Card,Delivered,7259,15,18510.45
502836,2026-01-10 18:52:49.036903691,10409,20054,4.0,Debit Card,Delivered,1287,0,5148.0
502837,2026-01-10 19:44:31.107110711,10427,20100,2.0,Credit Card,Cancelled,2214,0,4428.0
502838,2026-01-10 20:36:13.177317732,10131,20044,1.0,UPI,Delivered,32508,0,32508.0
502839,2026-01-10 21:27:55.247524753,10430,20094,1.0,Net Banking,Delivered,4584,0,4584.0
502840,2026-01-10 22:19:37.317731773,10368,20041,1.0,Credit Card,Delivered,36528,0,36528.0
502841,2026-01-10 23:11:19.387938794,10526,20047,4.0,Debit Card,Returned,20791,0,83164.0
502842,2026-01-11 00:03:01.458145815,10105,20072,2.0,Cash on Delivery,Returned,3499,10,6298.2
502843,2026-01-11 00:54:43.528352836,10369,20042,1.0,Debit Card,Delivered,51100,0,51100.0
502844,2026-01-11 01:46:25.598559856,10498,20016,1.0,Credit Card,Returned,24382,0,24382.0
502845,2026-01-11 02:38:07.668766877,10167,20094,1.0,Credit Card,Delivered,4584,0,4584.0
502846,2026-01-11 03:29:49.738973898,10447,20048,1.0,Net Banking,Cancelled,23385,10,21046.5
502847,2026-01-11 04:21:31.809180918,10060,20097,3.0,Net Banking,Delivered,3648,0,10944.0
502848,2026-01-11 05:13:13.879387939,10431,20042,5.0,UPI,Delivered,51100,15,217175.0
502849,2026-01-11 06:04:55.949594960,10364,20102,2.0,Debit Card,Returned,2774,15,4715.8
502850,2026-01-11 06:56:38.019801980,10116,20063,5.0,Net Banking,Delivered,7613,0,38065.0
502851,2026-01-11 07:48:20.090009001,10040,20080,2.0,Net Banking,Delivered,8370,0,16740.0
502852,2026-01-11 08:40:02.160216022,10448,20079,1.0,UPI,Delivered,3686,20,2948.8
502853,2026-01-11 09:31:44.230423043,10145,20022,3.0,Credit Card,Returned,9827,0,29481.0
502854,2026-01-11 10:23:26.300630063,10299,20085,1.0,Credit Card,Delivered,11910,5,11314.5
502855,2026-01-11 11:15:08.370837084,10037,20099,5.0,UPI,Delivered,4248,20,16992.0
502856,2026-01-11 12:06:50.441044105,10579,20069,4.0,Debit Card,Returned,3824,10,13766.4
502857,2026-01-11 12:58:32.511251125,10330,20099,1.0,Credit Card,Cancelled,4248,10,3823.2
502858,2026-01-11 13:50:14.581458146,10559,20088,1.0,UPI,Delivered,7259,0,7259.0
502859,2026-01-11 14:41:56.651665167,10097,20070,3.0,UPI,Cancelled,4368,15,11138.4
502860,2026-01-11 15:33:38.721872187,10124,20050,3.0,Net Banking,Returned,1390,0,4170.0
502861,2026-01-11 16:25:20.792079208,10367,20090,1.0,Net Banking,Cancelled,691,5,656.45
502862,2026-01-11 17:17:02.862286229,10363,20020,3.0,Net Banking,Delivered,1219,0,3657.0
502863,2026-01-11 18:08:44.932493250,10475,20059,2.0,Cash on Delivery,Delivered,5868,0,11736.0
502864,2026-01-11 19:00:27.002700270,10557,20085,3.0,Cash on Delivery,Delivered,11910,0,35730.0
502865,2026-01-11 19:52:09.072907291,10494,20099,2.0,Credit Card,Cancelled,4248,0,8496.0
502866,2026-01-11 20:43:51.143114312,10085,20028,2.0,UPI,Returned,8241,0,16482.0
502867,2026-01-11 21:35:33.213321332,10186,20010,2.0,Net Banking,Delivered,24340,15,41378.0
502868,2026-01-11 22:27:15.283528353,10549,20035,1.0,Debit Card,Delivered,15331,10,13797.9
502869,2026-01-11 23:18:57.353735374,10330,20090,1.0,Credit Card,Returned,691,20,552.8
502870,2026-01-12 00:10:39.423942394,10521,20055,1.0,Cash on Delivery,Cancelled,1081,0,1081.0
502871,2026-01-12 01:02:21.494149415,10338,20006,4.0,UPI,Cancelled,34232,5,130081.6
502872,2026-01-12 01:54:03.564356436,10030,20013,2.0,Cash on Delivery,Delivered,24693,10,44447.4
502873,2026-01-12 02:45:45.634563457,10284,20036,2.0,Credit Card,Delivered,17380,5,33022.0
502874,2026-01-12 03:37:27.704770477,10495,20036,4.0,UPI,Cancelled,17380,0,69520.0
502875,2026-01-12 04:29:09.774977498,10394,20015,5.0,Net Banking,Delivered,27789,5,131997.75
502876,2026-01-12 05:20:51.845184519,10080,20052,1.0,Debit Card,Delivered,1561,0,1561.0
502877,2026-01-12 06:12:33.915391539,10127,20050,1.0,Debit Card,Delivered,1390,0,1390.0
502878,2026-01-12 07:04:15.985598560,10513,20021,2.0,Debit Card,Delivered,11517,15,19578.9
502879,2026-01-12 07:55:58.055805581,10588,20025,4.0,UPI,Delivered,5959,0,23836.0
502880,2026-01-12 08:47:40.126012601,10452,20070,3.0,UPI,Delivered,4368,0,13104.0
502881,2026-01-12 09:39:22.196219622,10059,20100,2.0,UPI,Delivered,2214,20,3542.4
502882,2026-01-12 10:31:04.266426643,10372,20104,1.0,UPI,Delivered,778,20,622.4
502883,2026-01-12 11:22:46.336633664,10498,20059,2.0,UPI,Cancelled,5868,0,11736.0
502884,2026-01-12 12:14:28.406840684,10385,20005,1.0,Credit Card,Delivered,55986,0,55986.0
502885,2026-01-12 13:06:10.477047705,10357,20094,3.0,UPI,Returned,4584,0,13752.0
502886,2026-01-12 13:57:52.547254726,10281,20099,5.0,Credit Card,Delivered,4248,10,19116.0
502887,2026-01-12 14:49:34.617461746,10147,20029,4.0,UPI,Cancelled,11176,10,40233.6
502888,2026-01-12 15:41:16.687668767,10169,20042,1.0,UPI,Delivered,51100,0,51100.0
502889,2026-01-12 16:32:58.757875788,10448,20003,2.0,Cash on Delivery,Delivered,53620,0,107240.0
502890,2026-01-12 17:24:40.828082809,10042,20084,5.0,Cash on Delivery,Delivered,7386,0,36930.0
502891,2026-01-12 18:16:22.898289829,10051,20081,2.0,Net Banking,Returned,14773,20,23636.8
502892,2026-01-12 19:08:04.968496850,10238,20003,4.0,UPI,Delivered,53620,0,214480.0
502893,2026-01-12 19:59:47.038703871,10465,20074,2.0,Debit Card,Returned,5850,0,11700.0
502894,2026-01-12 20:51:29.108910891,10395,20043,2.0,UPI,Delivered,21634,10,38941.2
502895,2026-01-12 21:43:11.179117912,10354,20057,2.0,Credit Card,Cancelled,4302,20,6883.2
502896,2026-01-12 22:34:53.249324933,10321,20023,1.0,Cash on Delivery,Delivered,2698,15,2293.3
502897,2026-01-12 23:26:35.319531953,10067,20085,2.0,Credit Card,Delivered,11910,0,23820.0
502898,2026-01-13 00:18:17.389738974,10200,20043,1.0,Cash on Delivery,Returned,21634,15,18388.9
502899,2026-01-13 01:09:59.459945995,10048,20088,4.0,Debit Card,Cancelled,7259,0,29036.0
502900,2026-01-13 02:01:41.530153016,10455,20016,2.0,UPI,Delivered,24382,0,48764.0
502901,2026-01-13 02:53:23.600360036,10451,20062,2.0,UPI,Delivered,2317,5,4402.3
502902,2026-01-13 03:45:05.670567057,10155,20033,4.0,Net Banking,Cancelled,16169,15,54974.6
502903,2026-01-13 04:36:47.740774078,10176,20101,2.0,Credit Card,Delivered,2343,20,3748.8
502904,2026-01-13 05:28:29.810981098,10191,20058,5.0,UPI,Returned,3049,10,13720.5
502905,2026-01-13 06:20:11.881188120,10534,20075,2.0,UPI,Delivered,7740,0,15480.0
502906,2026-01-13 07:11:53.951395140,10294,20009,5.0,Cash on Delivery,Delivered,18553,10,83488.5
502907,2026-01-13 08:03:36.021602160,10458,20071,5.0,UPI,Cancelled,4484,0,22420.0
502908,2026-01-13 08:55:18.091809182,10270,20011,1.0,Cash on Delivery,Returned,32685,0,32685.0
502909,2026-01-13 09:47:00.162016202,10419,20038,1.0,Debit Card,Delivered,9637,0,9637.0
502910,2026-01-13 10:38:42.232223222,10317,20024,4.0,UPI,Delivered,4109,0,16436.0
502911,2026-01-13 11:30:24.302430244,10168,20001,1.0,Credit Card,Returned,63388,0,63388.0
502912,2026-01-13 12:22:06.372637264,10526,20061,4.0,Debit Card,Delivered,7110,15,24174.0
502913,2026-01-13 13:13:48.442844284,10426,20026,1.0,Credit Card,Returned,9415,15,8002.75
502914,2026-01-13 14:05:30.513051306,10462,20054,4.0,UPI,Returned,1287,15,4375.8
502915,2026-01-13 14:57:12.583258326,10569,20080,3.0,UPI,Delivered,8370,20,20088.0
502916,2026-01-13 15:48:54.653465346,10150,20019,2.0,Net Banking,Delivered,1265,5,2403.5
502917,2026-01-13 16:40:36.723672368,10055,20074,2.0,Debit Card,Delivered,5850,10,10530.0
502918,2026-01-13 17:32:18.793879388,10350,20031,3.0,Credit Card,Delivered,16301,0,48903.0
502919,2026-01-13 18:24:00.864086408,10196,20035,2.0,UPI,Delivered,15331,5,29128.9
502920,2026-01-13 19:15:42.934293430,10262,20061,2.0,Credit Card,Cancelled,7110,0,14220.0
502921,2026-01-13 20:07:25.004500450,10141,20066,1.0,Net Banking,Delivered,1710,10,1539.0
502922,2026-01-13 20:59:07.074707470,10240,20069,1.0,UPI,Delivered,3824,5,3632.8
502923,2026-01-13 21:50:49.144914492,10236,20021,5.0,Cash on Delivery,Cancelled,11517,5,54705.75
502924,2026-01-13 22:42:31.215121512,10211,20061,3.0,Net Banking,Delivered,7110,15,18130.5
502925,2026-01-13 23:34:13.285328534,10446,20028,2.0,UPI,Delivered,8241,0,16482.0
502926,2026-01-14 00:25:55.355535554,10356,20029,4.0,Net Banking,Delivered,11176,5,42468.8
502927,2026-01-14 01:17:37.425742574,10285,20099,2.0,Debit Card,Delivered,4248,0,8496.0
502928,2026-01-14 02:09:19.495949596,10068,20011,2.0,Debit Card,Delivered,32685,15,55564.5
502929,2026-01-14 03:01:01.566156616,10343,20043,1.0,UPI,Delivered,21634,10,19470.6
502930,2026-01-14 03:52:43.636363636,10106,20046,2.0,Cash on Delivery,Delivered,18692,15,31776.4
502931,2026-01-14 04:44:25.706570658,10189,20026,1.0,Credit Card,Delivered,9415,15,8002.75
502932,2026-01-14 05:36:07.776777678,10249,20082,3.0,Net Banking,Delivered,7271,0,21813.0
502933,2026-01-14 06:27:49.846984698,10085,20051,1.0,UPI,Delivered,1170,0,1170.0
502934,2026-01-14 07:19:31.917191720,10234,20075,2.0,UPI,Cancelled,7740,0,15480.0
502935,2026-01-14 08:11:13.987398740,10161,20041,1.0,Cash on Delivery,Delivered,36528,15,31048.8
502936,2026-01-14 09:02:56.057605760,10510,20094,1.0,Credit Card,Delivered,4584,5,4354.8
502937,2026-01-14 09:54:38.127812782,10516,20076,2.0,UPI,Delivered,6747,15,11469.9
502938,2026-01-14 10:46:20.198019802,10003,20035,1.0,Net Banking,Cancelled,15331,0,15331.0
502939,2026-01-14 11:38:02.268226822,10362,20101,1.0,UPI,Delivered,2343,20,1874.4
502940,2026-01-14 12:29:44.338433844,10385,20090,5.0,Net Banking,Delivered,691,5,3282.25
502941,2026-01-14 13:21:26.408640864,10227,20062,1.0,Cash on Delivery,Returned,2317,20,1853.6
502942,2026-01-14 14:13:08.478847886,10282,20002,2.0,UPI,Delivered,66297,5,125964.3
502943,2026-01-14 15:04:50.549054906,10474,20062,1.0,Credit Card,Delivered,2317,0,2317.0
502944,2026-01-14 15:56:32.619261926,10227,20072,1.0,Cash on Delivery,Returned,3499,0,3499.0
502945,2026-01-14 16:48:14.689468948,10039,20038,1.0,Cash on Delivery,Delivered,9637,5,9155.15
502946,2026-01-14 17:39:56.759675968,10224,20015,3.0,Credit Card,Delivered,27789,0,83367.0
502947,2026-01-14 18:31:38.829882988,10153,20059,1.0,Debit Card,Delivered,5868,15,4987.8
502948,2026-01-14 19:23:20.900090010,10230,20084,5.0,Debit Card,Cancelled,7386,0,36930.0
502949,2026-01-14 20:15:02.970297030,10139,20034,1.0,UPI,Returned,6711,15,5704.35
502950,2026-01-14 21:06:45.040504050,10090,20048,3.0,Debit Card,Delivered,23385,20,56124.0
502951,2026-01-14 21:58:27.110711072,10592,20001,1.0,UPI,Delivered,63388,0,63388.0
502952,2026-01-14 22:50:09.180918092,10078,20074,4.0,UPI,Delivered,5850,0,23400.0
502953,2026-01-14 23:41:51.251125112,10424,20091,3.0,Credit Card,Delivered,412,10,1112.4
502954,2026-01-15 00:33:33.321332134,10431,20081,4.0,Net Banking,Cancelled,14773,20,47273.6
502955,2026-01-15 01:25:15.391539154,10371,20045,5.0,UPI,Delivered,19570,20,78280.0
502956,2026-01-15 02:16:57.461746174,10547,20005,4.0,UPI,Cancelled,55986,0,223944.0
502957,2026-01-15 03:08:39.531953196,10003,20052,2.0,UPI,Delivered,1561,0,3122.0
502958,2026-01-15 04:00:21.602160216,10181,20098,4.0,UPI,Returned,1112,0,4448.0
502959,2026-01-15 04:52:03.672367236,10111,20009,1.0,Cash on Delivery,Returned,18553,0,18553.0
502960,2026-01-15 05:43:45.742574258,10347,20023,3.0,Credit Card,Returned,2698,10,7284.6
502961,2026-01-15 06:35:27.812781278,10382,20088,5.0,UPI,Cancelled,7259,0,36295.0
502962,2026-01-15 07:27:09.882988300,10539,20060,2.0,Cash on Delivery,Delivered,4824,15,8200.8
502963,2026-01-15 08:18:51.953195320,10228,20018,5.0,UPI,Delivered,3166,0,15830.0
502964,2026-01-15 09:10:34.023402340,10142,20003,2.0,Credit Card,Returned,53620,10,96516.0
502965,2026-01-15 10:02:16.093609362,10555,20043,2.0,Net Banking,Returned,21634,5,41104.6
502966,2026-01-15 10:53:58.163816382,10404,20062,1.0,Debit Card,Returned,2317,0,2317.0
502967,2026-01-15 11:45:40.234023402,10459,20088,1.0,UPI,Delivered,7259,0,7259.0
502968,2026-01-15 12:37:22.304230424,10267,20092,5.0,Debit Card,Returned,803,0,4015.0
502969,2026-01-15 13:29:04.374437444,10269,20048,3.0,Debit Card,Delivered,23385,15,59631.75
502970,2026-01-15 14:20:46.444644464,10234,20044,2.0,Debit Card,Delivered,32508,15,55263.6
502971,2026-01-15 15:12:28.514851486,10450,20097,5.0,UPI,Delivered,3648,0,18240.0
502972,2026-01-15 16:04:10.585058506,10127,20081,1.0,Net Banking,Returned,14773,0,14773.0
502973,2026-01-15 16:55:52.655265526,10586,20022,4.0,Credit Card,Delivered,9827,15,33411.8
502974,2026-01-15 17:47:34.725472548,10106,20071,2.0,Debit Card,Returned,4484,15,7622.8
502975,2026-01-15 18:39:16.795679568,10277,20075,2.0,Cash on Delivery,Returned,7740,0,15480.0
502976,2026-01-15 19:30:58.865886588,10189,20025,1.0,Net Banking,Cancelled,5959,15,5065.15
502977,2026-01-15 20:22:40.936093610,10386,20102,2.0,Net Banking,Delivered,2774,15,4715.8
502978,2026-01-15 21:14:23.006300630,10409,20031,3.0,UPI,Delivered,16301,0,48903.0
502979,2026-01-15 22:06:05.076507650,10552,20058,5.0,UPI,Delivered,3049,0,15245.0
502980,2026-01-15 22:57:47.146714672,10474,20052,1.0,Credit Card,Delivered,1561,0,1561.0
502981,2026-01-15 23:49:29.216921692,10150,20072,1.0,UPI,Returned,3499,10,3149.1
502982,2026-01-16 00:41:11.287128714,10124,20094,1.0,Debit Card,Delivered,4584,20,3667.2
502983,2026-01-16 01:32:53.357335734,10532,20041,1.0,Debit Card,Delivered,36528,0,36528.0
502984,2026-01-16 02:24:35.427542754,10293,20040,1.0,Credit Card,Cancelled,9982,0,9982.0
502985,2026-01-16 03:16:17.497749776,10059,20079,4.0,UPI,Delivered,3686,5,14006.8
502986,2026-01-16 04:07:59.567956796,10495,20100,1.0,Net Banking,Delivered,2214,0,2214.0
502987,2026-01-16 04:59:41.638163816,10390,20095,1.0,Credit Card,Delivered,1791,0,1791.0
502988,2026-01-16 05:51:23.708370838,10016,20079,1.0,Credit Card,Returned,3686,0,3686.0
502989,2026-01-16 06:43:05.778577858,10470,20074,2.0,Credit Card,Cancelled,5850,0,11700.0
502990,2026-01-16 07:34:47.848784878,10365,20080,2.0,UPI,Delivered,8370,10,15066.0
502991,2026-01-16 08:26:29.918991900,10369,20098,1.0,Debit Card,Cancelled,1112,15,945.2
502992,2026-01-16 09:18:11.989198920,10519,20002,2.0,UPI,Delivered,66297,0,132594.0
502993,2026-01-16 10:09:54.059405940,10298,20062,1.0,Credit Card,Delivered,2317,0,2317.0
502994,2026-01-16 11:01:36.129612962,10277,20004,4.0,UPI,Delivered,68919,0,275676.0
502995,2026-01-16 11:53:18.199819982,10371,20061,1.0,UPI,Delivered,7110,20,5688.0
502996,2026-01-16 12:45:00.270027002,10119,20042,1.0,UPI,Cancelled,51100,5,48545.0
502997,2026-01-16 13:36:42.340234024,10091,20032,2.0,UPI,Delivered,14051,5,26696.9
502998,2026-01-16 14:28:24.410441044,10507,20093,4.0,Cash on Delivery,Delivered,2351,0,9404.0
502999,2026-01-16 15:20:06.480648066,10130,20074,2.0,Net Banking,Cancelled,5850,0,11700.0
503000,2026-01-16 16:11:48.550855086,10303,20060,1.0,UPI,Delivered,4824,20,3859.2
503001,2026-01-16 17:03:30.621062106,10162,20092,2.0,UPI,Delivered,803,20,1284.8
503002,2026-01-16 17:55:12.691269128,10139,20011,1.0,Net Banking,Cancelled,32685,5,31050.75
503003,2026-01-16 18:46:54.761476148,10359,20068,1.0,UPI,Delivered,1337,0,1337.0
503004,2026-01-16 19:38:36.831683168,10482,20017,5.0,Credit Card,Delivered,1945,0,9725.0
503005,2026-01-16 20:30:18.901890190,10266,20025,5.0,UPI,Delivered,5959,15,25325.75
503006,2026-01-16 21:22:00.972097210,10084,20020,1.0,Credit Card,Delivered,1219,5,1158.05
503007,2026-01-16 22:13:43.042304230,10147,20057,2.0,Cash on Delivery,Delivered,4302,0,8604.0
503008,2026-01-16 23:05:25.112511252,10099,20066,2.0,UPI,Delivered,1710,0,3420.0
503009,2026-01-16 23:57:07.182718272,10530,20079,5.0,Cash on Delivery,Delivered,3686,5,17508.5
503010,2026-01-17 00:48:49.252925292,10192,20046,5.0,Net Banking,Delivered,18692,20,74768.0
503011,2026-01-17 01:40:31.323132314,10225,20098,1.0,Cash on Delivery,Returned,1112,15,945.2
503012,2026-01-17 02:32:13.393339334,10043,20039,1.0,Debit Card,Cancelled,5898,15,5013.3
503013,2026-01-17 03:23:55.463546354,10268,20017,1.0,Net Banking,Returned,1945,0,1945.0
503014,2026-01-17 04:15:37.533753376,10549,20004,1.0,Credit Card,Delivered,68919,15,58581.15
503015,2026-01-17 05:07:19.603960396,10246,20014,4.0,Net Banking,Delivered,13717,10,49381.2
503016,2026-01-17 05:59:01.674167416,10391,20047,3.0,UPI,Delivered,20791,15,53017.05
503017,2026-01-17 06:50:43.744374438,10110,20043,4.0,Debit Card,Returned,21634,0,86536.0
503018,2026-01-17 07:42:25.814581458,10086,20089,1.0,Debit Card,Delivered,507,20,405.6
503019,2026-01-17 08:34:07.884788480,10439,20014,1.0,UPI,Delivered,13717,15,11659.45
503020,2026-01-17 09:25:49.954995500,10040,20028,1.0,UPI,Delivered,8241,15,7004.85
503021,2026-01-17 10:17:32.025202520,10270,20102,3.0,UPI,Returned,2774,0,8322.0
503022,2026-01-17 11:09:14.095409542,10191,20003,1.0,Credit Card,Delivered,53620,15,45577.0
503023,2026-01-17 12:00:56.165616562,10010,20045,3.0,UPI,Returned,19570,0,58710.0
503024,2026-01-17 12:52:38.235823582,10319,20021,5.0,UPI,Delivered,11517,0,57585.0
503025,2026-01-17 13:44:20.306030604,10579,20056,1.0,UPI,Delivered,1999,0,1999.0
503026,2026-01-17 14:36:02.376237624,10042,20102,3.0,Credit Card,Delivered,2774,0,8322.0
503027,2026-01-17 15:27:44.446444644,10490,20024,2.0,UPI,Delivered,4109,10,7396.2
503028,2026-01-17 16:19:26.516651666,10324,20039,5.0,UPI,Delivered,5898,20,23592.0
503029,2026-01-17 17:11:08.586858686,10435,20047,1.0,UPI,Delivered,20791,20,16632.8
503030,2026-01-17 18:02:50.657065706,10058,20084,1.0,Credit Card,Delivered,7386,0,7386.0
503031,2026-01-17 18:54:32.727272728,10522,20103,1.0,UPI,Delivered,2822,20,2257.6
503032,2026-01-17 19:46:14.797479748,10007,20011,3.0,Cash on Delivery,Delivered,32685,0,98055.0
503033,2026-01-17 20:37:56.867686768,10545,20051,4.0,UPI,Delivered,1170,15,3978.0
503034,2026-01-17 21:29:38.937893790,10395,20079,1.0,UPI,Delivered,3686,0,3686.0
503035,2026-01-17 22:21:21.008100810,10203,20001,2.0,Credit Card,Delivered,63388,15,107759.6
503036,2026-01-17 23:13:03.078307832,10005,20084,3.0,Net Banking,Delivered,7386,0,22158.0
503037,2026-01-18 00:04:45.148514852,10367,20026,4.0,Credit Card,Delivered,9415,20,30128.0
503038,2026-01-18 00:56:27.218721872,10053,20054,5.0,UPI,Delivered,1287,5,6113.25
503039,2026-01-18 01:48:09.288928894,10366,20102,3.0,Credit Card,Returned,2774,5,7905.9
503040,2026-01-18 02:39:51.359135914,10464,20067,5.0,Credit Card,Returned,2588,5,12293.0
503041,2026-01-18 03:31:33.429342934,10161,20103,5.0,Credit Card,Returned,2822,0,14110.0
503042,2026-01-18 04:23:15.499549956,10144,20063,5.0,Cash on Delivery,Delivered,7613,5,36161.75
503043,2026-01-18 05:14:57.569756976,10134,20022,2.0,Cash on Delivery,Delivered,9827,10,17688.6
503044,2026-01-18 06:06:39.639963996,10135,20073,2.0,Credit Card,Returned,5411,0,10822.0
503045,2026-01-18 06:58:21.710171018,10069,20064,2.0,UPI,Delivered,3045,0,6090.0
503046,2026-01-18 07:50:03.780378038,10150,20033,5.0,Credit Card,Delivered,16169,0,80845.0
503047,2026-01-18 08:41:45.850585058,10396,20008,1.0,Cash on Delivery,Cancelled,36276,15,30834.6
503048,2026-01-18 09:33:27.920792080,10182,20068,4.0,Cash on Delivery,Delivered,1337,0,5348.0
503049,2026-01-18 10:25:09.990999100,10469,20061,3.0,UPI,Delivered,7110,0,21330.0
503050,2026-01-18 11:16:52.061206120,10492,20081,1.0,UPI,Delivered,14773,20,11818.4
503051,2026-01-18 12:08:34.131413142,10457,20014,2.0,UPI,Returned,13717,0,27434.0
503052,2026-01-18 13:00:16.201620162,10324,20057,1.0,Net Banking,Delivered,4302,0,4302.0
503053,2026-01-18 13:51:58.271827182,10190,20086,3.0,Credit Card,Delivered,13579,15,34626.45
503054,2026-01-18 14:43:40.342034204,10558,20093,2.0,UPI,Cancelled,2351,5,4466.9
503055,2026-01-18 15:35:22.412241224,10124,20098,1.0,UPI,Delivered,1112,0,1112.0
503056,2026-01-18 16:27:04.482448246,10279,20023,1.0,UPI,Delivered,2698,0,2698.0
503057,2026-01-18 17:18:46.552655266,10273,20018,1.0,Cash on Delivery,Delivered,3166,20,2532.8
503058,2026-01-18 18:10:28.622862286,10448,20060,4.0,Credit Card,Delivered,4824,15,16401.6
503059,2026-01-18 19:02:10.693069308,10329,20049,4.0,UPI,Delivered,578,20,1849.6
503060,2026-01-18 19:53:52.763276328,10480,20025,1.0,Debit Card,Cancelled,5959,5,5661.05
503061,2026-01-18 20:45:34.833483348,10552,20011,4.0,Debit Card,Delivered,32685,10,117666.0
503062,2026-01-18 21:37:16.903690370,10235,20015,2.0,Debit Card,Delivered,27789,0,55578.0
503063,2026-01-18 22:28:58.973897390,10525,20036,1.0,Net Banking,Cancelled,17380,10,15642.0
503064,2026-01-18 23:20:41.044104410,10102,20077,2.0,UPI,Returned,4744,5,9013.6
503065,2026-01-19 00:12:23.114311432,10550,20007,3.0,UPI,Delivered,22213,0,66639.0
503066,2026-01-19 01:04:05.184518452,10107,20011,5.0,UPI,Delivered,32685,15,138911.25
503067,2026-01-19 01:55:47.254725472,10511,20028,2.0,Debit Card,Delivered,8241,5,15657.9
503068,2026-01-19 02:47:29.324932494,10235,20091,1.0,Cash on Delivery,Delivered,412,20,329.6
503069,2026-01-19 03:39:11.395139514,10579,20103,4.0,UPI,Delivered,2822,20,9030.4
503070,2026-01-19 04:30:53.465346534,10078,20046,2.0,Net Banking,Delivered,18692,0,37384.0
503071,2026-01-19 05:22:35.535553556,10280,20005,2.0,Debit Card,Delivered,55986,0,111972.0
503072,2026-01-19 06:14:17.605760576,10542,20002,2.0,Cash on Delivery,Delivered,66297,0,132594.0
503073,2026-01-19 07:05:59.675967596,10029,20090,2.0,Credit Card,Delivered,691,0,1382.0
503074,2026-01-19 07:57:41.746174618,10160,20047,1.0,UPI,Delivered,20791,0,20791.0
503075,2026-01-19 08:49:23.816381638,10051,20009,1.0,Debit Card,Delivered,18553,0,18553.0
503076,2026-01-19 09:41:05.886588660,10193,20087,3.0,Net Banking,Cancelled,9356,20,22454.4
503077,2026-01-19 10:32:47.956795680,10235,20056,1.0,Debit Card,Delivered,1999,10,1799.1
503078,2026-01-19 11:24:30.027002700,10372,20037,2.0,Net Banking,Delivered,4164,0,8328.0
503079,2026-01-19 12:16:12.097209722,10155,20048,4.0,UPI,Cancelled,23385,10,84186.0
503080,2026-01-19 13:07:54.167416742,10096,20024,1.0,Debit Card,Delivered,4109,0,4109.0
503081,2026-01-19 13:59:36.237623762,10102,20097,2.0,UPI,Returned,3648,0,7296.0
503082,2026-01-19 14:51:18.307830784,10564,20082,5.0,Credit Card,Delivered,7271,10,32719.5
503083,2026-01-19 15:43:00.378037804,10572,20021,1.0,UPI,Delivered,11517,0,11517.0
503084,2026-01-19 16:34:42.448244824,10133,20077,4.0,UPI,Delivered,4744,5,18027.2
503085,2026-01-19 17:26:24.518451846,10118,20019,1.0,UPI,Cancelled,1265,15,1075.25
503086,2026-01-19 18:18:06.588658866,10033,20048,5.0,Debit Card,Delivered,23385,0,116925.0
503087,2026-01-19 19:09:48.658865886,10576,20078,2.0,Net Banking,Returned,7034,0,14068.0
503088,2026-01-19 20:01:30.729072908,10424,20004,1.0,UPI,Delivered,68919,20,55135.2
503089,2026-01-19 20:53:12.799279928,10457,20076,3.0,Credit Card,Delivered,6747,0,20241.0
503090,2026-01-19 21:44:54.869486948,10175,20024,1.0,UPI,Delivered,4109,10,3698.1
503091,2026-01-19 22:36:36.939693970,10385,20073,1.0,Credit Card,Delivered,5411,0,5411.0
503092,2026-01-19 23:28:19.009900990,10036,20052,2.0,UPI,Returned,1561,0,3122.0
503093,2026-01-20 00:20:01.080108012,10406,20003,3.0,Credit Card,Delivered,53620,15,136731.0
503094,2026-01-20 01:11:43.150315032,10348,20080,2.0,Cash on Delivery,Delivered,8370,20,13392.0
503095,2026-01-20 02:03:25.220522052,10199,20028,4.0,Credit Card,Delivered,8241,0,32964.0
503096,2026-01-20 02:55:07.290729074,10427,20100,2.0,Debit Card,Delivered,2214,20,3542.4
503097,2026-01-20 03:46:49.360936094,10388,20088,1.0,Debit Card,Delivered,7259,0,7259.0
503098,2026-01-20 04:38:31.431143114,10264,20021,1.0,UPI,Delivered,11517,20,9213.6
503099,2026-01-20 05:30:13.501350136,10113,20063,4.0,UPI,Delivered,7613,5,28929.4
503100,2026-01-20 06:21:55.571557156,10015,20038,3.0,UPI,Returned,9637,15,24574.35
503101,2026-01-20 07:13:37.641764176,10563,20063,1.0,Credit Card,Delivered,7613,0,7613.0
503102,2026-01-20 08:05:19.711971198,10169,20058,4.0,Cash on Delivery,Returned,3049,0,12196.0
503103,2026-01-20 08:57:01.782178218,10182,20031,,Credit Card,Delivered,16301,20,26081.6
503104,2026-01-20 09:48:43.852385238,10409,20068,1.0,Credit Card,Delivered,1337,0,1337.0
503105,2026-01-20 10:40:25.922592260,10154,20028,1.0,UPI,Delivered,8241,20,6592.8
503106,2026-01-20 11:32:07.992799280,10226,20095,5.0,UPI,Delivered,1791,0,8955.0
503107,2026-01-20 12:23:50.063006300,10427,20099,1.0,Cash on Delivery,Delivered,4248,10,3823.2
503108,2026-01-20 13:15:32.133213322,10358,20018,5.0,UPI,Delivered,3166,0,15830.0
503109,2026-01-20 14:07:14.203420342,10394,20076,1.0,Debit Card,Delivered,6747,5,6409.65
503110,2026-01-20 14:58:56.273627362,10003,20097,2.0,UPI,Delivered,3648,10,6566.4
503111,2026-01-20 15:50:38.343834384,10271,20014,1.0,UPI,Delivered,13717,0,13717.0
503112,2026-01-20 16:42:20.414041404,10286,20077,2.0,UPI,Delivered,4744,0,9488.0
503113,2026-01-20 17:34:02.484248426,10380,20098,4.0,Cash on Delivery,Delivered,1112,5,4225.6
503114,2026-01-20 18:25:44.554455446,10091,20024,2.0,UPI,Returned,4109,0,8218.0
503115,2026-01-20 19:17:26.624662466,10096,20061,2.0,Debit Card,Delivered,7110,0,14220.0
503116,2026-01-20 20:09:08.694869488,10458,20083,1.0,UPI,Cancelled,9080,0,9080.0
503117,2026-01-20 21:00:50.765076508,10404,20035,5.0,Debit Card,Cancelled,15331,10,68989.5
503118,2026-01-20 21:52:32.835283528,10487,20025,2.0,Credit Card,Delivered,5959,0,11918.0
503119,2026-01-20 22:44:14.905490550,10163,20042,2.0,Debit Card,Delivered,51100,0,102200.0
503120,2026-01-20 23:35:56.975697570,10599,20035,5.0,UPI,Delivered,15331,0,76655.0
503121,2026-01-21 00:27:39.045904590,10164,20076,3.0,UPI,Delivered,6747,15,17204.85
503122,2026-01-21 01:19:21.116111612,10391,20039,3.0,Cash on Delivery,Delivered,5898,0,17694.0
503123,2026-01-21 02:11:03.186318632,10098,20040,1.0,Credit Card,Cancelled,9982,0,9982.0
503124,2026-01-21 03:02:45.256525652,10552,20099,2.0,UPI,Delivered,4248,0,8496.0
503125,2026-01-21 03:54:27.326732674,10200,20061,2.0,Credit Card,Delivered,7110,5,13509.0
503126,2026-01-21 04:46:09.396939694,10482,20097,1.0,UPI,Returned,3648,0,3648.0
503127,2026-01-21 05:37:51.467146714,10199,20074,2.0,Credit Card,Delivered,5850,0,11700.0
503128,2026-01-21 06:29:33.537353736,10475,20093,4.0,Credit Card,Returned,2351,0,9404.0
503129,2026-01-21 07:21:15.607560756,10273,20021,5.0,UPI,Delivered,11517,0,57585.0
503130,2026-01-21 08:12:57.677767778,10038,20098,4.0,Credit Card,Delivered,1112,0,4448.0
503131,2026-01-21 09:04:39.747974798,10115,20099,5.0,Debit Card,Delivered,4248,5,20178.0
503132,2026-01-21 09:56:21.818181818,10411,20005,5.0,Cash on Delivery,Delivered,55986,5,265933.5
503133,2026-01-21 10:48:03.888388840,10116,20038,1.0,Debit Card,Cancelled,9637,5,9155.15
503134,2026-01-21 11:39:45.958595860,10166,20043,4.0,Credit Card,Delivered,21634,5,82209.2
503135,2026-01-21 12:31:28.028802880,10326,20044,2.0,Debit Card,Cancelled,32508,20,52012.8
503136,2026-01-21 13:23:10.099009902,10152,20081,4.0,UPI,Cancelled,14773,0,59092.0
503137,2026-01-21 14:14:52.169216922,10078,20073,3.0,Debit Card,Delivered,5411,0,16233.0
503138,2026-01-21 15:06:34.239423942,10375,20023,1.0,UPI,Delivered,2698,5,2563.1
503139,2026-01-21 15:58:16.309630964,10414,20064,2.0,UPI,Delivered,3045,0,6090.0
503140,2026-01-21 16:49:58.379837984,10440,20102,4.0,Debit Card,Delivered,2774,20,8876.8
503141,2026-01-21 17:41:40.450045004,10567,20046,1.0,UPI,Cancelled,18692,5,17757.4
503142,2026-01-21 18:33:22.520252026,10075,20097,2.0,Debit Card,Delivered,3648,10,6566.4
503143,2026-01-21 19:25:04.590459046,10257,20068,3.0,Debit Card,Delivered,1337,0,4011.0
503144,2026-01-21 20:16:46.660666066,10141,20097,2.0,UPI,Delivered,3648,10,6566.4
503145,2026-01-21 21:08:28.730873088,10541,20094,4.0,Credit Card,Delivered,4584,20,14668.8
503146,2026-01-21 22:00:10.801080108,10324,20002,1.0,Debit Card,Delivered,66297,10,59667.3
503147,2026-01-21 22:51:52.871287128,10059,20084,1.0,Debit Card,Cancelled,7386,0,7386.0
503148,2026-01-21 23:43:34.941494150,10416,20020,5.0,Net Banking,Returned,1219,10,5485.5
503149,2026-01-22 00:35:17.011701170,10026,20086,2.0,UPI,Delivered,13579,15,23084.3
503150,2026-01-22 01:26:59.081908192,10165,20085,1.0,Net Banking,Delivered,11910,10,10719.0
503151,2026-01-22 02:18:41.152115212,10433,20027,1.0,UPI,Returned,7598,10,6838.2
503152,2026-01-22 03:10:23.222322232,10304,20007,2.0,UPI,Returned,22213,5,42204.7
503153,2026-01-22 04:02:05.292529254,10457,20044,5.0,Debit Card,Cancelled,32508,0,162540.0
503154,2026-01-22 04:53:47.362736274,10343,20032,1.0,UPI,Delivered,14051,15,11943.35
503155,2026-01-22 05:45:29.432943294,10506,20058,1.0,UPI,Delivered,3049,0,3049.0
503156,2026-01-22 06:37:11.503150316,10338,20009,2.0,UPI,Delivered,18553,0,37106.0
503157,2026-01-22 07:28:53.573357336,10035,20005,1.0,Net Banking,Delivered,55986,5,53186.7
503158,2026-01-22 08:20:35.643564356,10043,20046,1.0,Cash on Delivery,Cancelled,18692,0,18692.0
503159,2026-01-22 09:12:17.713771378,10467,20081,1.0,Cash on Delivery,Delivered,14773,5,14034.35
503160,2026-01-22 10:03:59.783978398,10024,20033,3.0,UPI,Delivered,16169,5,46081.65
503161,2026-01-22 10:55:41.854185418,10226,20034,4.0,Credit Card,Cancelled,6711,0,26844.0
503162,2026-01-22 11:47:23.924392440,10010,20018,1.0,Net Banking,Delivered,3166,10,2849.4
503163,2026-01-22 12:39:05.994599460,10183,20030,3.0,UPI,Delivered,6241,10,16850.7
503164,2026-01-22 13:30:48.064806480,10358,20032,4.0,Credit Card,Cancelled,14051,0,56204.0
503165,2026-01-22 14:22:30.135013502,10104,20027,1.0,UPI,Delivered,7598,15,6458.3
503166,2026-01-22 15:14:12.205220522,10280,20036,4.0,Credit Card,Delivered,17380,0,69520.0
503167,2026-01-22 16:05:54.275427544,10598,20030,1.0,Debit Card,Delivered,6241,5,5928.95
503168,2026-01-22 16:57:36.345634564,10043,20071,3.0,UPI,Delivered,4484,0,13452.0
503169,2026-01-22 17:49:18.415841584,10039,20036,4.0,UPI,Delivered,17380,10,62568.0
503170,2026-01-22 18:41:00.486048606,10163,20079,4.0,Debit Card,Cancelled,3686,0,14744.0
503171,2026-01-22 19:32:42.556255626,10497,20063,2.0,Debit Card,Delivered,7613,20,12180.8
503172,2026-01-22 20:24:24.626462646,10244,20067,3.0,UPI,Delivered,2588,0,7764.0
503173,2026-01-22 21:16:06.696669668,10384,20061,1.0,UPI,Cancelled,7110,5,6754.5
503174,2026-01-22 22:07:48.766876688,10021,20096,2.0,Cash on Delivery,Delivered,3065,10,5517.0
503175,2026-01-22 22:59:30.837083708,10442,20027,5.0,Debit Card,Delivered,7598,0,37990.0
503176,2026-01-22 23:51:12.907290730,10041,20103,1.0,Credit Card,Delivered,2822,0,2822.0
503177,2026-01-23 00:42:54.977497750,10428,20022,1.0,Debit Card,Delivered,9827,0,9827.0
503178,2026-01-23 01:34:37.047704770,10089,20015,3.0,Cash on Delivery,Cancelled,27789,15,70861.95
503179,2026-01-23 02:26:19.117911792,10516,20086,2.0,UPI,Delivered,13579,0,27158.0
503180,2026-01-23 03:18:01.188118812,10178,20094,2.0,UPI,Delivered,4584,10,8251.2
503181,2026-01-23 04:09:43.258325832,10111,20010,1.0,UPI,Delivered,24340,0,24340.0
503182,2026-01-23 05:01:25.328532854,10203,20063,1.0,Net Banking,Cancelled,7613,0,7613.0
503183,2026-01-23 05:53:07.398739874,10001,20054,3.0,UPI,Delivered,1287,0,3861.0
503184,2026-01-23 06:44:49.468946894,10100,20023,1.0,UPI,Cancelled,2698,0,2698.0
503185,2026-01-23 07:36:31.539153916,10360,20055,4.0,UPI,Delivered,1081,15,3675.4
503186,2026-01-23 08:28:13.609360936,10181,20072,2.0,Debit Card,Delivered,3499,15,5948.3
503187,2026-01-23 09:19:55.679567958,10213,20060,2.0,Debit Card,Returned,4824,0,9648.0
503188,2026-01-23 10:11:37.749774978,10485,20055,1.0,UPI,Cancelled,1081,15,918.85
503189,2026-01-23 11:03:19.819981998,10075,20093,3.0,UPI,Delivered,2351,10,6347.7
503190,2026-01-23 11:55:01.890189020,10238,20024,1.0,Debit Card,Delivered,4109,10,3698.1
503191,2026-01-23 12:46:43.960396040,10112,20065,5.0,UPI,Delivered,1731,0,8655.0
503192,2026-01-23 13:38:26.030603060,10290,20033,2.0,Debit Card,Delivered,16169,0,32338.0
503193,2026-01-23 14:30:08.100810082,10200,20102,4.0,UPI,Returned,2774,0,11096.0
503194,2026-01-23 15:21:50.171017102,10028,20027,2.0,Cash on Delivery,Delivered,7598,15,12916.6
503195,2026-01-23 16:13:32.241224122,10043,20091,2.0,Credit Card,Delivered,412,0,824.0
503196,2026-01-23 17:05:14.311431144,10512,20066,2.0,Debit Card,Delivered,1710,5,3249.0
503197,2026-01-23 17:56:56.381638164,10035,20023,2.0,UPI,Returned,2698,5,5126.2
503198,2026-01-23 18:48:38.451845184,10470,20079,2.0,UPI,Delivered,3686,20,5897.6
503199,2026-01-23 19:40:20.522052206,10550,20026,5.0,Debit Card,Delivered,9415,0,47075.0
503200,2026-01-23 20:32:02.592259226,10280,20028,3.0,Credit Card,Cancelled,8241,15,21014.55
503201,2026-01-23 21:23:44.662466246,10188,20036,1.0,Debit Card,Delivered,17380,0,17380.0
503202,2026-01-23 22:15:26.732673268,10466,20071,1.0,Credit Card,Delivered,4484,20,3587.2
503203,2026-01-23 23:07:08.802880288,10590,20041,1.0,Credit Card,Delivered,36528,5,34701.6
503204,2026-01-23 23:58:50.873087308,10073,20060,3.0,Net Banking,Delivered,4824,0,14472.0
503205,2026-01-24 00:50:32.943294330,10579,20058,1.0,Credit Card,Delivered,3049,0,3049.0
503206,2026-01-24 01:42:15.013501350,10567,20021,2.0,Cash on Delivery,Returned,11517,15,19578.9
503207,2026-01-24 02:33:57.083708372,10086,20025,4.0,UPI,Returned,5959,0,23836.0
503208,2026-01-24 03:25:39.153915392,10033,20032,1.0,UPI,Delivered,14051,0,14051.0
503209,2026-01-24 04:17:21.224122412,10429,20024,1.0,Debit Card,Returned,4109,0,4109.0
503210,2026-01-24 05:09:03.294329434,10047,20096,1.0,UPI,Delivered,3065,20,2452.0
503211,2026-01-24 06:00:45.364536454,10361,20040,1.0,UPI,Delivered,9982,0,9982.0
503212,2026-01-24 06:52:27.434743474,10039,20043,1.0,UPI,Delivered,21634,5,20552.3
503213,2026-01-24 07:44:09.504950496,10415,20070,3.0,Credit Card,Delivered,4368,0,13104.0
503214,2026-01-24 08:35:51.575157516,10140,20082,3.0,Debit Card,Delivered,7271,0,21813.0
503215,2026-01-24 09:27:33.645364536,10058,20072,1.0,UPI,Delivered,3499,0,3499.0
503216,2026-01-24 10:19:15.715571558,10040,20058,2.0,UPI,Cancelled,3049,20,4878.4
503217,2026-01-24 11:10:57.785778578,10114,20102,1.0,UPI,Delivered,2774,5,2635.3
503218,2026-01-24 12:02:39.855985598,10325,20094,1.0,UPI,Delivered,4584,0,4584.0
503219,2026-01-24 12:54:21.926192620,10046,20022,2.0,UPI,Delivered,9827,5,18671.3
503220,2026-01-24 13:46:03.996399640,10482,20017,3.0,UPI,Delivered,1945,15,4959.75
503221,2026-01-24 14:37:46.066606660,10363,20041,1.0,Net Banking,Delivered,36528,20,29222.4
503222,2026-01-24 15:29:28.136813682,10179,20087,4.0,Debit Card,Delivered,9356,0,37424.0
503223,2026-01-24 16:21:10.207020702,10592,20101,5.0,UPI,Delivered,2343,15,9957.75
503224,2026-01-24 17:12:52.277227724,10396,20074,1.0,UPI,Delivered,5850,15,4972.5
503225,2026-01-24 18:04:34.347434744,10404,20072,1.0,UPI,Delivered,3499,0,3499.0
503226,2026-01-24 18:56:16.417641764,10105,20025,1.0,UPI,Returned,5959,20,4767.2
503227,2026-01-24 19:47:58.487848786,10427,20062,4.0,Credit Card,Cancelled,2317,0,9268.0
503228,2026-01-24 20:39:40.558055806,10336,20020,1.0,Cash on Delivery,Returned,1219,15,1036.15
503229,2026-01-24 21:31:22.628262826,10591,20057,2.0,Debit Card,Delivered,4302,20,6883.2
503230,2026-01-24 22:23:04.698469848,10287,20021,2.0,Credit Card,Delivered,11517,10,20730.6
503231,2026-01-24 23:14:46.768676868,10407,20008,1.0,UPI,Delivered,36276,0,36276.0
503232,2026-01-25 00:06:28.838883888,10205,20101,1.0,Debit Card,Cancelled,2343,15,1991.55
503233,2026-01-25 00:58:10.909090910,10025,20093,1.0,Cash on Delivery,Delivered,2351,5,2233.45
503234,2026-01-25 01:49:52.979297930,10077,20072,1.0,UPI,Returned,3499,15,2974.15
503235,2026-01-25 02:41:35.049504950,10521,20066,2.0,Net Banking,Cancelled,1710,10,3078.0
503236,2026-01-25 03:33:17.119711972,10443,20025,5.0,UPI,Delivered,5959,0,29795.0
503237,2026-01-25 04:24:59.189918992,10219,20060,1.0,Debit Card,Delivered,4824,5,4582.8
503238,2026-01-25 05:16:41.260126012,10419,20078,1.0,UPI,Returned,7034,0,7034.0
503239,2026-01-25 06:08:23.330333034,10003,20057,1.0,Debit Card,Delivered,4302,0,4302.0
503240,2026-01-25 07:00:05.400540054,10023,20030,5.0,UPI,Cancelled,6241,10,28084.5
503241,2026-01-25 07:51:47.470747074,10305,20041,5.0,Credit Card,Returned,36528,0,182640.0
503242,2026-01-25 08:43:29.540954096,10375,20088,3.0,Debit Card,Delivered,7259,5,20688.15
503243,2026-01-25 09:35:11.611161116,10563,20027,2.0,Debit Card,Delivered,7598,0,15196.0
503244,2026-01-25 10:26:53.681368138,10456,20100,1.0,Debit Card,Delivered,2214,10,1992.6
503245,2026-01-25 11:18:35.751575158,10155,20079,5.0,UPI,Delivered,3686,0,18430.0
503246,2026-01-25 12:10:17.821782178,10490,20093,1.0,Debit Card,Returned,2351,0,2351.0
503247,2026-01-25 13:01:59.891989200,10295,20053,1.0,UPI,Delivered,2733,0,2733.0
503248,2026-01-25 13:53:41.962196220,10496,20024,3.0,Debit Card,Delivered,4109,20,9861.6
503249,2026-01-25 14:45:24.032403240,10105,20004,1.0,UPI,Returned,68919,10,62027.1
503250,2026-01-25 15:37:06.102610262,10016,20056,1.0,Credit Card,Delivered,1999,10,1799.1
503251,2026-01-25 16:28:48.172817282,10035,20042,2.0,Credit Card,Delivered,51100,0,102200.0
503252,2026-01-25 17:20:30.243024302,10595,20012,1.0,Cash on Delivery,Delivered,15742,20,12593.6
503253,2026-01-25 18:12:12.313231324,10049,20097,1.0,Debit Card,Delivered,3648,0,3648.0
503254,2026-01-25 19:03:54.383438344,10564,20101,3.0,UPI,Cancelled,2343,0,7029.0
503255,2026-01-25 19:55:36.453645364,10437,20039,1.0,Debit Card,Delivered,5898,0,5898.0
503256,2026-01-25 20:47:18.523852386,10088,20070,4.0,UPI,Delivered,4368,10,15724.8
503257,2026-01-25 21:39:00.594059406,10519,20043,1.0,UPI,Delivered,21634,20,17307.2
503258,2026-01-25 22:30:42.664266426,10087,20052,2.0,UPI,Delivered,1561,15,2653.7
503259,2026-01-25 23:22:24.734473448,10086,20065,1.0,Debit Card,Cancelled,1731,0,1731.0
503260,2026-01-26 00:14:06.804680468,10346,20044,3.0,Cash on Delivery,Delivered,32508,15,82895.4
503261,2026-01-26 01:05:48.874887490,10173,20084,4.0,Cash on Delivery,Cancelled,7386,0,29544.0
503262,2026-01-26 01:57:30.945094510,10175,20020,4.0,UPI,Cancelled,1219,0,4876.0
503263,2026-01-26 02:49:13.015301530,10118,20070,1.0,UPI,Cancelled,4368,10,3931.2
503264,2026-01-26 03:40:55.085508552,10365,20103,1.0,Net Banking,Returned,2822,5,2680.9
503265,2026-01-26 04:32:37.155715572,10017,20089,5.0,UPI,Delivered,507,0,2535.0
503266,2026-01-26 05:24:19.225922592,10148,20005,3.0,Credit Card,Delivered,55986,5,159560.1
503267,2026-01-26 06:16:01.296129614,10333,20012,1.0,Cash on Delivery,Cancelled,15742,0,15742.0
503268,2026-01-26 07:07:43.366336634,10292,20066,1.0,UPI,Returned,1710,15,1453.5
503269,2026-01-26 07:59:25.436543654,10420,20097,1.0,UPI,Delivered,3648,0,3648.0
503270,2026-01-26 08:51:07.506750676,10130,20088,3.0,Net Banking,Delivered,7259,15,18510.45
503271,2026-01-26 09:42:49.576957696,10389,20095,1.0,Debit Card,Returned,1791,20,1432.8
503272,2026-01-26 10:34:31.647164716,10456,20016,4.0,Cash on Delivery,Delivered,24382,15,82898.8
503273,2026-01-26 11:26:13.717371738,10233,20054,2.0,Debit Card,Delivered,1287,10,2316.6
503274,2026-01-26 12:17:55.787578758,10155,20076,5.0,UPI,Delivered,6747,5,32048.25
503275,2026-01-26 13:09:37.857785778,10334,20065,4.0,Net Banking,Delivered,1731,5,6577.8
503276,2026-01-26 14:01:19.927992800,10348,20081,2.0,Debit Card,Delivered,14773,5,28068.7
503277,2026-01-26 14:53:01.998199820,10057,20023,4.0,Cash on Delivery,Returned,2698,20,8633.6
503278,2026-01-26 15:44:44.068406840,10340,20048,2.0,Credit Card,Returned,23385,0,46770.0
503279,2026-01-26 16:36:26.138613862,10093,20047,1.0,Credit Card,Returned,20791,10,18711.9
503280,2026-01-26 17:28:08.208820882,10342,20098,1.0,UPI,Cancelled,1112,5,1056.4
503281,2026-01-26 18:19:50.279027904,10560,20022,2.0,UPI,Delivered,9827,0,19654.0
503282,2026-01-26 19:11:32.349234924,10323,20034,5.0,Cash on Delivery,Delivered,6711,0,33555.0
503283,2026-01-26 20:03:14.419441944,10457,20003,4.0,Cash on Delivery,Delivered,53620,5,203756.0
503284,2026-01-26 20:54:56.489648966,10186,20016,1.0,Credit Card,Delivered,24382,0,24382.0
503285,2026-01-26 21:46:38.559855986,10554,20103,1.0,Cash on Delivery,Delivered,2822,5,2680.9
503286,2026-01-26 22:38:20.630063006,10488,20089,2.0,UPI,Delivered,507,0,1014.0
503287,2026-01-26 23:30:02.700270028,10551,20027,2.0,Net Banking,Delivered,7598,0,15196.0
503288,2026-01-27 00:21:44.770477048,10445,20074,3.0,Debit Card,Delivered,5850,0,17550.0
503289,2026-01-27 01:13:26.840684068,10390,20062,1.0,Debit Card,Delivered,2317,15,1969.45
503290,2026-01-27 02:05:08.910891090,10316,20095,4.0,Debit Card,Delivered,1791,20,5731.2
503291,2026-01-27 02:56:50.981098110,10557,20032,2.0,Debit Card,Delivered,14051,0,28102.0
503292,2026-01-27 03:48:33.051305130,10509,20104,1.0,Net Banking,Returned,778,0,778.0
503293,2026-01-27 04:40:15.121512152,10251,20039,2.0,Credit Card,Delivered,5898,0,11796.0
503294,2026-01-27 05:31:57.191719172,10052,20075,5.0,Net Banking,Returned,7740,5,36765.0
503295,2026-01-27 06:23:39.261926192,10003,20042,2.0,UPI,Returned,51100,0,102200.0
503296,2026-01-27 07:15:21.332133214,10141,20070,2.0,UPI,Returned,4368,5,8299.2
503297,2026-01-27 08:07:03.402340234,10038,20035,5.0,Debit Card,Returned,15331,0,76655.0
503298,2026-01-27 08:58:45.472547254,10127,20088,1.0,Debit Card,Delivered,7259,20,5807.2
503299,2026-01-27 09:50:27.542754276,10066,20067,2.0,Cash on Delivery,Returned,2588,20,4140.8
503300,2026-01-27 10:42:09.612961296,10589,20031,3.0,UPI,Returned,16301,20,39122.4
503301,2026-01-27 11:33:51.683168318,10058,20100,5.0,UPI,Cancelled,2214,5,10516.5
503302,2026-01-27 12:25:33.753375338,10377,20074,1.0,Credit Card,Delivered,5850,10,5265.0
503303,2026-01-27 13:17:15.823582358,10212,20045,3.0,Net Banking,Delivered,19570,0,58710.0
503304,2026-01-27 14:08:57.893789380,10105,20015,4.0,Cash on Delivery,Delivered,27789,10,100040.4
503305,2026-01-27 15:00:39.963996400,10421,20102,1.0,Net Banking,Delivered,2774,10,2496.6
503306,2026-01-27 15:52:22.034203420,10583,20079,3.0,Credit Card,Cancelled,3686,15,9399.3
503307,2026-01-27 16:44:04.104410442,10475,20070,2.0,Net Banking,Delivered,4368,15,7425.6
503308,2026-01-27 17:35:46.174617462,10586,20087,3.0,UPI,Delivered,9356,0,28068.0
503309,2026-01-27 18:27:28.244824482,10355,20064,2.0,Cash on Delivery,Delivered,3045,0,6090.0
503310,2026-01-27 19:19:10.315031504,10405,20025,1.0,Credit Card,Delivered,5959,5,5661.05
503311,2026-01-27 20:10:52.385238524,10088,20025,4.0,Credit Card,Delivered,5959,5,22644.2
503312,2026-01-27 21:02:34.455445544,10512,20009,1.0,Credit Card,Delivered,18553,5,17625.35
503313,2026-01-27 21:54:16.525652566,10449,20007,1.0,Net Banking,Delivered,22213,10,19991.7
503314,2026-01-27 22:45:58.595859586,10153,20076,5.0,UPI,Delivered,6747,10,30361.5
503315,2026-01-27 23:37:40.666066606,10213,20089,5.0,UPI,Returned,507,0,2535.0
503316,2026-01-28 00:29:22.736273628,10367,20018,2.0,Debit Card,Delivered,3166,10,5698.8
503317,2026-01-28 01:21:04.806480648,10008,20060,2.0,Cash on Delivery,Delivered,4824,10,8683.2
503318,2026-01-28 02:12:46.876687670,10491,20013,1.0,Debit Card,Delivered,24693,0,24693.0
503319,2026-01-28 03:04:28.946894690,10169,20044,2.0,UPI,Delivered,32508,10,58514.4
503320,2026-01-28 03:56:11.017101710,10045,20083,2.0,Debit Card,Delivered,9080,5,17252.0
503321,2026-01-28 04:47:53.087308732,10199,20085,2.0,UPI,Cancelled,11910,15,20247.0
503322,2026-01-28 05:39:35.157515752,10502,20099,3.0,UPI,Delivered,4248,0,12744.0
503323,2026-01-28 06:31:17.227722772,10165,20033,2.0,UPI,Delivered,16169,20,25870.4
503324,2026-01-28 07:22:59.297929794,10324,20099,5.0,Credit Card,Cancelled,4248,5,20178.0
503325,2026-01-28 08:14:41.368136814,10488,20082,3.0,UPI,Delivered,7271,20,17450.4
503326,2026-01-28 09:06:23.438343834,10021,20036,2.0,UPI,Delivered,17380,0,34760.0
503327,2026-01-28 09:58:05.508550856,10456,20035,3.0,UPI,Cancelled,15331,0,45993.0
503328,2026-01-28 10:49:47.578757876,10174,20012,1.0,Debit Card,Delivered,15742,0,15742.0
503329,2026-01-28 11:41:29.648964896,10418,20096,1.0,UPI,Delivered,3065,15,2605.25
503330,2026-01-28 12:33:11.719171918,10113,20022,4.0,UPI,Returned,9827,5,37342.6
503331,2026-01-28 13:24:53.789378938,10084,20028,2.0,Credit Card,Delivered,8241,10,14833.8
503332,2026-01-28 14:16:35.859585958,10473,20043,1.0,Debit Card,Delivered,21634,0,21634.0
503333,2026-01-28 15:08:17.929792980,10485,20015,1.0,Net Banking,Delivered,27789,0,27789.0
503334,2026-01-28 16:00:00.000000000,10589,20084,5.0,Credit Card,Delivered,7386,0,36930.0
503335,2026-01-28 16:51:42.070207020,10407,20073,3.0,Debit Card,Returned,5411,20,12986.4
503336,2026-01-28 17:43:24.140414042,10280,20017,4.0,Net Banking,Delivered,1945,0,7780.0
503337,2026-01-28 18:35:06.210621062,10117,20017,2.0,Debit Card,Delivered,1945,20,3112.0
503338,2026-01-28 19:26:48.280828084,10178,20003,1.0,Credit Card,Returned,53620,0,53620.0
503339,2026-01-28 20:18:30.351035104,10389,20099,1.0,UPI,Delivered,4248,15,3610.8
503340,2026-01-28 21:10:12.421242124,10208,20046,1.0,UPI,Returned,18692,0,18692.0
503341,2026-01-28 22:01:54.491449146,10291,20069,3.0,UPI,Delivered,3824,0,11472.0
503342,2026-01-28 22:53:36.561656166,10101,20016,4.0,Credit Card,Cancelled,24382,10,87775.2
503343,2026-01-28 23:45:18.631863186,10264,20025,2.0,Cash on Delivery,Delivered,5959,0,11918.0
503344,2026-01-29 00:37:00.702070208,10143,20057,3.0,UPI,Delivered,4302,0,12906.0
503345,2026-01-29 01:28:42.772277228,10068,20022,2.0,Credit Card,Returned,9827,20,15723.2
503346,2026-01-29 02:20:24.842484248,10080,20064,3.0,Cash on Delivery,Delivered,3045,0,9135.0
503347,2026-01-29 03:12:06.912691270,10311,20097,3.0,Debit Card,Delivered,3648,20,8755.2
503348,2026-01-29 04:03:48.982898290,10220,20032,2.0,UPI,Delivered,14051,0,28102.0
503349,2026-01-29 04:55:31.053105310,10060,20064,3.0,Cash on Delivery,Cancelled,3045,0,9135.0
503350,2026-01-29 05:47:13.123312332,10309,20096,1.0,UPI,Returned,3065,5,2911.75
503351,2026-01-29 06:38:55.193519352,10099,20093,3.0,UPI,Returned,2351,0,7053.0
503352,2026-01-29 07:30:37.263726372,10010,20001,5.0,Credit Card,Delivered,63388,20,253552.0
503353,2026-01-29 08:22:19.333933394,10080,20012,1.0,UPI,Delivered,15742,10,14167.8
503354,2026-01-29 09:14:01.404140414,10270,20103,3.0,Net Banking,Delivered,2822,15,7196.1
503355,2026-01-29 10:05:43.474347436,10573,20097,1.0,UPI,Cancelled,3648,0,3648.0
503356,2026-01-29 10:57:25.544554456,10146,20034,2.0,Net Banking,Cancelled,6711,0,13422.0
503357,2026-01-29 11:49:07.614761476,10171,20055,3.0,UPI,Returned,1081,10,2918.7
503358,2026-01-29 12:40:49.684968498,10146,20060,1.0,Cash on Delivery,Cancelled,4824,5,4582.8
503359,2026-01-29 13:32:31.755175518,10214,20070,1.0,UPI,Returned,4368,20,3494.4
503360,2026-01-29 14:24:13.825382538,10431,20079,2.0,Cash on Delivery,Delivered,3686,15,6266.2
503361,2026-01-29 15:15:55.895589560,10194,20039,1.0,UPI,Delivered,5898,0,5898.0
503362,2026-01-29 16:07:37.965796580,10395,20093,3.0,Net Banking,Delivered,2351,5,6700.35
503363,2026-01-29 16:59:20.036003600,10539,20007,1.0,Net Banking,Delivered,22213,15,18881.05
503364,2026-01-29 17:51:02.106210622,10568,20004,1.0,Credit Card,Returned,68919,0,68919.0
503365,2026-01-29 18:42:44.176417642,10338,20100,1.0,UPI,Delivered,2214,5,2103.3
503366,2026-01-29 19:34:26.246624662,10428,20019,5.0,Debit Card,Returned,1265,15,5376.25
503367,2026-01-29 20:26:08.316831684,10552,20104,5.0,Debit Card,Delivered,778,0,3890.0
503368,2026-01-29 21:17:50.387038704,10473,20030,1.0,Credit Card,Delivered,6241,0,6241.0
503369,2026-01-29 22:09:32.457245724,10180,20038,1.0,Debit Card,Delivered,9637,0,9637.0
503370,2026-01-29 23:01:14.527452746,10080,20003,3.0,Cash on Delivery,Delivered,53620,0,160860.0
503371,2026-01-29 23:52:56.597659766,10069,20099,1.0,Cash on Delivery,Delivered,4248,5,4035.6
503372,2026-01-30 00:44:38.667866786,10530,20038,3.0,Credit Card,Returned,9637,15,24574.35
503373,2026-01-30 01:36:20.738073808,10334,20018,5.0,UPI,Cancelled,3166,15,13455.5
503374,2026-01-30 02:28:02.808280828,10178,20051,1.0,UPI,Delivered,1170,15,994.5
503375,2026-01-30 03:19:44.878487850,10208,20017,5.0,Debit Card,Cancelled,1945,5,9238.75
503376,2026-01-30 04:11:26.948694870,10170,20083,1.0,Cash on Delivery,Cancelled,9080,20,7264.0
503377,2026-01-30 05:03:09.018901890,10482,20008,1.0,Credit Card,Delivered,36276,20,29020.8
503378,2026-01-30 05:54:51.089108912,10368,20052,2.0,UPI,Delivered,1561,15,2653.7
503379,2026-01-30 06:46:33.159315932,10528,20041,5.0,UPI,Returned,36528,0,182640.0
503380,2026-01-30 07:38:15.229522952,10182,20004,2.0,Credit Card,Cancelled,68919,0,137838.0
503381,2026-01-30 08:29:57.299729974,10284,20006,1.0,Cash on Delivery,Delivered,34232,20,27385.6
503382,2026-01-30 09:21:39.369936994,10074,20054,1.0,Debit Card,Delivered,1287,0,1287.0
503383,2026-01-30 10:13:21.440144014,10583,20042,4.0,UPI,Delivered,51100,5,194180.0
503384,2026-01-30 11:05:03.510351036,10308,20014,2.0,UPI,Delivered,13717,10,24690.6
503385,2026-01-30 11:56:45.580558056,10332,20015,1.0,UPI,Cancelled,27789,0,27789.0
503386,2026-01-30 12:48:27.650765076,10249,20084,2.0,Debit Card,Delivered,7386,10,13294.8
503387,2026-01-30 13:40:09.720972098,10163,20076,2.0,Debit Card,Delivered,6747,0,13494.0
503388,2026-01-30 14:31:51.791179118,10570,20064,1.0,UPI,Delivered,3045,0,3045.0
503389,2026-01-30 15:23:33.861386138,10294,20087,1.0,UPI,Delivered,9356,0,9356.0
503390,2026-01-30 16:15:15.931593160,10405,20008,5.0,Cash on Delivery,Cancelled,36276,0,181380.0
503391,2026-01-30 17:06:58.001800180,10023,20072,3.0,Net Banking,Returned,3499,5,9972.15
503392,2026-01-30 17:58:40.072007200,10166,20079,1.0,Credit Card,Delivered,3686,5,3501.7
503393,2026-01-30 18:50:22.142214222,10483,20021,1.0,Credit Card,Returned,11517,20,9213.6
503394,2026-01-30 19:42:04.212421242,10053,20056,1.0,Cash on Delivery,Delivered,1999,5,1899.05
503395,2026-01-30 20:33:46.282628264,10061,20080,2.0,Debit Card,Cancelled,8370,15,14229.0
503396,2026-01-30 21:25:28.352835284,10486,20063,2.0,Cash on Delivery,Returned,7613,0,15226.0
503397,2026-01-30 22:17:10.423042304,10186,20026,3.0,UPI,Delivered,9415,0,28245.0
503398,2026-01-30 23:08:52.493249326,10165,20070,1.0,UPI,Delivered,4368,0,4368.0
503399,2026-01-31 00:00:34.563456346,10340,20079,1.0,UPI,Delivered,3686,0,3686.0
503400,2026-01-31 00:52:16.633663366,10117,20002,3.0,Net Banking,Delivered,66297,20,159112.8
503401,2026-01-31 01:43:58.703870388,10026,20060,5.0,Debit Card,Delivered,4824,5,22914.0
503402,2026-01-31 02:35:40.774077408,10003,20053,1.0,UPI,Delivered,2733,5,2596.35
503403,2026-01-31 03:27:22.844284428,10048,20039,1.0,Cash on Delivery,Delivered,5898,15,5013.3
503404,2026-01-31 04:19:04.914491450,10096,20005,3.0,Cash on Delivery,Delivered,55986,20,134366.4
503405,2026-01-31 05:10:46.984698470,10418,20009,1.0,UPI,Returned,18553,15,15770.05
503406,2026-01-31 06:02:29.054905490,10179,20079,4.0,Debit Card,Delivered,3686,5,14006.8
503407,2026-01-31 06:54:11.125112512,10044,20087,1.0,Debit Card,Delivered,9356,0,9356.0
503408,2026-01-31 07:45:53.195319532,10009,20044,2.0,UPI,Delivered,32508,0,65016.0
503409,2026-01-31 08:37:35.265526552,10287,20098,1.0,Debit Card,Cancelled,1112,0,1112.0
503410,2026-01-31 09:29:17.335733574,10505,20097,3.0,UPI,Delivered,3648,15,9302.4
503411,2026-01-31 10:20:59.405940594,10204,20070,1.0,Cash on Delivery,Delivered,4368,0,4368.0
503412,2026-01-31 11:12:41.476147616,10039,20061,1.0,Net Banking,Delivered,7110,0,7110.0
503413,2026-01-31 12:04:23.546354636,10137,20101,2.0,Cash on Delivery,Delivered,2343,5,4451.7
503414,2026-01-31 12:56:05.616561656,10300,20064,4.0,Debit Card,Returned,3045,5,11571.0
503415,2026-01-31 13:47:47.686768678,10114,20098,3.0,UPI,Delivered,1112,0,3336.0
503416,2026-01-31 14:39:29.756975698,10588,20102,4.0,UPI,Returned,2774,5,10541.2
503417,2026-01-31 15:31:11.827182718,10459,20021,2.0,Debit Card,Delivered,11517,0,23034.0
503418,2026-01-31 16:22:53.897389740,10207,20069,1.0,UPI,Delivered,3824,0,3824.0
503419,2026-01-31 17:14:35.967596760,10571,20077,2.0,Debit Card,Delivered,4744,15,8064.8
503420,2026-01-31 18:06:18.037803780,10196,20086,5.0,UPI,Delivered,13579,5,64500.25
503421,2026-01-31 18:58:00.108010802,10085,20037,4.0,UPI,Returned,4164,0,16656.0
503422,2026-01-31 19:49:42.178217822,10563,20090,3.0,Credit Card,Delivered,691,0,2073.0
503423,2026-01-31 20:41:24.248424842,10576,20051,1.0,Debit Card,Delivered,1170,20,936.0
503424,2026-01-31 21:33:06.318631864,10188,20041,2.0,Credit Card,Delivered,36528,10,65750.4
503425,2026-01-31 22:24:48.388838884,10357,20017,2.0,Debit Card,Delivered,1945,15,3306.5
503426,2026-01-31 23:16:30.459045904,10104,20034,3.0,Credit Card,Delivered,6711,5,19126.35
503427,2026-02-01 00:08:12.529252926,10385,20102,5.0,Debit Card,Delivered,2774,0,13870.0
503428,2026-02-01 00:59:54.599459946,10415,20075,3.0,Debit Card,Returned,7740,0,23220.0
503429,2026-02-01 01:51:36.669666966,10426,20076,1.0,Credit Card,Cancelled,6747,0,6747.0
503430,2026-02-01 02:43:18.739873988,10342,20094,1.0,Credit Card,Returned,4584,20,3667.2
503431,2026-02-01 03:35:00.810081008,10423,20028,2.0,Credit Card,Cancelled,8241,5,15657.9
503432,2026-02-01 04:26:42.880288030,10334,20069,4.0,,Delivered,3824,0,15296.0
503433,2026-02-01 05:18:24.950495050,10492,20039,5.0,Debit Card,Delivered,5898,10,26541.0
503434,2026-02-01 06:10:07.020702070,10108,20089,2.0,UPI,Returned,507,0,1014.0
503435,2026-02-01 07:01:49.090909092,10291,20044,2.0,Net Banking,Cancelled,32508,5,61765.2
503436,2026-02-01 07:53:31.161116112,10250,20089,4.0,Net Banking,Delivered,507,5,1926.6
503437,2026-02-01 08:45:13.231323132,10321,20078,5.0,Credit Card,Returned,7034,20,28136.0
503438,2026-02-01 09:36:55.301530154,10086,20081,1.0,Net Banking,Delivered,14773,15,12557.05
503439,2026-02-01 10:28:37.371737174,10195,20097,1.0,Debit Card,Returned,3648,15,3100.8
503440,2026-02-01 11:20:19.441944194,10573,20083,1.0,UPI,Delivered,9080,0,9080.0
503441,2026-02-01 12:12:01.512151216,10064,20034,2.0,Debit Card,Returned,6711,5,12750.9
503442,2026-02-01 13:03:43.582358236,10382,20055,1.0,Cash on Delivery,Cancelled,1081,20,864.8
503443,2026-02-01 13:55:25.652565256,10399,20050,1.0,UPI,Delivered,1390,0,1390.0
503444,2026-02-01 14:47:07.722772278,10285,20007,1.0,UPI,Delivered,22213,10,19991.7
503445,2026-02-01 15:38:49.792979298,10021,20062,1.0,Credit Card,Delivered,2317,0,2317.0
503446,2026-02-01 16:30:31.863186318,10021,20046,2.0,Credit Card,Delivered,18692,15,31776.4
503447,2026-02-01 17:22:13.933393340,10166,20041,5.0,Debit Card,Delivered,36528,5,173508.0
503448,2026-02-01 18:13:56.003600360,10062,20012,1.0,Credit Card,Cancelled,15742,10,14167.8
503449,2026-02-01 19:05:38.073807382,10057,20053,1.0,Net Banking,Delivered,2733,0,2733.0
503450,2026-02-01 19:57:20.144014402,10097,20061,1.0,UPI,Cancelled,7110,20,5688.0
503451,2026-02-01 20:49:02.214221422,10115,20011,5.0,Credit Card,Delivered,32685,15,138911.25
503452,2026-02-01 21:40:44.284428444,10504,20067,3.0,Net Banking,Returned,2588,10,6987.6
503453,2026-02-01 22:32:26.354635464,10384,20018,3.0,UPI,Delivered,3166,0,9498.0
503454,2026-02-01 23:24:08.424842484,10019,20016,1.0,Credit Card,Cancelled,24382,0,24382.0
503455,2026-02-02 00:15:50.495049506,10378,20042,5.0,UPI,Cancelled,51100,0,255500.0
503456,2026-02-02 01:07:32.565256526,10083,20041,1.0,UPI,Returned,36528,0,36528.0
503457,2026-02-02 01:59:14.635463546,10253,20096,5.0,Credit Card,Delivered,3065,15,13026.25
503458,2026-02-02 02:50:56.705670568,10023,20008,5.0,Credit Card,Delivered,36276,20,145104.0
503459,2026-02-02 03:42:38.775877588,10055,20037,2.0,Debit Card,Delivered,4164,10,7495.2
503460,2026-02-02 04:34:20.846084608,10080,20077,4.0,Debit Card,Delivered,4744,20,15180.8
503461,2026-02-02 05:26:02.916291630,10261,20026,5.0,Cash on Delivery,Returned,9415,0,47075.0
503462,2026-02-02 06:17:44.986498650,10278,20103,2.0,Net Banking,Cancelled,2822,15,4797.4
503463,2026-02-02 07:09:27.056705670,10212,20078,4.0,UPI,Delivered,7034,5,26729.2
503464,2026-02-02 08:01:09.126912692,10373,20099,2.0,UPI,Delivered,4248,0,8496.0
503465,2026-02-02 08:52:51.197119712,10433,20099,2.0,Net Banking,Delivered,4248,10,7646.4
503466,2026-02-02 09:44:33.267326732,10438,20012,1.0,UPI,Cancelled,15742,20,12593.6
503467,2026-02-02 10:36:15.337533754,10348,20048,3.0,UPI,Delivered,23385,5,66647.25
503468,2026-02-02 11:27:57.407740774,10328,20078,1.0,UPI,Delivered,7034,0,7034.0
503469,2026-02-02 12:19:39.477947796,10295,20001,1.0,Debit Card,Delivered,63388,0,63388.0
503470,2026-02-02 13:11:21.548154816,10143,20048,1.0,UPI,Delivered,23385,10,21046.5
503471,2026-02-02 14:03:03.618361836,10293,20072,1.0,UPI,Delivered,3499,10,3149.1
503472,2026-02-02 14:54:45.688568858,10007,20083,5.0,Credit Card,Delivered,9080,0,45400.0
503473,2026-02-02 15:46:27.758775878,10580,20044,1.0,Debit Card,Returned,32508,10,29257.2
503474,2026-02-02 16:38:09.828982898,10223,20090,4.0,UPI,Returned,691,15,2349.4
503475,2026-02-02 17:29:51.899189920,10454,20071,2.0,Debit Card,Delivered,4484,0,8968.0
503476,2026-02-02 18:21:33.969396940,10575,20005,1.0,Credit Card,Returned,55986,0,55986.0
503477,2026-02-02 19:13:16.039603960,10299,20029,1.0,Credit Card,Delivered,11176,0,11176.0
503478,2026-02-02 20:04:58.109810982,10518,20098,4.0,UPI,Delivered,1112,15,3780.8
503479,2026-02-02 20:56:40.180018002,10288,20001,2.0,UPI,Returned,63388,10,114098.4
503480,2026-02-02 21:48:22.250225022,10080,20012,2.0,UPI,Delivered,15742,5,29909.8
503481,2026-02-02 22:40:04.320432044,10016,20036,3.0,Net Banking,Delivered,17380,0,52140.0
503482,2026-02-02 23:31:46.390639064,10082,20104,4.0,UPI,Returned,778,5,2956.4
503483,2026-02-03 00:23:28.460846084,10566,20074,3.0,Cash on Delivery,Delivered,5850,20,14040.0
503484,2026-02-03 01:15:10.531053106,10286,20016,2.0,UPI,Delivered,24382,20,39011.2
503485,2026-02-03 02:06:52.601260126,10192,20041,5.0,UPI,Delivered,36528,0,182640.0
503486,2026-02-03 02:58:34.671467146,10268,20098,5.0,Debit Card,Cancelled,1112,5,5282.0
503487,2026-02-03 03:50:16.741674168,10154,20023,5.0,Net Banking,Delivered,2698,15,11466.5
503488,2026-02-03 04:41:58.811881188,10523,20060,1.0,UPI,Delivered,4824,0,4824.0
503489,2026-02-03 05:33:40.882088210,10600,20049,5.0,UPI,Delivered,578,20,2312.0
503490,2026-02-03 06:25:22.952295230,10051,20080,1.0,Debit Card,Returned,8370,5,7951.5
503491,2026-02-03 07:17:05.022502250,10432,20079,2.0,UPI,Delivered,3686,0,7372.0
503492,2026-02-03 08:08:47.092709272,10202,20087,3.0,Debit Card,Delivered,9356,20,22454.4
503493,2026-02-03 09:00:29.162916292,10029,20013,1.0,Net Banking,Delivered,24693,10,22223.7
503494,2026-02-03 09:52:11.233123312,10554,20048,1.0,UPI,Delivered,23385,0,23385.0
503495,2026-02-03 10:43:53.303330334,10038,20072,5.0,Net Banking,Returned,3499,0,17495.0
503496,2026-02-03 11:35:35.373537354,10124,20044,5.0,UPI,Delivered,32508,20,130032.0
503497,2026-02-03 12:27:17.443744374,10016,20070,1.0,Cash on Delivery,Delivered,4368,10,3931.2
503498,2026-02-03 13:18:59.513951396,10283,20067,2.0,Cash on Delivery,Returned,2588,20,4140.8
503499,2026-02-03 14:10:41.584158416,10360,20039,1.0,Debit Card,Delivered,5898,20,4718.4
503500,2026-02-03 15:02:23.654365436,10193,20011,2.0,Cash on Delivery,Delivered,32685,15,55564.5
503501,2026-02-03 15:54:05.724572458,10043,20101,1.0,Net Banking,Cancelled,2343,20,1874.4
503502,2026-02-03 16:45:47.794779478,10070,20086,4.0,UPI,Delivered,13579,20,43452.8
503503,2026-02-03 17:37:29.864986498,10561,20094,2.0,UPI,Delivered,4584,0,9168.0
503504,2026-02-03 18:29:11.935193520,10484,20032,2.0,UPI,Delivered,14051,10,25291.8
503505,2026-02-03 19:20:54.005400540,10563,20033,3.0,Credit Card,Cancelled,16169,15,41230.95
503506,2026-02-03 20:12:36.075607562,10319,20034,2.0,Debit Card,Returned,6711,20,10737.6
503507,2026-02-03 21:04:18.145814582,10328,20004,1.0,Credit Card,Delivered,68919,15,58581.15
503508,2026-02-03 21:56:00.216021602,10472,20018,2.0,Debit Card,Cancelled,3166,15,5382.2
503509,2026-02-03 22:47:42.286228624,10370,20033,4.0,Credit Card,Cancelled,16169,0,64676.0
503510,2026-02-03 23:39:24.356435644,10262,20103,2.0,UPI,Returned,2822,5,5361.8
503511,2026-02-04 00:31:06.426642664,10176,20022,1.0,UPI,Returned,9827,15,8352.95
503512,2026-02-04 01:22:48.496849686,10292,20053,1.0,Cash on Delivery,Delivered,2733,0,2733.0
503513,2026-02-04 02:14:30.567056706,10039,20057,1.0,UPI,Delivered,4302,0,4302.0
503514,2026-02-04 03:06:12.637263726,10116,20038,4.0,UPI,Cancelled,9637,15,32765.8
503515,2026-02-04 03:57:54.707470748,10443,20096,1.0,UPI,Delivered,3065,20,2452.0
503516,2026-02-04 04:49:36.777677768,10521,20010,5.0,Cash on Delivery,Delivered,24340,0,121700.0
503517,2026-02-04 05:41:18.847884788,10062,20091,1.0,UPI,Delivered,412,20,329.6
503518,2026-02-04 06:33:00.918091810,10059,20078,2.0,Debit Card,Delivered,7034,0,14068.0
503519,2026-02-04 07:24:42.988298830,10052,20032,4.0,UPI,Delivered,14051,5,53393.8
503520,2026-02-04 08:16:25.058505850,10475,20080,2.0,UPI,Delivered,8370,20,13392.0
503521,2026-02-04 09:08:07.128712872,10187,20045,1.0,Debit Card,Delivered,19570,0,19570.0
503522,2026-02-04 09:59:49.198919892,10197,20101,1.0,Debit Card,Delivered,2343,20,1874.4
503523,2026-02-04 10:51:31.269126912,10008,20004,1.0,Debit Card,Cancelled,68919,20,55135.2
503524,2026-02-04 11:43:13.339333934,10584,20004,4.0,UPI,Delivered,68919,15,234324.6
503525,2026-02-04 12:34:55.409540954,10261,20057,1.0,Cash on Delivery,Delivered,4302,0,4302.0
503526,2026-02-04 13:26:37.479747976,10479,20097,1.0,Credit Card,Cancelled,3648,20,2918.4
503527,2026-02-04 14:18:19.549954996,10425,20007,4.0,Cash on Delivery,Delivered,22213,5,84409.4
503528,2026-02-04 15:10:01.620162016,10086,20081,2.0,UPI,Cancelled,14773,0,29546.0
503529,2026-02-04 16:01:43.690369038,10481,20098,5.0,Credit Card,Cancelled,1112,5,5282.0
503530,2026-02-04 16:53:25.760576058,10331,20051,1.0,UPI,Delivered,1170,5,1111.5
503531,2026-02-04 17:45:07.830783078,10363,20091,3.0,Debit Card,Delivered,412,0,1236.0
503532,2026-02-04 18:36:49.900990100,10121,20079,1.0,Debit Card,Delivered,3686,10,3317.4
503533,2026-02-04 19:28:31.971197120,10509,20023,2.0,Credit Card,Delivered,2698,0,5396.0
503534,2026-02-04 20:20:14.041404140,10560,20089,1.0,UPI,Delivered,507,10,456.3
503535,2026-02-04 21:11:56.111611162,10244,20073,5.0,UPI,Returned,5411,0,27055.0
503536,2026-02-04 22:03:38.181818182,10056,20002,2.0,UPI,Returned,66297,15,112704.9
503537,2026-02-04 22:55:20.252025202,10510,20060,1.0,Net Banking,Returned,4824,20,3859.2
503538,2026-02-04 23:47:02.322232224,10533,20069,5.0,UPI,Delivered,3824,5,18164.0
503539,2026-02-05 00:38:44.392439244,10304,20084,1.0,UPI,Returned,7386,15,6278.1
503540,2026-02-05 01:30:26.462646264,10348,20081,4.0,UPI,Delivered,14773,0,59092.0
503541,2026-02-05 02:22:08.532853286,10134,20050,2.0,UPI,Delivered,1390,15,2363.0
503542,2026-02-05 03:13:50.603060306,10041,20032,3.0,Cash on Delivery,Delivered,14051,5,40045.35
503543,2026-02-05 04:05:32.673267328,10567,20020,1.0,UPI,Delivered,1219,5,1158.05
503544,2026-02-05 04:57:14.743474348,10290,20010,5.0,Cash on Delivery,Delivered,24340,0,121700.0
503545,2026-02-05 05:48:56.813681368,10165,20067,2.0,Debit Card,Delivered,2588,10,4658.4
503546,2026-02-05 06:40:38.883888390,10416,20100,2.0,Credit Card,Cancelled,2214,15,3763.8
503547,2026-02-05 07:32:20.954095410,10016,20009,2.0,Credit Card,Returned,18553,5,35250.7
503548,2026-02-05 08:24:03.024302430,10048,20074,1.0,Debit Card,Returned,5850,0,5850.0
503549,2026-02-05 09:15:45.094509452,10146,20061,1.0,Debit Card,Returned,7110,10,6399.0
503550,2026-02-05 10:07:27.164716472,10271,20018,1.0,UPI,Delivered,3166,10,2849.4
503551,2026-02-05 10:59:09.234923492,10221,20023,2.0,Cash on Delivery,Cancelled,2698,20,4316.8
503552,2026-02-05 11:50:51.305130514,10113,20030,2.0,UPI,Returned,6241,20,9985.6
503553,2026-02-05 12:42:33.375337534,10211,20072,2.0,UPI,Delivered,3499,0,6998.0
503554,2026-02-05 13:34:15.445544554,10201,20032,5.0,Credit Card,Delivered,14051,0,70255.0
503555,2026-02-05 14:25:57.515751576,10315,20087,1.0,Debit Card,Delivered,9356,20,7484.8
503556,2026-02-05 15:17:39.585958596,10338,20039,5.0,UPI,Cancelled,5898,0,29490.0
503557,2026-02-05 16:09:21.656165616,10530,20012,4.0,UPI,Cancelled,15742,20,50374.4
503558,2026-02-05 17:01:03.726372638,10485,20010,1.0,UPI,Delivered,24340,0,24340.0
503559,2026-02-05 17:52:45.796579658,10176,20042,3.0,Credit Card,Delivered,51100,0,153300.0
503560,2026-02-05 18:44:27.866786678,10542,20043,1.0,UPI,Returned,21634,0,21634.0
503561,2026-02-05 19:36:09.936993700,10313,20077,1.0,Net Banking,Delivered,4744,20,3795.2
503562,2026-02-05 20:27:52.007200720,10113,20050,4.0,UPI,Returned,1390,5,5282.0
503563,2026-02-05 21:19:34.077407742,10205,20018,1.0,Cash on Delivery,Cancelled,3166,20,2532.8
503564,2026-02-05 22:11:16.147614762,10446,20023,1.0,Debit Card,Delivered,2698,0,2698.0
503565,2026-02-05 23:02:58.217821782,10494,20059,1.0,Debit Card,Cancelled,5868,0,5868.0
503566,2026-02-05 23:54:40.288028804,10225,20035,1.0,Cash on Delivery,Delivered,15331,5,14564.45
503567,2026-02-06 00:46:22.358235824,10095,20070,1.0,UPI,Delivered,4368,0,4368.0
503568,2026-02-06 01:38:04.428442844,10116,20096,4.0,Credit Card,Delivered,3065,5,11647.0
503569,2026-02-06 02:29:46.498649866,10063,20037,1.0,UPI,Cancelled,4164,10,3747.6
503570,2026-02-06 03:21:28.568856886,10420,20058,4.0,UPI,Delivered,3049,5,11586.2
503571,2026-02-06 04:13:10.639063906,10302,20087,1.0,UPI,Delivered,9356,15,7952.6
503572,2026-02-06 05:04:52.709270928,10271,20022,5.0,Debit Card,Cancelled,9827,0,49135.0
503573,2026-02-06 05:56:34.779477948,10404,20054,4.0,Net Banking,Delivered,1287,0,5148.0
503574,2026-02-06 06:48:16.849684968,10498,20032,3.0,UPI,Delivered,14051,0,42153.0
503575,2026-02-06 07:39:58.919891990,10478,20066,4.0,Debit Card,Delivered,1710,5,6498.0
503576,2026-02-06 08:31:40.990099010,10083,20078,1.0,UPI,Delivered,7034,0,7034.0
503577,2026-02-06 09:23:23.060306030,10354,20015,4.0,UPI,Delivered,27789,5,105598.2
503578,2026-02-06 10:15:05.130513052,10530,20020,1.0,UPI,Delivered,1219,0,1219.0
503579,2026-02-06 11:06:47.200720072,10465,20003,2.0,Credit Card,Delivered,53620,5,101878.0
503580,2026-02-06 11:58:29.270927092,10198,20002,5.0,Credit Card,Cancelled,66297,15,281762.25
503581,2026-02-06 12:50:11.341134114,10236,20006,3.0,UPI,Delivered,34232,0,102696.0
503582,2026-02-06 13:41:53.411341134,10535,20074,1.0,UPI,Cancelled,5850,15,4972.5
503583,2026-02-06 14:33:35.481548156,10020,20095,3.0,Credit Card,Delivered,1791,0,5373.0
503584,2026-02-06 15:25:17.551755176,10316,20043,5.0,Net Banking,Delivered,21634,20,86536.0
503585,2026-02-06 16:16:59.621962196,10070,20092,5.0,UPI,Delivered,803,15,3412.75
503586,2026-02-06 17:08:41.692169218,10537,20076,3.0,Debit Card,Delivered,6747,5,19228.95
503587,2026-02-06 18:00:23.762376238,10024,20084,3.0,Debit Card,Delivered,7386,0,22158.0
503588,2026-02-06 18:52:05.832583258,10015,20077,4.0,Credit Card,Delivered,4744,0,18976.0
503589,2026-02-06 19:43:47.902790280,10198,20021,3.0,UPI,Cancelled,11517,10,31095.9
503590,2026-02-06 20:35:29.972997300,10121,20055,1.0,Cash on Delivery,Delivered,1081,0,1081.0
503591,2026-02-06 21:27:12.043204320,10298,20055,4.0,Credit Card,Delivered,1081,10,3891.6
503592,2026-02-06 22:18:54.113411342,10180,20067,1.0,Credit Card,Returned,2588,15,2199.8
503593,2026-02-06 23:10:36.183618362,10214,20083,2.0,Net Banking,Delivered,9080,20,14528.0
503594,2026-02-07 00:02:18.253825382,10339,20012,1.0,Net Banking,Delivered,15742,0,15742.0
503595,2026-02-07 00:54:00.324032404,10337,20071,1.0,Debit Card,Delivered,4484,20,3587.2
503596,2026-02-07 01:45:42.394239424,10561,20087,1.0,Net Banking,Delivered,9356,0,9356.0
503597,2026-02-07 02:37:24.464446444,10289,20013,1.0,UPI,Delivered,24693,20,19754.4
503598,2026-02-07 03:29:06.534653466,10339,20044,2.0,Debit Card,Delivered,32508,0,65016.0
503599,2026-02-07 04:20:48.604860486,10407,20094,2.0,UPI,Delivered,4584,5,8709.6
503600,2026-02-07 05:12:30.675067508,10105,20003,2.0,Net Banking,Delivered,53620,10,96516.0
503601,2026-02-07 06:04:12.745274528,10401,20017,1.0,UPI,Returned,1945,0,1945.0
503602,2026-02-07 06:55:54.815481548,10518,20084,2.0,UPI,Returned,7386,5,14033.4
503603,2026-02-07 07:47:36.885688570,10191,20018,1.0,Credit Card,Delivered,3166,0,3166.0
503604,2026-02-07 08:39:18.955895590,10108,20074,4.0,Debit Card,Delivered,5850,15,19890.0
503605,2026-02-07 09:31:01.026102610,10208,20094,1.0,Credit Card,Delivered,4584,5,4354.8
503606,2026-02-07 10:22:43.096309632,10166,20052,1.0,Debit Card,Delivered,1561,0,1561.0
503607,2026-02-07 11:14:25.166516652,10352,20051,1.0,UPI,Delivered,1170,0,1170.0
503608,2026-02-07 12:06:07.236723672,10519,20045,2.0,UPI,Delivered,19570,0,39140.0
503609,2026-02-07 12:57:49.306930694,10358,20039,5.0,Credit Card,Delivered,5898,0,29490.0
503610,2026-02-07 13:49:31.377137714,10076,20040,2.0,Credit Card,Cancelled,9982,5,18965.8
503611,2026-02-07 14:41:13.447344734,10189,20058,2.0,Debit Card,Returned,3049,0,6098.0
503612,2026-02-07 15:32:55.517551756,10414,20094,4.0,Cash on Delivery,Delivered,4584,0,18336.0
503613,2026-02-07 16:24:37.587758776,10199,20103,1.0,Debit Card,Delivered,2822,0,2822.0
503614,2026-02-07 17:16:19.657965796,10352,20091,5.0,Credit Card,Returned,412,5,1957.0
503615,2026-02-07 18:08:01.728172818,10417,20013,2.0,Credit Card,Cancelled,24693,10,44447.4
503616,2026-02-07 18:59:43.798379838,10198,20032,1.0,Cash on Delivery,Delivered,14051,5,13348.45
503617,2026-02-07 19:51:25.868586858,10389,20079,1.0,Debit Card,Returned,3686,20,2948.8
503618,2026-02-07 20:43:07.938793880,10239,20057,1.0,Net Banking,Delivered,4302,0,4302.0
503619,2026-02-07 21:34:50.009000900,10082,20035,3.0,UPI,Delivered,15331,0,45993.0
503620,2026-02-07 22:26:32.079207922,10224,20033,2.0,Debit Card,Delivered,16169,0,32338.0
503621,2026-02-07 23:18:14.149414942,10265,20013,3.0,UPI,Delivered,24693,0,74079.0
503622,2026-02-08 00:09:56.219621962,10002,20035,3.0,Debit Card,Delivered,15331,15,39094.05
503623,2026-02-08 01:01:38.289828984,10536,20044,1.0,Cash on Delivery,Cancelled,32508,5,30882.6
503624,2026-02-08 01:53:20.360036004,10317,20044,5.0,Cash on Delivery,Cancelled,32508,0,162540.0
503625,2026-02-08 02:45:02.430243024,10022,20058,2.0,UPI,Cancelled,3049,0,6098.0
503626,2026-02-08 03:36:44.500450046,10521,20029,3.0,Net Banking,Delivered,11176,5,31851.6
503627,2026-02-08 04:28:26.570657066,10514,20022,1.0,UPI,Delivered,9827,20,7861.6
503628,2026-02-08 05:20:08.640864086,10008,20093,4.0,Credit Card,Delivered,2351,0,9404.0
503629,2026-02-08 06:11:50.711071108,10098,20043,3.0,Debit Card,Delivered,21634,5,61656.9
503630,2026-02-08 07:03:32.781278128,10219,20027,1.0,Credit Card,Cancelled,7598,0,7598.0
503631,2026-02-08 07:55:14.851485148,10305,20067,5.0,UPI,Delivered,2588,0,12940.0
503632,2026-02-08 08:46:56.921692170,10436,20057,3.0,Debit Card,Delivered,4302,15,10970.1
503633,2026-02-08 09:38:38.991899190,10255,20060,5.0,Debit Card,Delivered,4824,15,20502.0
503634,2026-02-08 10:30:21.062106210,10368,20024,4.0,Credit Card,Delivered,4109,15,13970.6
503635,2026-02-08 11:22:03.132313232,10007,20076,1.0,Credit Card,Cancelled,6747,5,6409.65
503636,2026-02-08 12:13:45.202520252,10396,20020,5.0,Debit Card,Delivered,1219,20,4876.0
503637,2026-02-08 13:05:27.272727274,10550,20087,3.0,Credit Card,Delivered,9356,5,26664.6
503638,2026-02-08 13:57:09.342934294,10316,20045,1.0,UPI,Delivered,19570,0,19570.0
503639,2026-02-08 14:48:51.413141314,10273,20043,4.0,Credit Card,Delivered,21634,0,86536.0
503640,2026-02-08 15:40:33.483348336,10179,20041,2.0,Debit Card,Delivered,36528,5,69403.2
503641,2026-02-08 16:32:15.553555356,10573,20044,4.0,UPI,Delivered,32508,0,130032.0
503642,2026-02-08 17:23:57.623762376,10020,20070,1.0,UPI,Returned,4368,0,4368.0
503643,2026-02-08 18:15:39.693969398,10173,20052,1.0,Cash on Delivery,Delivered,1561,0,1561.0
503644,2026-02-08 19:07:21.764176418,10084,20014,1.0,Net Banking,Delivered,13717,10,12345.3
503645,2026-02-08 19:59:03.834383438,10520,20059,2.0,Debit Card,Returned,5868,15,9975.6
503646,2026-02-08 20:50:45.904590460,10290,20028,3.0,Net Banking,Delivered,8241,0,24723.0
503647,2026-02-08 21:42:27.974797480,10554,20012,1.0,Cash on Delivery,Delivered,15742,0,15742.0
503648,2026-02-08 22:34:10.045004500,10400,20088,3.0,Credit Card,Delivered,7259,5,20688.15
503649,2026-02-08 23:25:52.115211522,10335,20033,1.0,UPI,Cancelled,16169,0,16169.0
503650,2026-02-09 00:17:34.185418542,10311,20062,1.0,Debit Card,Cancelled,2317,15,1969.45
503651,2026-02-09 01:09:16.255625562,10122,20018,3.0,Cash on Delivery,Delivered,3166,10,8548.2
503652,2026-02-09 02:00:58.325832584,10338,20036,1.0,Debit Card,Cancelled,17380,0,17380.0
503653,2026-02-09 02:52:40.396039604,10412,20041,2.0,UPI,Delivered,36528,10,65750.4
503654,2026-02-09 03:44:22.466246624,10580,20014,2.0,Cash on Delivery,Delivered,13717,0,27434.0
503655,2026-02-09 04:36:04.536453646,10330,20102,1.0,Debit Card,Delivered,2774,0,2774.0
503656,2026-02-09 05:27:46.606660666,10564,20033,5.0,,Delivered,16169,5,76802.75
503657,2026-02-09 06:19:28.676867688,10567,20061,4.0,Cash on Delivery,Delivered,7110,20,22752.0
503658,2026-02-09 07:11:10.747074708,10314,20059,5.0,Debit Card,Delivered,5868,15,24939.0
503659,2026-02-09 08:02:52.817281728,10264,20045,2.0,Net Banking,Cancelled,19570,10,35226.0
503660,2026-02-09 08:54:34.887488750,10086,20061,1.0,Cash on Delivery,Cancelled,7110,0,7110.0
503661,2026-02-09 09:46:16.957695770,10162,20059,5.0,UPI,Delivered,5868,20,23472.0
503662,2026-02-09 10:37:59.027902790,10528,20009,3.0,Debit Card,Delivered,18553,0,55659.0
503663,2026-02-09 11:29:41.098109812,10083,20070,4.0,Credit Card,Returned,4368,0,17472.0
503664,2026-02-09 12:21:23.168316832,10239,20012,1.0,Net Banking,Delivered,15742,5,14954.9
503665,2026-02-09 13:13:05.238523852,10420,20046,4.0,Net Banking,Delivered,18692,5,71029.6
503666,2026-02-09 14:04:47.308730874,10145,20038,2.0,Net Banking,Returned,9637,10,17346.6
503667,2026-02-09 14:56:29.378937894,10585,20047,4.0,Debit Card,Cancelled,20791,0,83164.0
503668,2026-02-09 15:48:11.449144914,10390,20008,4.0,Net Banking,Returned,36276,20,116083.2
503669,2026-02-09 16:39:53.519351936,10018,20073,1.0,UPI,Delivered,5411,0,5411.0
503670,2026-02-09 17:31:35.589558956,10149,20044,1.0,Credit Card,Delivered,32508,10,29257.2
503671,2026-02-09 18:23:17.659765976,10445,20007,1.0,UPI,Cancelled,22213,0,22213.0
503672,2026-02-09 19:14:59.729972998,10518,20001,3.0,Net Banking,Cancelled,63388,0,190164.0
503673,2026-02-09 20:06:41.800180018,10557,20057,5.0,Debit Card,Delivered,4302,0,21510.0
503674,2026-02-09 20:58:23.870387038,10511,20070,1.0,Debit Card,Delivered,4368,0,4368.0
503675,2026-02-09 21:50:05.940594060,10045,20057,1.0,UPI,Delivered,4302,20,3441.6
503676,2026-02-09 22:41:48.010801080,10438,20075,2.0,Debit Card,Delivered,7740,10,13932.0
503677,2026-02-09 23:33:30.081008102,10067,20079,2.0,Credit Card,Returned,3686,15,6266.2
503678,2026-02-10 00:25:12.151215122,10046,20091,1.0,Cash on Delivery,Delivered,412,0,412.0
503679,2026-02-10 01:16:54.221422142,10416,20103,2.0,Net Banking,Delivered,2822,0,5644.0
503680,2026-02-10 02:08:36.291629164,10287,20093,5.0,Credit Card,Delivered,2351,0,11755.0
503681,2026-02-10 03:00:18.361836184,10389,20083,1.0,Net Banking,Delivered,9080,0,9080.0
503682,2026-02-10 03:52:00.432043204,10511,20045,1.0,UPI,Returned,19570,0,19570.0
503683,2026-02-10 04:43:42.502250226,10042,20053,1.0,UPI,Cancelled,2733,0,2733.0
503684,2026-02-10 05:35:24.572457246,10317,20065,1.0,Debit Card,Returned,1731,0,1731.0
503685,2026-02-10 06:27:06.642664266,10501,20018,2.0,Debit Card,Delivered,3166,10,5698.8
503686,2026-02-10 07:18:48.712871288,10265,20071,1.0,UPI,Cancelled,4484,20,3587.2
503687,2026-02-10 08:10:30.783078308,10315,20062,1.0,UPI,Cancelled,2317,0,2317.0
503688,2026-02-10 09:02:12.853285328,10299,20055,1.0,Credit Card,Returned,1081,20,864.8
503689,2026-02-10 09:53:54.923492350,10545,20087,3.0,UPI,Delivered,9356,15,23857.8
503690,2026-02-10 10:45:36.993699370,10030,20072,2.0,Credit Card,Delivered,3499,0,6998.0
503691,2026-02-10 11:37:19.063906390,10527,20097,1.0,Credit Card,Cancelled,3648,0,3648.0
503692,2026-02-10 12:29:01.134113412,10490,20102,1.0,Cash on Delivery,Cancelled,2774,0,2774.0
503693,2026-02-10 13:20:43.204320432,10488,20086,2.0,UPI,Delivered,13579,15,23084.3
503694,2026-02-10 14:12:25.274527454,10248,20031,2.0,UPI,Delivered,16301,10,29341.8
503695,2026-02-10 15:04:07.344734474,10310,20020,1.0,UPI,Cancelled,1219,20,975.2
503696,2026-02-10 15:55:49.414941494,10222,20032,1.0,UPI,Delivered,14051,5,13348.45
503697,2026-02-10 16:47:31.485148516,10152,20075,2.0,Debit Card,Returned,7740,0,15480.0
503698,2026-02-10 17:39:13.555355536,10526,20090,2.0,Credit Card,Delivered,691,20,1105.6
503699,2026-02-10 18:30:55.625562556,10304,20092,1.0,UPI,Returned,803,20,642.4
503700,2026-02-10 19:22:37.695769578,10435,20072,2.0,Cash on Delivery,Delivered,3499,15,5948.3
503701,2026-02-10 20:14:19.765976598,10061,20071,1.0,Net Banking,Cancelled,4484,20,3587.2
503702,2026-02-10 21:06:01.836183618,10474,20100,5.0,UPI,Delivered,2214,0,11070.0
503703,2026-02-10 21:57:43.906390640,10396,20072,4.0,UPI,Cancelled,3499,5,13296.2
503704,2026-02-10 22:49:25.976597660,10599,20015,1.0,Net Banking,Delivered,27789,5,26399.55
503705,2026-02-10 23:41:08.046804680,10081,20053,1.0,Debit Card,Delivered,2733,0,2733.0
503706,2026-02-11 00:32:50.117011702,10325,20038,1.0,Cash on Delivery,Cancelled,9637,20,7709.6
503707,2026-02-11 01:24:32.187218722,10307,20067,3.0,UPI,Delivered,2588,5,7375.8
503708,2026-02-11 02:16:14.257425742,10324,20067,5.0,Debit Card,Delivered,2588,20,10352.0
503709,2026-02-11 03:07:56.327632764,10033,20031,1.0,UPI,Delivered,16301,0,16301.0
503710,2026-02-11 03:59:38.397839784,10284,20032,3.0,UPI,Delivered,14051,5,40045.35
503711,2026-02-11 04:51:20.468046804,10180,20010,1.0,Debit Card,Delivered,24340,20,19472.0
503712,2026-02-11 05:43:02.538253826,10371,20031,5.0,Debit Card,Delivered,16301,0,81505.0
503713,2026-02-11 06:34:44.608460846,10140,20087,1.0,UPI,Delivered,9356,5,8888.2
503714,2026-02-11 07:26:26.678667868,10262,20069,1.0,UPI,Returned,3824,15,3250.4
503715,2026-02-11 08:18:08.748874888,10373,20099,5.0,Debit Card,Cancelled,4248,15,18054.0
503716,2026-02-11 09:09:50.819081908,10039,20097,5.0,UPI,Delivered,3648,15,15504.0
503717,2026-02-11 10:01:32.889288930,10473,20090,2.0,UPI,Delivered,691,10,1243.8
503718,2026-02-11 10:53:14.959495950,10430,20019,5.0,UPI,Delivered,1265,0,6325.0
503719,2026-02-11 11:44:57.029702970,10035,20035,1.0,UPI,Delivered,15331,0,15331.0
503720,2026-02-11 12:36:39.099909992,10039,20006,1.0,Net Banking,Delivered,34232,15,29097.2
503721,2026-02-11 13:28:21.170117012,10511,20010,2.0,UPI,Delivered,24340,5,46246.0
503722,2026-02-11 14:20:03.240324032,10170,20025,2.0,Credit Card,Returned,5959,0,11918.0
503723,2026-02-11 15:11:45.310531054,10517,20030,2.0,Debit Card,Returned,6241,20,9985.6
503724,2026-02-11 16:03:27.380738074,10300,20002,4.0,UPI,Delivered,66297,0,265188.0
503725,2026-02-11 16:55:09.450945094,10206,20088,4.0,Debit Card,Delivered,7259,0,29036.0
503726,2026-02-11 17:46:51.521152116,10165,20055,1.0,UPI,Delivered,1081,0,1081.0
503727,2026-02-11 18:38:33.591359136,10396,20069,5.0,Net Banking,Delivered,3824,0,19120.0
503728,2026-02-11 19:30:15.661566156,10066,20068,1.0,Net Banking,Delivered,1337,5,1270.15
503729,2026-02-11 20:21:57.731773178,10242,20101,2.0,Net Banking,Delivered,2343,20,3748.8
503730,2026-02-11 21:13:39.801980198,10208,20016,2.0,Credit Card,Cancelled,24382,20,39011.2
503731,2026-02-11 22:05:21.872187220,10093,20036,2.0,Net Banking,Delivered,17380,0,34760.0
503732,2026-02-11 22:57:03.942394240,10212,20033,1.0,Debit Card,Cancelled,16169,0,16169.0
503733,2026-02-11 23:48:46.012601260,10318,20058,1.0,UPI,Delivered,3049,20,2439.2
503734,2026-02-12 00:40:28.082808282,10407,20055,1.0,UPI,Delivered,1081,10,972.9
503735,2026-02-12 01:32:10.153015302,10052,20083,5.0,UPI,Delivered,9080,0,45400.0
503736,2026-02-12 02:23:52.223222322,10524,20059,1.0,UPI,Delivered,5868,5,5574.6
503737,2026-02-12 03:15:34.293429344,10528,20025,2.0,UPI,Returned,5959,15,10130.3
503738,2026-02-12 04:07:16.363636364,10416,20059,1.0,Cash on Delivery,Returned,5868,0,5868.0
503739,2026-02-12 04:58:58.433843384,10555,20101,1.0,Cash on Delivery,Cancelled,2343,10,2108.7
503740,2026-02-12 05:50:40.504050406,10257,20061,2.0,UPI,Cancelled,7110,15,12087.0
503741,2026-02-12 06:42:22.574257426,10493,20062,5.0,Cash on Delivery,Delivered,2317,0,11585.0
503742,2026-02-12 07:34:04.644464446,10437,20019,2.0,Debit Card,Delivered,1265,20,2024.0
503743,2026-02-12 08:25:46.714671468,10338,20001,5.0,Credit Card,Delivered,63388,0,316940.0
503744,2026-02-12 09:17:28.784878488,10108,20022,4.0,Cash on Delivery,Delivered,9827,0,39308.0
503745,2026-02-12 10:09:10.855085508,10335,20003,2.0,Debit Card,Delivered,53620,0,107240.0
503746,2026-02-12 11:00:52.925292530,10541,20048,5.0,Credit Card,Returned,23385,0,116925.0
503747,2026-02-12 11:52:34.995499550,10591,20092,1.0,UPI,Cancelled,803,10,722.7
503748,2026-02-12 12:44:17.065706570,10269,20047,2.0,UPI,Returned,20791,5,39502.9
503749,2026-02-12 13:35:59.135913592,10149,20068,3.0,Cash on Delivery,Returned,1337,0,4011.0
503750,2026-02-12 14:27:41.206120612,10449,20089,2.0,UPI,Delivered,507,20,811.2
503751,2026-02-12 15:19:23.276327634,10046,20080,4.0,UPI,Delivered,8370,0,33480.0
503752,2026-02-12 16:11:05.346534654,10091,20068,1.0,UPI,Returned,1337,20,1069.6
503753,2026-02-12 17:02:47.416741674,10338,20082,2.0,Credit Card,Delivered,7271,10,13087.8
503754,2026-02-12 17:54:29.486948696,10595,20030,3.0,Credit Card,Delivered,6241,10,16850.7
503755,2026-02-12 18:46:11.557155716,10198,20044,1.0,Cash on Delivery,Returned,32508,20,26006.4
503756,2026-02-12 19:37:53.627362736,10266,20042,4.0,Credit Card,Cancelled,51100,0,204400.0
503757,2026-02-12 20:29:35.697569758,10194,20084,1.0,Cash on Delivery,Delivered,7386,0,7386.0
503758,2026-02-12 21:21:17.767776778,10265,20043,1.0,Credit Card,Cancelled,21634,15,18388.9
503759,2026-02-12 22:12:59.837983798,10005,20098,1.0,Credit Card,Returned,1112,10,1000.8
503760,2026-02-12 23:04:41.908190820,10357,20020,3.0,UPI,Delivered,1219,0,3657.0
503761,2026-02-12 23:56:23.978397840,10358,20018,1.0,UPI,Delivered,3166,20,2532.8
503762,2026-02-13 00:48:06.048604860,10190,20075,1.0,Net Banking,Delivered,7740,15,6579.0
503763,2026-02-13 01:39:48.118811882,10159,20080,4.0,Debit Card,Cancelled,8370,5,31806.0
503764,2026-02-13 02:31:30.189018902,10457,20071,1.0,Credit Card,,4484,0,4484.0
503765,2026-02-13 03:23:12.259225922,10113,20033,1.0,Cash on Delivery,Delivered,16169,20,12935.2
503766,2026-02-13 04:14:54.329432944,10029,20001,1.0,Net Banking,Delivered,63388,5,60218.6
503767,2026-02-13 05:06:36.399639964,10025,20034,2.0,UPI,Returned,6711,10,12079.8
503768,2026-02-13 05:58:18.469846984,10530,20049,1.0,Debit Card,Delivered,578,0,578.0
503769,2026-02-13 06:50:00.540054006,10219,20043,4.0,Net Banking,Returned,21634,10,77882.4
503770,2026-02-13 07:41:42.610261026,10062,20096,1.0,Net Banking,Delivered,3065,15,2605.25
503771,2026-02-13 08:33:24.680468048,10528,20090,2.0,UPI,Delivered,691,15,1174.7
503772,2026-02-13 09:25:06.750675068,10090,20081,1.0,UPI,Delivered,14773,0,14773.0
503773,2026-02-13 10:16:48.820882088,10203,20003,1.0,Credit Card,Cancelled,53620,0,53620.0
503774,2026-02-13 11:08:30.891089110,10013,20014,1.0,UPI,Delivered,13717,5,13031.15
503775,2026-02-13 12:00:12.961296130,10408,20046,5.0,UPI,Delivered,18692,5,88787.0
503776,2026-02-13 12:51:55.031503150,10420,20065,5.0,Debit Card,Cancelled,1731,0,8655.0
503777,2026-02-13 13:43:37.101710172,10454,20071,1.0,Credit Card,Delivered,4484,10,4035.6
503778,2026-02-13 14:35:19.171917192,10158,20031,1.0,UPI,Cancelled,16301,20,13040.8
503779,2026-02-13 15:27:01.242124212,10197,20012,5.0,Credit Card,Delivered,15742,0,78710.0
503780,2026-02-13 16:18:43.312331234,10563,20035,2.0,UPI,Delivered,15331,0,30662.0
503781,2026-02-13 17:10:25.382538254,10493,20083,1.0,Credit Card,Delivered,9080,5,8626.0
503782,2026-02-13 18:02:07.452745274,10023,20103,1.0,Net Banking,Returned,2822,0,2822.0
503783,2026-02-13 18:53:49.522952296,10416,20098,2.0,Cash on Delivery,Delivered,1112,15,1890.4
503784,2026-02-13 19:45:31.593159316,10488,20062,2.0,UPI,Returned,2317,0,4634.0
503785,2026-02-13 20:37:13.663366336,10336,20010,3.0,Net Banking,Delivered,24340,0,73020.0
503786,2026-02-13 21:28:55.733573358,10384,20101,1.0,Cash on Delivery,Delivered,2343,0,2343.0
503787,2026-02-13 22:20:37.803780378,10001,20016,1.0,Debit Card,Delivered,24382,0,24382.0
503788,2026-02-13 23:12:19.873987400,10019,20028,1.0,Cash on Delivery,Delivered,8241,10,7416.9
503789,2026-02-14 00:04:01.944194420,10022,20102,2.0,UPI,Delivered,2774,0,5548.0
503790,2026-02-14 00:55:44.014401440,10096,20053,1.0,UPI,Delivered,2733,15,2323.05
503791,2026-02-14 01:47:26.084608462,10595,20021,1.0,Net Banking,Delivered,11517,0,11517.0
503792,2026-02-14 02:39:08.154815482,10381,20053,4.0,Credit Card,Delivered,2733,20,8745.6
503793,2026-02-14 03:30:50.225022502,10470,20009,2.0,UPI,Delivered,18553,5,35250.7
503794,2026-02-14 04:22:32.295229524,10178,20033,2.0,UPI,Delivered,16169,15,27487.3
503795,2026-02-14 05:14:14.365436544,10563,20100,1.0,UPI,Cancelled,2214,0,2214.0
503796,2026-02-14 06:05:56.435643564,10120,20032,1.0,UPI,Delivered,14051,15,11943.35
503797,2026-02-14 06:57:38.505850586,10542,20093,4.0,UPI,Delivered,2351,0,9404.0
503798,2026-02-14 07:49:20.576057606,10019,20057,5.0,Cash on Delivery,Delivered,4302,5,20434.5
503799,2026-02-14 08:41:02.646264626,10013,20069,2.0,UPI,Returned,3824,0,7648.0
503800,2026-02-14 09:32:44.716471648,10048,20074,1.0,Net Banking,Delivered,5850,10,5265.0
503801,2026-02-14 10:24:26.786678668,10476,20058,2.0,UPI,Delivered,3049,20,4878.4
503802,2026-02-14 11:16:08.856885688,10155,20004,1.0,UPI,Cancelled,68919,20,55135.2
503803,2026-02-14 12:07:50.927092710,10271,20096,1.0,Cash on Delivery,Delivered,3065,20,2452.0
503804,2026-02-14 12:59:32.997299730,10283,20050,1.0,UPI,Cancelled,1390,15,1181.5
503805,2026-02-14 13:51:15.067506750,10474,20069,2.0,UPI,Delivered,3824,0,7648.0
503806,2026-02-14 14:42:57.137713772,10210,20058,2.0,Net Banking,Returned,3049,0,6098.0
503807,2026-02-14 15:34:39.207920792,10005,20069,2.0,UPI,Delivered,3824,0,7648.0
503808,2026-02-14 16:26:21.278127814,10232,20037,3.0,UPI,Delivered,4164,0,12492.0
503809,2026-02-14 17:18:03.348334834,10173,20088,1.0,Cash on Delivery,Delivered,7259,0,7259.0
503810,2026-02-14 18:09:45.418541854,10439,20024,1.0,Credit Card,Delivered,4109,10,3698.1
503811,2026-02-14 19:01:27.488748876,10451,20068,3.0,Debit Card,Delivered,1337,0,4011.0
503812,2026-02-14 19:53:09.558955896,10056,20061,1.0,UPI,Returned,7110,20,5688.0
503813,2026-02-14 20:44:51.629162916,10476,20053,1.0,UPI,Delivered,2733,15,2323.05
503814,2026-02-14 21:36:33.699369938,10043,20003,4.0,Credit Card,Cancelled,53620,10,193032.0
503815,2026-02-14 22:28:15.769576958,10372,20041,1.0,Debit Card,Delivered,36528,10,32875.2
503816,2026-02-14 23:19:57.839783978,10234,20005,1.0,UPI,Delivered,55986,0,55986.0
503817,2026-02-15 00:11:39.909991000,10181,20053,3.0,Cash on Delivery,Cancelled,2733,5,7789.05
503818,2026-02-15 01:03:21.980198020,10290,20072,2.0,Net Banking,Delivered,3499,10,6298.2
503819,2026-02-15 01:55:04.050405040,10187,20055,1.0,Credit Card,Delivered,1081,15,918.85
503820,2026-02-15 02:46:46.120612062,10477,20079,4.0,Credit Card,Cancelled,3686,10,13269.6
503821,2026-02-15 03:38:28.190819082,10581,20038,1.0,Debit Card,Delivered,9637,15,8191.45
503822,2026-02-15 04:30:10.261026102,10490,20032,3.0,Debit Card,Delivered,14051,5,40045.35
503823,2026-02-15 05:21:52.331233124,10264,20047,3.0,UPI,Delivered,20791,0,62373.0
503824,2026-02-15 06:13:34.401440144,10302,20024,4.0,Net Banking,Delivered,4109,15,13970.6
503825,2026-02-15 07:05:16.471647166,10269,20084,3.0,Credit Card,Delivered,7386,10,19942.2
503826,2026-02-15 07:56:58.541854186,10477,20085,3.0,Cash on Delivery,Delivered,11910,0,35730.0
503827,2026-02-15 08:48:40.612061206,10332,20044,1.0,Cash on Delivery,Returned,32508,5,30882.6
503828,2026-02-15 09:40:22.682268228,10281,20083,5.0,UPI,Returned,9080,5,43130.0
503829,2026-02-15 10:32:04.752475248,10246,20003,1.0,Credit Card,Delivered,53620,10,48258.0
503830,2026-02-15 11:23:46.822682268,10226,20017,1.0,Credit Card,Delivered,1945,0,1945.0
503831,2026-02-15 12:15:28.892889290,10332,20030,2.0,Credit Card,Delivered,6241,0,12482.0
503832,2026-02-15 13:07:10.963096310,10414,20041,1.0,Net Banking,Cancelled,36528,20,29222.4
503833,2026-02-15 13:58:53.033303330,10260,20025,2.0,UPI,Delivered,5959,0,11918.0
503834,2026-02-15 14:50:35.103510352,10484,20054,1.0,Debit Card,Returned,1287,0,1287.0
503835,2026-02-15 15:42:17.173717372,10497,20083,2.0,Cash on Delivery,Returned,9080,0,18160.0
503836,2026-02-15 16:33:59.243924392,10258,20048,1.0,Cash on Delivery,Delivered,23385,20,18708.0
503837,2026-02-15 17:25:41.314131414,10546,20047,3.0,UPI,Delivered,20791,0,62373.0
503838,2026-02-15 18:17:23.384338434,10104,20007,2.0,Cash on Delivery,Delivered,22213,10,39983.4
503839,2026-02-15 19:09:05.454545454,10560,20030,4.0,UPI,Cancelled,6241,0,24964.0
503840,2026-02-15 20:00:47.524752476,10177,20084,1.0,Credit Card,Delivered,7386,10,6647.4
503841,2026-02-15 20:52:29.594959496,10339,20085,5.0,UPI,Cancelled,11910,15,50617.5
503842,2026-02-15 21:44:11.665166516,10171,20011,2.0,Debit Card,Delivered,32685,0,65370.0
503843,2026-02-15 22:35:53.735373538,10266,20002,1.0,UPI,Delivered,66297,0,66297.0
503844,2026-02-15 23:27:35.805580558,10205,20087,2.0,UPI,Delivered,9356,15,15905.2
503845,2026-02-16 00:19:17.875787580,10424,20019,1.0,UPI,Cancelled,1265,20,1012.0
503846,2026-02-16 01:10:59.945994600,10049,20060,4.0,Cash on Delivery,Delivered,4824,15,16401.6
503847,2026-02-16 02:02:42.016201620,10503,20087,1.0,Credit Card,Delivered,9356,0,9356.0
503848,2026-02-16 02:54:24.086408642,10543,20082,5.0,Debit Card,Cancelled,7271,0,36355.0
503849,2026-02-16 03:46:06.156615662,10338,20058,1.0,Debit Card,Delivered,3049,20,2439.2
503850,2026-02-16 04:37:48.226822682,10329,20040,4.0,Credit Card,Delivered,9982,10,35935.2
503851,2026-02-16 05:29:30.297029704,10420,20081,2.0,UPI,Delivered,14773,0,29546.0
503852,2026-02-16 06:21:12.367236724,10120,20073,2.0,UPI,Delivered,5411,10,9739.8
503853,2026-02-16 07:12:54.437443744,10450,20088,4.0,Credit Card,Delivered,7259,0,29036.0
503854,2026-02-16 08:04:36.507650766,10132,20054,1.0,Cash on Delivery,Delivered,1287,0,1287.0
503855,2026-02-16 08:56:18.577857786,10406,20098,1.0,UPI,Delivered,1112,0,1112.0
503856,2026-02-16 09:48:00.648064806,10184,20081,5.0,Debit Card,Delivered,14773,0,73865.0
503857,2026-02-16 10:39:42.718271828,10448,20007,1.0,Net Banking,Cancelled,22213,0,22213.0
503858,2026-02-16 11:31:24.788478848,10475,20031,1.0,Cash on Delivery,Delivered,16301,15,13855.85
503859,2026-02-16 12:23:06.858685868,10126,20084,2.0,UPI,Delivered,7386,0,14772.0
503860,2026-02-16 13:14:48.928892890,10371,20013,1.0,Cash on Delivery,Cancelled,24693,0,24693.0
503861,2026-02-16 14:06:30.999099910,10300,20074,5.0,Debit Card,Cancelled,5850,10,26325.0
503862,2026-02-16 14:58:13.069306930,10177,20036,5.0,Credit Card,Delivered,17380,5,82555.0
503863,2026-02-16 15:49:55.139513952,10353,20022,1.0,Debit Card,Delivered,9827,0,9827.0
503864,2026-02-16 16:41:37.209720972,10596,20057,1.0,UPI,Delivered,4302,0,4302.0
503865,2026-02-16 17:33:19.279927994,10002,20097,4.0,Net Banking,Delivered,3648,0,14592.0
503866,2026-02-16 18:25:01.350135014,10575,20094,2.0,Debit Card,Cancelled,4584,0,9168.0
503867,2026-02-16 19:16:43.420342034,10514,20043,4.0,Net Banking,Delivered,21634,0,86536.0
503868,2026-02-16 20:08:25.490549056,10318,20001,5.0,Net Banking,Delivered,63388,10,285246.0
503869,2026-02-16 21:00:07.560756076,10367,20093,2.0,Debit Card,Cancelled,2351,10,4231.8
503870,2026-02-16 21:51:49.630963096,10222,20094,1.0,UPI,Delivered,4584,0,4584.0
503871,2026-02-16 22:43:31.701170118,10078,20063,2.0,UPI,Delivered,7613,5,14464.7
503872,2026-02-16 23:35:13.771377138,10343,20066,3.0,Net Banking,Delivered,1710,5,4873.5
503873,2026-02-17 00:26:55.841584158,10490,20055,2.0,Debit Card,Delivered,1081,0,2162.0
503874,2026-02-17 01:18:37.911791180,10139,20002,1.0,Cash on Delivery,Delivered,66297,5,62982.15
503875,2026-02-17 02:10:19.981998200,10431,20017,1.0,Credit Card,Cancelled,1945,0,1945.0
503876,2026-02-17 03:02:02.052205220,10449,20015,2.0,Credit Card,Delivered,27789,0,55578.0
503877,2026-02-17 03:53:44.122412242,10455,20096,2.0,Net Banking,Cancelled,3065,15,5210.5
503878,2026-02-17 04:45:26.192619262,10205,20006,2.0,Debit Card,Delivered,34232,0,68464.0
503879,2026-02-17 05:37:08.262826282,10236,20058,1.0,UPI,Delivered,3049,10,2744.1
503880,2026-02-17 06:28:50.333033304,10250,20038,5.0,UPI,Delivered,9637,0,48185.0
503881,2026-02-17 07:20:32.403240324,10513,20001,3.0,Cash on Delivery,Delivered,63388,5,180655.8
503882,2026-02-17 08:12:14.473447346,10541,20096,5.0,Net Banking,Cancelled,3065,20,12260.0
503883,2026-02-17 09:03:56.543654366,10249,20002,4.0,Credit Card,Delivered,66297,5,251928.6
503884,2026-02-17 09:55:38.613861386,10582,20090,2.0,Credit Card,Delivered,691,15,1174.7
503885,2026-02-17 10:47:20.684068408,10343,20081,1.0,UPI,Cancelled,14773,0,14773.0
503886,2026-02-17 11:39:02.754275428,10232,20083,3.0,Credit Card,Returned,9080,0,27240.0
503887,2026-02-17 12:30:44.824482448,10001,20017,2.0,UPI,Cancelled,1945,5,3695.5
503888,2026-02-17 13:22:26.894689470,10367,20092,5.0,UPI,Delivered,803,0,4015.0
503889,2026-02-17 14:14:08.964896490,10387,20063,1.0,Net Banking,Cancelled,7613,15,6471.05
503890,2026-02-17 15:05:51.035103510,10582,20042,1.0,UPI,Delivered,51100,0,51100.0
503891,2026-02-17 15:57:33.105310532,10431,20071,1.0,Net Banking,Delivered,4484,15,3811.4
503892,2026-02-17 16:49:15.175517552,10018,20036,1.0,Credit Card,Delivered,17380,0,17380.0
503893,2026-02-17 17:40:57.245724572,10341,20030,3.0,UPI,Delivered,6241,0,18723.0
503894,2026-02-17 18:32:39.315931594,10446,20030,1.0,UPI,Cancelled,6241,0,6241.0
503895,2026-02-17 19:24:21.386138614,10298,20060,1.0,UPI,Delivered,4824,10,4341.6
503896,2026-02-17 20:16:03.456345634,10258,20063,2.0,Debit Card,Returned,7613,0,15226.0
503897,2026-02-17 21:07:45.526552656,10486,20025,4.0,Cash on Delivery,Delivered,5959,5,22644.2
503898,2026-02-17 21:59:27.596759676,10367,20026,2.0,Debit Card,Delivered,9415,0,18830.0
503899,2026-02-17 22:51:09.666966696,10409,20099,1.0,Debit Card,Returned,4248,15,3610.8
503900,2026-02-17 23:42:51.737173718,10279,20054,1.0,Net Banking,Delivered,1287,0,1287.0
503901,2026-02-18 00:34:33.807380738,10167,20090,4.0,Debit Card,Delivered,691,10,2487.6
503902,2026-02-18 01:26:15.877587760,10312,20035,2.0,Credit Card,Delivered,15331,0,30662.0
503903,2026-02-18 02:17:57.947794780,10576,20030,1.0,Debit Card,Delivered,6241,15,5304.85
503904,2026-02-18 03:09:40.018001800,10362,20030,4.0,Credit Card,Delivered,6241,10,22467.6
503905,2026-02-18 04:01:22.088208822,10425,20055,1.0,UPI,Delivered,1081,0,1081.0
503906,2026-02-18 04:53:04.158415842,10075,20082,1.0,Debit Card,Delivered,7271,0,7271.0
503907,2026-02-18 05:44:46.228622862,10593,20053,4.0,Debit Card,Delivered,2733,0,10932.0
503908,2026-02-18 06:36:28.298829884,10147,20031,1.0,UPI,Delivered,16301,20,13040.8
503909,2026-02-18 07:28:10.369036904,10583,20100,2.0,Cash on Delivery,Delivered,2214,0,4428.0
503910,2026-02-18 08:19:52.439243924,10268,20060,3.0,UPI,Cancelled,4824,5,13748.4
503911,2026-02-18 09:11:34.509450946,10552,20041,1.0,Debit Card,Delivered,36528,5,34701.6
503912,2026-02-18 10:03:16.579657966,10536,20002,1.0,Cash on Delivery,Cancelled,66297,0,66297.0
503913,2026-02-18 10:54:58.649864986,10454,20059,4.0,UPI,Delivered,5868,5,22298.4
503914,2026-02-18 11:46:40.720072008,10550,20065,1.0,Cash on Delivery,Delivered,1731,0,1731.0
503915,2026-02-18 12:38:22.790279028,10366,20097,1.0,Net Banking,Returned,3648,10,3283.2
503916,2026-02-18 13:30:04.860486048,10510,20024,2.0,Debit Card,Delivered,4109,0,8218.0
503917,2026-02-18 14:21:46.930693070,10104,20017,1.0,Cash on Delivery,Cancelled,1945,5,1847.75
503918,2026-02-18 15:13:29.000900090,10043,20104,1.0,Debit Card,Delivered,778,0,778.0
503919,2026-02-18 16:05:11.071107112,10327,20058,2.0,Credit Card,Returned,3049,10,5488.2
503920,2026-02-18 16:56:53.141314132,10486,20003,5.0,Debit Card,Delivered,53620,5,254695.0
503921,2026-02-18 17:48:35.211521152,10460,20011,2.0,Credit Card,Delivered,32685,10,58833.0
503922,2026-02-18 18:40:17.281728174,10317,20050,2.0,UPI,Delivered,1390,10,2502.0
503923,2026-02-18 19:31:59.351935194,10313,20065,2.0,UPI,Returned,1731,0,3462.0
503924,2026-02-18 20:23:41.422142214,10366,20026,4.0,UPI,Cancelled,9415,10,33894.0
503925,2026-02-18 21:15:23.492349236,10521,20039,4.0,Net Banking,Delivered,5898,0,23592.0
503926,2026-02-18 22:07:05.562556256,10506,20077,1.0,Cash on Delivery,Delivered,4744,0,4744.0
503927,2026-02-18 22:58:47.632763276,10066,20101,2.0,Cash on Delivery,Delivered,2343,0,4686.0
503928,2026-02-18 23:50:29.702970298,10358,20052,2.0,UPI,Returned,1561,5,2965.9
503929,2026-02-19 00:42:11.773177318,10229,20044,1.0,Credit Card,Delivered,32508,15,27631.8
503930,2026-02-19 01:33:53.843384338,10480,20038,5.0,Credit Card,Delivered,9637,10,43366.5
503931,2026-02-19 02:25:35.913591360,10304,20015,1.0,UPI,Delivered,27789,0,27789.0
503932,2026-02-19 03:17:17.983798380,10595,20006,4.0,Credit Card,Delivered,34232,0,136928.0
503933,2026-02-19 04:09:00.054005400,10260,20087,1.0,UPI,Cancelled,9356,0,9356.0
503934,2026-02-19 05:00:42.124212422,10408,20004,2.0,Cash on Delivery,Delivered,68919,10,124054.2
503935,2026-02-19 05:52:24.194419442,10066,20086,3.0,UPI,Delivered,13579,0,40737.0
503936,2026-02-19 06:44:06.264626462,10560,20026,2.0,Net Banking,Returned,9415,20,15064.0
503937,2026-02-19 07:35:48.334833484,10093,20073,1.0,Cash on Delivery,Delivered,5411,10,4869.9
503938,2026-02-19 08:27:30.405040504,10228,20099,1.0,Debit Card,Delivered,4248,20,3398.4
503939,2026-02-19 09:19:12.475247526,10503,20078,2.0,UPI,Delivered,7034,20,11254.4
503940,2026-02-19 10:10:54.545454546,10581,20076,4.0,UPI,Delivered,6747,0,26988.0
503941,2026-02-19 11:02:36.615661566,10291,20028,2.0,Cash on Delivery,Delivered,8241,20,13185.6
503942,2026-02-19 11:54:18.685868588,10291,20063,1.0,UPI,Returned,7613,0,7613.0
503943,2026-02-19 12:46:00.756075608,10030,20067,4.0,UPI,Returned,2588,0,10352.0
503944,2026-02-19 13:37:42.826282628,10588,20045,2.0,Cash on Delivery,Returned,19570,5,37183.0
503945,2026-02-19 14:29:24.896489650,10010,20004,1.0,Debit Card,Delivered,68919,5,65473.05
503946,2026-02-19 15:21:06.966696670,10016,20095,1.0,Debit Card,Returned,1791,10,1611.9
503947,2026-02-19 16:12:49.036903690,10285,20021,1.0,UPI,Delivered,11517,0,11517.0
503948,2026-02-19 17:04:31.107110712,10003,20102,5.0,Credit Card,Delivered,2774,0,13870.0
503949,2026-02-19 17:56:13.177317732,10099,20097,5.0,Net Banking,Cancelled,3648,15,15504.0
503950,2026-02-19 18:47:55.247524752,10377,20002,1.0,UPI,Delivered,66297,10,59667.3
503951,2026-02-19 19:39:37.317731774,10424,20077,2.0,UPI,Returned,4744,0,9488.0
503952,2026-02-19 20:31:19.387938794,10179,20066,1.0,UPI,Delivered,1710,0,1710.0
503953,2026-02-19 21:23:01.458145814,10478,20024,2.0,Debit Card,Delivered,4109,0,8218.0
503954,2026-02-19 22:14:43.528352836,10365,20085,1.0,UPI,Cancelled,11910,0,11910.0
503955,2026-02-19 23:06:25.598559856,10137,20012,3.0,Net Banking,Delivered,15742,5,44864.7
503956,2026-02-19 23:58:07.668766876,10428,20026,1.0,UPI,Delivered,9415,15,8002.75
503957,2026-02-20 00:49:49.738973898,10356,20099,5.0,UPI,Returned,4248,5,20178.0
503958,2026-02-20 01:41:31.809180918,10488,20078,1.0,Cash on Delivery,Delivered,7034,5,6682.3
503959,2026-02-20 02:33:13.879387940,10093,20012,1.0,Cash on Delivery,Delivered,15742,20,12593.6
503960,2026-02-20 03:24:55.949594960,10139,20015,5.0,Debit Card,Delivered,27789,0,138945.0
503961,2026-02-20 04:16:38.019801980,10183,20027,5.0,Cash on Delivery,Delivered,7598,0,37990.0
503962,2026-02-20 05:08:20.090009002,10205,20008,1.0,UPI,Cancelled,36276,20,29020.8
503963,2026-02-20 06:00:02.160216022,10534,20019,1.0,Credit Card,Delivered,1265,20,1012.0
503964,2026-02-20 06:51:44.230423042,10440,20060,4.0,UPI,Delivered,4824,0,19296.0
503965,2026-02-20 07:43:26.300630064,10327,20001,5.0,Credit Card,Delivered,63388,0,316940.0
503966,2026-02-20 08:35:08.370837084,10325,20030,2.0,Net Banking,Cancelled,6241,0,12482.0
503967,2026-02-20 09:26:50.441044104,10532,20033,1.0,Net Banking,Returned,16169,0,16169.0
503968,2026-02-20 10:18:32.511251126,10269,20101,1.0,UPI,Delivered,2343,20,1874.4
503969,2026-02-20 11:10:14.581458146,10136,20102,1.0,Credit Card,Returned,2774,15,2357.9
503970,2026-02-20 12:01:56.651665166,10083,20088,3.0,Cash on Delivery,Returned,7259,15,18510.45
503971,2026-02-20 12:53:38.721872188,10199,20036,1.0,Credit Card,Delivered,17380,5,16511.0
503972,2026-02-20 13:45:20.792079208,10392,20055,3.0,UPI,Delivered,1081,10,2918.7
503973,2026-02-20 14:37:02.862286228,10283,20053,4.0,Credit Card,Cancelled,2733,20,8745.6
503974,2026-02-20 15:28:44.932493250,10254,20090,1.0,UPI,Delivered,691,0,691.0
503975,2026-02-20 16:20:27.002700270,10289,20078,5.0,Credit Card,Cancelled,7034,5,33411.5
503976,2026-02-20 17:12:09.072907292,10585,20095,5.0,Credit Card,Delivered,1791,0,8955.0
503977,2026-02-20 18:03:51.143114312,10599,20058,1.0,Credit Card,Delivered,3049,5,2896.55
503978,2026-02-20 18:55:33.213321332,10097,20096,1.0,Credit Card,Returned,3065,0,3065.0
503979,2026-02-20 19:47:15.283528354,10069,20078,1.0,Credit Card,Cancelled,7034,0,7034.0
503980,2026-02-20 20:38:57.353735374,10147,20077,1.0,UPI,Delivered,4744,0,4744.0
503981,2026-02-20 21:30:39.423942394,10512,20069,1.0,UPI,Returned,3824,20,3059.2
503982,2026-02-20 22:22:21.494149416,10276,20035,5.0,UPI,Delivered,15331,0,76655.0
503983,2026-02-20 23:14:03.564356436,10519,20064,1.0,Cash on Delivery,Delivered,3045,10,2740.5
503984,2026-02-21 00:05:45.634563456,10389,20038,1.0,Net Banking,Returned,9637,10,8673.3
503985,2026-02-21 00:57:27.704770478,10332,20068,4.0,UPI,Delivered,1337,10,4813.2
503986,2026-02-21 01:49:09.774977498,10169,20027,1.0,Credit Card,Delivered,7598,0,7598.0
503987,2026-02-21 02:40:51.845184518,10207,20084,1.0,Debit Card,Cancelled,7386,15,6278.1
503988,2026-02-21 03:32:33.915391540,10089,20060,1.0,Credit Card,Cancelled,4824,15,4100.4
503989,2026-02-21 04:24:15.985598560,10312,20074,5.0,Debit Card,Cancelled,5850,0,29250.0
503990,2026-02-21 05:15:58.055805580,10169,20024,4.0,Cash on Delivery,Delivered,4109,0,16436.0
503991,2026-02-21 06:07:40.126012602,10176,20083,5.0,UPI,Delivered,9080,20,36320.0
503992,2026-02-21 06:59:22.196219622,10024,20084,4.0,Credit Card,Delivered,7386,0,29544.0
503993,2026-02-21 07:51:04.266426642,10480,20016,1.0,Credit Card,Delivered,24382,5,23162.9
503994,2026-02-21 08:42:46.336633664,10564,20037,2.0,Credit Card,Returned,4164,15,7078.8
503995,2026-02-21 09:34:28.406840684,10299,20071,2.0,UPI,Cancelled,4484,15,7622.8
503996,2026-02-21 10:26:10.477047706,10322,20091,1.0,Debit Card,Delivered,412,0,412.0
503997,2026-02-21 11:17:52.547254726,10556,20077,5.0,UPI,Delivered,4744,10,21348.0
503998,2026-02-21 12:09:34.617461746,10307,20050,2.0,Debit Card,Delivered,1390,20,2224.0
503999,2026-02-21 13:01:16.687668768,10374,20032,4.0,Debit Card,Returned,14051,5,53393.8
504000,2026-02-21 13:52:58.757875788,10257,20095,1.0,UPI,Delivered,1791,20,1432.8
504001,2026-02-21 14:44:40.828082808,10309,20091,3.0,Cash on Delivery,Returned,412,15,1050.6
504002,2026-02-21 15:36:22.898289830,10314,20094,1.0,Net Banking,Delivered,4584,10,4125.6
504003,2026-02-21 16:28:04.968496850,10427,20032,1.0,Credit Card,Delivered,14051,15,11943.35
504004,2026-02-21 17:19:47.038703870,10363,20046,3.0,Cash on Delivery,Delivered,18692,0,56076.0
504005,2026-02-21 18:11:29.108910892,10303,20026,1.0,Net Banking,Cancelled,9415,0,9415.0
504006,2026-02-21 19:03:11.179117912,10046,20100,1.0,UPI,Delivered,2214,15,1881.9
504007,2026-02-21 19:54:53.249324932,10543,20091,4.0,Credit Card,Delivered,412,10,1483.2
504008,2026-02-21 20:46:35.319531954,10533,20019,2.0,Credit Card,Returned,1265,20,2024.0
504009,2026-02-21 21:38:17.389738974,10111,20026,2.0,Debit Card,Delivered,9415,5,17888.5
504010,2026-02-21 22:29:59.459945994,10176,20058,1.0,Cash on Delivery,Delivered,3049,0,3049.0
504011,2026-02-21 23:21:41.530153016,10585,20044,3.0,Credit Card,Delivered,32508,15,82895.4
504012,2026-02-22 00:13:23.600360036,10193,20048,5.0,UPI,Delivered,23385,20,93540.0
504013,2026-02-22 01:05:05.670567058,10488,20039,3.0,Credit Card,Delivered,5898,15,15039.9
504014,2026-02-22 01:56:47.740774078,10472,20071,1.0,Net Banking,Returned,4484,15,3811.4
504015,2026-02-22 02:48:29.810981098,10517,20094,2.0,UPI,Returned,4584,0,9168.0
504016,2026-02-22 03:40:11.881188120,10010,20096,1.0,UPI,Delivered,3065,20,2452.0
504017,2026-02-22 04:31:53.951395140,10290,20048,1.0,UPI,Returned,23385,0,23385.0
504018,2026-02-22 05:23:36.021602160,10340,20087,1.0,Debit Card,Cancelled,9356,15,7952.6
504019,2026-02-22 06:15:18.091809182,10503,20073,2.0,UPI,Delivered,5411,0,10822.0
504020,2026-02-22 07:07:00.162016202,10135,20021,5.0,UPI,Delivered,11517,0,57585.0
504021,2026-02-22 07:58:42.232223222,10185,20083,4.0,UPI,Returned,9080,15,30872.0
504022,2026-02-22 08:50:24.302430244,10108,20037,1.0,Credit Card,Delivered,4164,0,4164.0
504023,2026-02-22 09:42:06.372637264,10458,20066,1.0,UPI,Delivered,1710,20,1368.0
504024,2026-02-22 10:33:48.442844284,10600,20075,1.0,UPI,Delivered,7740,0,7740.0
504025,2026-02-22 11:25:30.513051306,10085,20099,1.0,Debit Card,Delivered,4248,10,3823.2
504026,2026-02-22 12:17:12.583258326,10140,20099,1.0,UPI,Delivered,4248,10,3823.2
504027,2026-02-22 13:08:54.653465346,10185,20084,5.0,UPI,Delivered,7386,15,31390.5
504028,2026-02-22 14:00:36.723672368,10534,20053,1.0,Credit Card,Cancelled,2733,20,2186.4
504029,2026-02-22 14:52:18.793879388,10268,20042,3.0,UPI,Returned,51100,10,137970.0
504030,2026-02-22 15:44:00.864086408,10170,20046,2.0,UPI,Delivered,18692,0,37384.0
504031,2026-02-22 16:35:42.934293430,10194,20099,2.0,Credit Card,Delivered,4248,5,8071.2
504032,2026-02-22 17:27:25.004500450,10359,20022,4.0,UPI,Delivered,9827,10,35377.2
504033,2026-02-22 18:19:07.074707472,10233,20055,4.0,Credit Card,Cancelled,1081,20,3459.2
504034,2026-02-22 19:10:49.144914492,10085,20071,4.0,Cash on Delivery,Delivered,4484,0,17936.0
504035,2026-02-22 20:02:31.215121512,10493,20003,2.0,Credit Card,Delivered,53620,0,107240.0
504036,2026-02-22 20:54:13.285328534,10254,20067,1.0,Credit Card,Returned,2588,5,2458.6
504037,2026-02-22 21:45:55.355535554,10155,20028,5.0,Cash on Delivery,Delivered,8241,0,41205.0
504038,2026-02-22 22:37:37.425742574,10438,20030,5.0,Credit Card,Delivered,6241,20,24964.0
504039,2026-02-22 23:29:19.495949596,10448,20065,4.0,Net Banking,Delivered,1731,0,6924.0
504040,2026-02-23 00:21:01.566156616,10094,20001,2.0,Credit Card,Returned,63388,0,126776.0
504041,2026-02-23 01:12:43.636363636,10045,20017,1.0,Debit Card,Delivered,1945,0,1945.0
504042,2026-02-23 02:04:25.706570658,10028,20048,1.0,Cash on Delivery,Returned,23385,20,18708.0
504043,2026-02-23 02:56:07.776777678,10460,20061,1.0,UPI,Returned,7110,10,6399.0
504044,2026-02-23 03:47:49.846984698,10376,20012,1.0,Cash on Delivery,Delivered,15742,20,12593.6
504045,2026-02-23 04:39:31.917191720,10476,20038,1.0,Credit Card,Delivered,9637,0,9637.0
504046,2026-02-23 05:31:13.987398740,10376,20032,5.0,Debit Card,Delivered,14051,0,70255.0
504047,2026-02-23 06:22:56.057605760,10242,20056,3.0,Credit Card,Delivered,1999,5,5697.15
504048,2026-02-23 07:14:38.127812782,10354,20032,1.0,UPI,Delivered,14051,0,14051.0
504049,2026-02-23 08:06:20.198019802,10434,20001,3.0,UPI,Delivered,63388,0,190164.0
504050,2026-02-23 08:58:02.268226822,10240,20056,3.0,Cash on Delivery,Delivered,1999,20,4797.6
504051,2026-02-23 09:49:44.338433844,10550,20089,2.0,Debit Card,Cancelled,507,0,1014.0
504052,2026-02-23 10:41:26.408640864,10540,20061,5.0,Net Banking,Delivered,7110,0,35550.0
504053,2026-02-23 11:33:08.478847886,10481,20038,5.0,UPI,Delivered,9637,0,48185.0
504054,2026-02-23 12:24:50.549054906,10596,20051,2.0,UPI,Returned,1170,0,2340.0
504055,2026-02-23 13:16:32.619261926,10235,20015,2.0,UPI,Cancelled,27789,20,44462.4
504056,2026-02-23 14:08:14.689468948,10069,20025,1.0,UPI,Delivered,5959,10,5363.1
504057,2026-02-23 14:59:56.759675968,10291,20046,4.0,Credit Card,Delivered,18692,5,71029.6
504058,2026-02-23 15:51:38.829882988,10448,20062,5.0,Cash on Delivery,Returned,2317,10,10426.5
504059,2026-02-23 16:43:20.900090010,10468,20051,3.0,Net Banking,Delivered,1170,15,2983.5
504060,2026-02-23 17:35:02.970297030,10234,20101,1.0,Credit Card,Returned,2343,0,2343.0
504061,2026-02-23 18:26:45.040504050,10176,20067,2.0,UPI,Returned,2588,5,4917.2
504062,2026-02-23 19:18:27.110711072,10268,20003,4.0,Debit Card,Delivered,53620,0,214480.0
504063,2026-02-23 20:10:09.180918092,10483,20055,1.0,Debit Card,Delivered,1081,0,1081.0
504064,2026-02-23 21:01:51.251125112,10037,20061,2.0,Debit Card,Delivered,7110,5,13509.0
504065,2026-02-23 21:53:33.321332134,10197,20005,3.0,Credit Card,Delivered,55986,10,151162.2
504066,2026-02-23 22:45:15.391539154,10138,20041,2.0,UPI,Delivered,36528,10,65750.4
504067,2026-02-23 23:36:57.461746174,10484,20091,3.0,UPI,Cancelled,412,0,1236.0
504068,2026-02-24 00:28:39.531953196,10282,20038,5.0,Cash on Delivery,Returned,9637,0,48185.0
504069,2026-02-24 01:20:21.602160216,10053,20048,1.0,Debit Card,Cancelled,23385,0,23385.0
504070,2026-02-24 02:12:03.672367238,10158,20024,2.0,Cash on Delivery,Delivered,4109,0,8218.0
504071,2026-02-24 03:03:45.742574258,10027,20009,4.0,UPI,Delivered,18553,5,70501.4
504072,2026-02-24 03:55:27.812781278,10286,20034,4.0,Credit Card,Delivered,6711,5,25501.8
504073,2026-02-24 04:47:09.882988300,10599,20081,2.0,UPI,Delivered,14773,15,25114.1
504074,2026-02-24 05:38:51.953195320,10341,20103,5.0,Cash on Delivery,Returned,2822,15,11993.5
504075,2026-02-24 06:30:34.023402340,10522,20069,1.0,UPI,Delivered,3824,20,3059.2
504076,2026-02-24 07:22:16.093609362,10446,20087,2.0,Debit Card,Cancelled,9356,0,18712.0
504077,2026-02-24 08:13:58.163816382,10530,20068,4.0,UPI,Delivered,1337,0,5348.0
504078,2026-02-24 09:05:40.234023402,10187,20069,2.0,UPI,Delivered,3824,5,7265.6
504079,2026-02-24 09:57:22.304230424,10571,20045,1.0,UPI,Delivered,19570,10,17613.0
504080,2026-02-24 10:49:04.374437444,10144,20007,2.0,Credit Card,Delivered,22213,0,44426.0
504081,2026-02-24 11:40:46.444644464,10263,20043,2.0,Net Banking,Delivered,21634,5,41104.6
504082,2026-02-24 12:32:28.514851486,10409,20090,5.0,Cash on Delivery,Delivered,691,20,2764.0
504083,2026-02-24 13:24:10.585058506,10173,20056,2.0,Debit Card,Delivered,1999,15,3398.3
504084,2026-02-24 14:15:52.655265526,10159,20080,1.0,Credit Card,Delivered,8370,10,7533.0
504085,2026-02-24 15:07:34.725472548,10079,20006,1.0,Net Banking,Cancelled,34232,20,27385.6
504086,2026-02-24 15:59:16.795679568,10003,20021,5.0,UPI,Delivered,11517,0,57585.0
504087,2026-02-24 16:50:58.865886588,10301,20032,2.0,Net Banking,Delivered,14051,5,26696.9
504088,2026-02-24 17:42:40.936093610,10593,20038,1.0,Debit Card,Delivered,9637,0,9637.0
504089,2026-02-24 18:34:23.006300630,10133,20103,1.0,Credit Card,Delivered,2822,0,2822.0
504090,2026-02-24 19:26:05.076507652,10265,20049,1.0,UPI,Delivered,578,15,491.3
504091,2026-02-24 20:17:47.146714672,10562,20069,,UPI,Delivered,3824,15,3250.4
504092,2026-02-24 21:09:29.216921692,10464,20068,4.0,UPI,Cancelled,1337,5,5080.6
504093,2026-02-24 22:01:11.287128714,10003,20044,3.0,Cash on Delivery,Delivered,32508,5,92647.8
504094,2026-02-24 22:52:53.357335734,10301,20101,2.0,Debit Card,Delivered,2343,10,4217.4
504095,2026-02-24 23:44:35.427542754,10086,20024,1.0,Credit Card,Delivered,4109,20,3287.2
504096,2026-02-25 00:36:17.497749776,10149,20004,3.0,Credit Card,Delivered,68919,0,206757.0
504097,2026-02-25 01:27:59.567956796,10148,20078,5.0,Debit Card,Cancelled,7034,5,33411.5
504098,2026-02-25 02:19:41.638163816,10368,20068,5.0,UPI,Delivered,1337,0,6685.0
504099,2026-02-25 03:11:23.708370838,10120,20028,2.0,UPI,Delivered,8241,20,13185.6
504100,2026-02-25 04:03:05.778577858,10152,20091,2.0,Debit Card,Cancelled,412,0,824.0
504101,2026-02-25 04:54:47.848784878,10136,20017,1.0,UPI,Returned,1945,0,1945.0
504102,2026-02-25 05:46:29.918991900,10215,20027,5.0,UPI,Delivered,7598,15,32291.5
504103,2026-02-25 06:38:11.989198920,10394,20017,5.0,Credit Card,Delivered,1945,15,8266.25
504104,2026-02-25 07:29:54.059405940,10240,20020,1.0,UPI,Delivered,1219,20,975.2
504105,2026-02-25 08:21:36.129612962,10197,20076,2.0,Cash on Delivery,Delivered,6747,0,13494.0
504106,2026-02-25 09:13:18.199819982,10311,20074,1.0,Net Banking,Delivered,5850,0,5850.0
504107,2026-02-25 10:05:00.270027004,10370,20067,2.0,Cash on Delivery,Delivered,2588,10,4658.4
504108,2026-02-25 10:56:42.340234024,10010,20090,1.0,Cash on Delivery,Delivered,691,20,552.8
504109,2026-02-25 11:48:24.410441044,10535,20008,3.0,UPI,Delivered,36276,20,87062.4
504110,2026-02-25 12:40:06.480648066,10550,20065,5.0,Credit Card,Returned,1731,0,8655.0
504111,2026-02-25 13:31:48.550855086,10362,20012,4.0,Debit Card,Returned,15742,10,56671.2
504112,2026-02-25 14:23:30.621062106,10345,20100,1.0,UPI,Returned,2214,15,1881.9
504113,2026-02-25 15:15:12.691269128,10417,20066,1.0,Cash on Delivery,Returned,1710,15,1453.5
504114,2026-02-25 16:06:54.761476148,10265,20080,4.0,UPI,Returned,8370,10,30132.0
504115,2026-02-25 16:58:36.831683168,10220,20060,1.0,Credit Card,Delivered,4824,0,4824.0
504116,2026-02-25 17:50:18.901890190,10212,20040,2.0,Debit Card,Delivered,9982,10,17967.6
504117,2026-02-25 18:42:00.972097210,10096,20072,5.0,Cash on Delivery,Delivered,3499,0,17495.0
504118,2026-02-25 19:33:43.042304230,10505,20087,2.0,Debit Card,Cancelled,9356,5,17776.4
504119,2026-02-25 20:25:25.112511252,10193,20019,1.0,Credit Card,Returned,1265,10,1138.5
504120,2026-02-25 21:17:07.182718272,10171,20091,5.0,UPI,Delivered,412,0,2060.0
504121,2026-02-25 22:08:49.252925292,10579,20076,3.0,Credit Card,Delivered,6747,5,19228.95
504122,2026-02-25 23:00:31.323132314,10305,20009,1.0,Debit Card,Delivered,18553,0,18553.0
504123,2026-02-25 23:52:13.393339334,10374,20098,2.0,Credit Card,Returned,1112,0,2224.0
504124,2026-02-26 00:43:55.463546354,10148,20019,2.0,Debit Card,Cancelled,1265,10,2277.0
504125,2026-02-26 01:35:37.533753376,10167,20063,2.0,UPI,Delivered,7613,15,12942.1
504126,2026-02-26 02:27:19.603960396,10438,20014,5.0,UPI,Delivered,13717,20,54868.0
504127,2026-02-26 03:19:01.674167418,10271,20021,4.0,Cash on Delivery,Delivered,11517,10,41461.2
504128,2026-02-26 04:10:43.744374438,10089,20067,1.0,UPI,Delivered,2588,0,2588.0
504129,2026-02-26 05:02:25.814581458,10502,20071,5.0,Debit Card,Delivered,4484,0,22420.0
504130,2026-02-26 05:54:07.884788480,10242,20072,5.0,Credit Card,Delivered,3499,15,14870.75
504131,2026-02-26 06:45:49.954995500,10402,20036,1.0,Cash on Delivery,Delivered,17380,0,17380.0
504132,2026-02-26 07:37:32.025202520,10205,20086,1.0,UPI,Returned,13579,0,13579.0
504133,2026-02-26 08:29:14.095409542,10337,20006,2.0,UPI,Delivered,34232,0,68464.0
504134,2026-02-26 09:20:56.165616562,10466,20089,5.0,Net Banking,Delivered,507,0,2535.0
504135,2026-02-26 10:12:38.235823582,10532,20032,3.0,Debit Card,Delivered,14051,10,37937.7
504136,2026-02-26 11:04:20.306030604,10125,20065,2.0,Credit Card,Delivered,1731,15,2942.7
504137,2026-02-26 11:56:02.376237624,10404,20095,1.0,Credit Card,Returned,1791,20,1432.8
504138,2026-02-26 12:47:44.446444644,10549,20027,1.0,Credit Card,Cancelled,7598,5,7218.1
504139,2026-02-26 13:39:26.516651666,10386,20043,5.0,Cash on Delivery,Delivered,21634,5,102761.5
504140,2026-02-26 14:31:08.586858686,10086,20087,2.0,Debit Card,Delivered,9356,0,18712.0
504141,2026-02-26 15:22:50.657065706,10114,20090,2.0,Cash on Delivery,Delivered,691,0,1382.0
504142,2026-02-26 16:14:32.727272728,10122,20025,5.0,Cash on Delivery,Returned,5959,15,25325.75
504143,2026-02-26 17:06:14.797479748,10064,20053,1.0,Credit Card,Delivered,2733,15,2323.05
504144,2026-02-26 17:57:56.867686770,10453,20035,1.0,Debit Card,Delivered,15331,20,12264.8
504145,2026-02-26 18:49:38.937893790,10580,20054,4.0,Debit Card,Delivered,1287,0,5148.0
504146,2026-02-26 19:41:21.008100810,10311,20040,1.0,Net Banking,Returned,9982,0,9982.0
504147,2026-02-26 20:33:03.078307832,10360,20001,5.0,Debit Card,Delivered,63388,10,285246.0
504148,2026-02-26 21:24:45.148514852,10465,20097,4.0,UPI,Delivered,3648,20,11673.6
504149,2026-02-26 22:16:27.218721872,10250,20067,1.0,Cash on Delivery,Cancelled,2588,0,2588.0
504150,2026-02-26 23:08:09.288928894,10284,20049,2.0,Debit Card,Delivered,578,0,1156.0
504151,2026-02-26 23:59:51.359135914,10354,20012,4.0,Net Banking,Cancelled,15742,20,50374.4
504152,2026-02-27 00:51:33.429342934,10183,20008,2.0,Credit Card,Delivered,36276,0,72552.0
504153,2026-02-27 01:43:15.499549956,10038,20050,1.0,Credit Card,Returned,1390,10,1251.0
504154,2026-02-27 02:34:57.569756976,10341,20068,1.0,Debit Card,Delivered,1337,0,1337.0
504155,2026-02-27 03:26:39.639963996,10494,20028,1.0,Debit Card,Returned,8241,0,8241.0
504156,2026-02-27 04:18:21.710171018,10044,20078,1.0,UPI,Returned,7034,5,6682.3
504157,2026-02-27 05:10:03.780378038,10130,20041,1.0,Credit Card,Delivered,36528,0,36528.0
504158,2026-02-27 06:01:45.850585058,10158,20002,1.0,Debit Card,Returned,66297,5,62982.15
504159,2026-02-27 06:53:27.920792080,10483,20056,4.0,Cash on Delivery,Delivered,1999,0,7996.0
504160,2026-02-27 07:45:09.990999100,10303,20019,2.0,UPI,Delivered,1265,10,2277.0
504161,2026-02-27 08:36:52.061206120,10321,20002,1.0,UPI,Delivered,66297,0,66297.0
504162,2026-02-27 09:28:34.131413142,10388,20014,1.0,Credit Card,Delivered,13717,0,13717.0
504163,2026-02-27 10:20:16.201620162,10166,20030,1.0,UPI,Cancelled,6241,0,6241.0
504164,2026-02-27 11:11:58.271827184,10429,20054,1.0,UPI,Delivered,1287,0,1287.0
504165,2026-02-27 12:03:40.342034204,10019,20103,3.0,Credit Card,Delivered,2822,5,8042.7
504166,2026-02-27 12:55:22.412241224,10069,20023,1.0,Debit Card,Delivered,2698,5,2563.1
504167,2026-02-27 13:47:04.482448246,10490,20006,2.0,Credit Card,Cancelled,34232,15,58194.4
504168,2026-02-27 14:38:46.552655266,10395,20020,2.0,UPI,Cancelled,1219,20,1950.4
504169,2026-02-27 15:30:28.622862286,10106,20034,1.0,Cash on Delivery,Returned,6711,0,6711.0
504170,2026-02-27 16:22:10.693069308,10264,20022,1.0,Credit Card,Delivered,9827,0,9827.0
504171,2026-02-27 17:13:52.763276328,10032,20034,1.0,Net Banking,Delivered,6711,5,6375.45
504172,2026-02-27 18:05:34.833483348,10404,20101,1.0,UPI,Delivered,2343,0,2343.0
504173,2026-02-27 18:57:16.903690370,10454,20040,4.0,Net Banking,Delivered,9982,15,33938.8
504174,2026-02-27 19:48:58.973897390,10168,20067,5.0,Net Banking,Delivered,2588,15,10999.0
504175,2026-02-27 20:40:41.044104410,10211,20072,2.0,UPI,Delivered,3499,5,6648.1
504176,2026-02-27 21:32:23.114311432,10143,20014,4.0,Debit Card,Delivered,13717,20,43894.4
504177,2026-02-27 22:24:05.184518452,10234,20026,4.0,Debit Card,Delivered,9415,5,35777.0
504178,2026-02-27 23:15:47.254725472,10164,20044,5.0,Credit Card,Delivered,32508,5,154413.0
504179,2026-02-28 00:07:29.324932494,10149,20048,1.0,Debit Card,Delivered,23385,15,19877.25
504180,2026-02-28 00:59:11.395139514,10259,20002,5.0,UPI,Delivered,66297,5,314910.75
504181,2026-02-28 01:50:53.465346534,10516,20068,2.0,Credit Card,Delivered,1337,10,2406.6
504182,2026-02-28 02:42:35.535553556,10458,20032,2.0,Cash on Delivery,Cancelled,14051,0,28102.0
504183,2026-02-28 03:34:17.605760576,10179,20034,4.0,UPI,Returned,6711,5,25501.8
504184,2026-02-28 04:25:59.675967598,10566,20063,2.0,UPI,Returned,7613,15,12942.1
504185,2026-02-28 05:17:41.746174618,10127,20099,1.0,UPI,Cancelled,4248,20,3398.4
504186,2026-02-28 06:09:23.816381638,10547,20090,1.0,Cash on Delivery,Cancelled,691,0,691.0
504187,2026-02-28 07:01:05.886588660,10186,20102,1.0,UPI,Delivered,2774,0,2774.0
504188,2026-02-28 07:52:47.956795680,10325,20044,1.0,UPI,Delivered,32508,10,29257.2
504189,2026-02-28 08:44:30.027002700,10122,20013,2.0,Debit Card,Delivered,24693,0,49386.0
504190,2026-02-28 09:36:12.097209722,10458,20023,4.0,Debit Card,Delivered,2698,10,9712.8
504191,2026-02-28 10:27:54.167416742,10191,20036,1.0,Credit Card,Cancelled,17380,0,17380.0
504192,2026-02-28 11:19:36.237623762,10524,20032,2.0,Cash on Delivery,Cancelled,14051,15,23886.7
504193,2026-02-28 12:11:18.307830784,10050,20022,1.0,UPI,Delivered,9827,0,9827.0
504194,2026-02-28 13:03:00.378037804,10302,20016,2.0,Debit Card,Delivered,24382,0,48764.0
504195,2026-02-28 13:54:42.448244824,10096,20020,5.0,Debit Card,Returned,1219,0,6095.0
504196,2026-02-28 14:46:24.518451846,10534,20069,1.0,UPI,Delivered,3824,0,3824.0
504197,2026-02-28 15:38:06.588658866,10251,20052,2.0,Cash on Delivery,Delivered,1561,0,3122.0
504198,2026-02-28 16:29:48.658865886,10405,20004,5.0,Credit Card,Delivered,68919,15,292905.75
504199,2026-02-28 17:21:30.729072908,10528,20059,2.0,UPI,Returned,5868,10,10562.4
504200,2026-02-28 18:13:12.799279928,10322,20088,2.0,UPI,Delivered,7259,10,13066.2
504201,2026-02-28 19:04:54.869486950,10035,20045,1.0,UPI,Cancelled,19570,0,19570.0
504202,2026-02-28 19:56:36.939693970,10133,20034,5.0,Cash on Delivery,Delivered,6711,0,33555.0
504203,2026-02-28 20:48:19.009900990,10128,20029,2.0,UPI,Returned,11176,15,18999.2
504204,2026-02-28 21:40:01.080108012,10549,20040,1.0,Cash on Delivery,Delivered,9982,20,7985.6
504205,2026-02-28 22:31:43.150315032,10546,20029,2.0,UPI,Cancelled,11176,0,22352.0
504206,2026-02-28 23:23:25.220522052,10287,20097,5.0,Cash on Delivery,Delivered,3648,20,14592.0
504207,2026-03-01 00:15:07.290729074,10535,20104,5.0,Net Banking,Delivered,778,10,3501.0
504208,2026-03-01 01:06:49.360936094,10148,20036,1.0,UPI,Cancelled,17380,0,17380.0
504209,2026-03-01 01:58:31.431143114,10408,20097,2.0,UPI,Delivered,3648,0,7296.0
504210,2026-03-01 02:50:13.501350136,10236,20089,5.0,Net Banking,Returned,507,10,2281.5
504211,2026-03-01 03:41:55.571557156,10145,20008,4.0,UPI,Cancelled,36276,0,145104.0
504212,2026-03-01 04:33:37.641764176,10151,20052,2.0,UPI,Delivered,1561,0,3122.0
504213,2026-03-01 05:25:19.711971198,10252,20069,1.0,Net Banking,Delivered,3824,10,3441.6
504214,2026-03-01 06:17:01.782178218,10204,20044,4.0,Cash on Delivery,Delivered,32508,5,123530.4
504215,2026-03-01 07:08:43.852385238,10127,20048,2.0,Debit Card,Delivered,23385,0,46770.0
504216,2026-03-01 08:00:25.922592260,10201,20052,2.0,Cash on Delivery,Delivered,1561,0,3122.0
504217,2026-03-01 08:52:07.992799280,10078,20072,5.0,Credit Card,Delivered,3499,10,15745.5
504218,2026-03-01 09:43:50.063006300,10582,20031,2.0,Debit Card,Cancelled,16301,15,27711.7
504219,2026-03-01 10:35:32.133213322,10228,20063,3.0,UPI,Delivered,7613,10,20555.1
504220,2026-03-01 11:27:14.203420342,10065,20026,1.0,Net Banking,Delivered,9415,0,9415.0
504221,2026-03-01 12:18:56.273627364,10346,20093,3.0,Debit Card,Delivered,2351,10,6347.7
504222,2026-03-01 13:10:38.343834384,10530,20009,2.0,Credit Card,Cancelled,18553,0,37106.0
504223,2026-03-01 14:02:20.414041404,10216,20007,5.0,Cash on Delivery,Delivered,22213,10,99958.5
504224,2026-03-01 14:54:02.484248426,10508,20004,1.0,Credit Card,Returned,68919,10,62027.1
504225,2026-03-01 15:45:44.554455446,10367,20037,5.0,Debit Card,Delivered,4164,20,16656.0
504226,2026-03-01 16:37:26.624662466,10444,20064,2.0,Credit Card,Delivered,3045,15,5176.5
504227,2026-03-01 17:29:08.694869488,10178,20103,1.0,UPI,Delivered,2822,0,2822.0
504228,2026-03-01 18:20:50.765076508,10023,20048,1.0,UPI,Cancelled,23385,0,23385.0
504229,2026-03-01 19:12:32.835283528,10208,20019,1.0,Cash on Delivery,Returned,1265,20,1012.0
504230,2026-03-01 20:04:14.905490550,10555,20039,1.0,Credit Card,Delivered,5898,0,5898.0
504231,2026-03-01 20:55:56.975697570,10475,20014,2.0,Debit Card,Delivered,13717,0,27434.0
504232,2026-03-01 21:47:39.045904590,10471,20050,4.0,Credit Card,Cancelled,1390,0,5560.0
504233,2026-03-01 22:39:21.116111612,10527,20076,5.0,Cash on Delivery,Returned,6747,5,32048.25
504234,2026-03-01 23:31:03.186318632,10224,20004,3.0,Debit Card,Cancelled,68919,20,165405.6
504235,2026-03-02 00:22:45.256525652,10194,20081,2.0,UPI,Returned,14773,20,23636.8
504236,2026-03-02 01:14:27.326732674,10556,20024,2.0,UPI,Cancelled,4109,10,7396.2
504237,2026-03-02 02:06:09.396939694,10343,20070,1.0,Debit Card,Delivered,4368,0,4368.0
504238,2026-03-02 02:57:51.467146716,10179,20085,1.0,UPI,Delivered,11910,10,10719.0
504239,2026-03-02 03:49:33.537353736,10167,20081,2.0,Credit Card,Delivered,14773,15,25114.1
504240,2026-03-02 04:41:15.607560756,10527,20070,4.0,UPI,Returned,4368,0,17472.0
504241,2026-03-02 05:32:57.677767778,10033,20073,1.0,UPI,Delivered,5411,10,4869.9
504242,2026-03-02 06:24:39.747974798,10038,20020,1.0,Cash on Delivery,Returned,1219,5,1158.05
504243,2026-03-02 07:16:21.818181818,10443,20015,1.0,Cash on Delivery,Returned,27789,20,22231.2
504244,2026-03-02 08:08:03.888388840,10001,20040,1.0,Debit Card,Delivered,9982,10,8983.8
504245,2026-03-02 08:59:45.958595860,10103,20064,1.0,UPI,Delivered,3045,0,3045.0
504246,2026-03-02 09:51:28.028802880,10595,20065,1.0,Cash on Delivery,Delivered,1731,20,1384.8
504247,2026-03-02 10:43:10.099009902,10256,20081,1.0,Debit Card,Delivered,14773,5,14034.35
504248,2026-03-02 11:34:52.169216922,10437,20033,1.0,Cash on Delivery,Cancelled,16169,5,15360.55
504249,2026-03-02 12:26:34.239423942,10293,20091,3.0,UPI,Delivered,412,0,1236.0
504250,2026-03-02 13:18:16.309630964,10055,20047,1.0,UPI,Delivered,20791,10,18711.9
504251,2026-03-02 14:09:58.379837984,10111,20026,1.0,Debit Card,Cancelled,9415,0,9415.0
504252,2026-03-02 15:01:40.450045004,10457,20077,5.0,Cash on Delivery,Delivered,4744,0,23720.0
504253,2026-03-02 15:53:22.520252026,10057,20014,1.0,UPI,Delivered,13717,10,12345.3
504254,2026-03-02 16:45:04.590459046,10357,20043,5.0,UPI,Delivered,21634,0,108170.0
504255,2026-03-02 17:36:46.660666066,10209,20082,2.0,Credit Card,Delivered,7271,15,12360.7
504256,2026-03-02 18:28:28.730873088,10223,20081,3.0,Cash on Delivery,Delivered,14773,0,44319.0
504257,2026-03-02 19:20:10.801080108,10572,20027,1.0,Net Banking,Returned,7598,15,6458.3
504258,2026-03-02 20:11:52.871287130,10364,20018,1.0,Cash on Delivery,Delivered,3166,10,2849.4
504259,2026-03-02 21:03:34.941494150,10370,20004,2.0,Debit Card,Delivered,68919,15,117162.3
504260,2026-03-02 21:55:17.011701170,10211,20010,1.0,Net Banking,Delivered,24340,15,20689.0
504261,2026-03-02 22:46:59.081908192,10229,20086,1.0,Credit Card,Cancelled,13579,15,11542.15
504262,2026-03-02 23:38:41.152115212,10412,20082,5.0,UPI,Delivered,7271,0,36355.0
504263,2026-03-03 00:30:23.222322232,10024,20053,1.0,Debit Card,Cancelled,2733,5,2596.35
504264,2026-03-03 01:22:05.292529254,10143,20060,2.0,Debit Card,Delivered,4824,0,9648.0
504265,2026-03-03 02:13:47.362736274,10361,20034,3.0,Credit Card,Delivered,6711,0,20133.0
504266,2026-03-03 03:05:29.432943294,10375,20020,1.0,UPI,Cancelled,1219,5,1158.05
504267,2026-03-03 03:57:11.503150316,10056,20002,1.0,Net Banking,Delivered,66297,15,56352.45
504268,2026-03-03 04:48:53.573357336,10473,20070,2.0,Net Banking,Delivered,4368,20,6988.8
504269,2026-03-03 05:40:35.643564356,10326,20004,1.0,UPI,Delivered,68919,10,62027.1
504270,2026-03-03 06:32:17.713771378,10143,20011,5.0,Cash on Delivery,Delivered,32685,0,163425.0
504271,2026-03-03 07:23:59.783978398,10452,20083,1.0,UPI,Returned,9080,0,9080.0
504272,2026-03-03 08:15:41.854185418,10595,20061,1.0,UPI,Returned,7110,5,6754.5
504273,2026-03-03 09:07:23.924392440,10255,20051,1.0,UPI,Cancelled,1170,5,1111.5
504274,2026-03-03 09:59:05.994599460,10171,20023,1.0,Credit Card,Delivered,2698,20,2158.4
504275,2026-03-03 10:50:48.064806480,10180,20016,1.0,UPI,Delivered,24382,0,24382.0
504276,2026-03-03 11:42:30.135013502,10356,20049,3.0,Debit Card,Cancelled,578,5,1647.3
504277,2026-03-03 12:34:12.205220522,10029,20038,1.0,Net Banking,Returned,9637,15,8191.45
504278,2026-03-03 13:25:54.275427544,10291,20056,2.0,Credit Card,Delivered,1999,5,3798.1
504279,2026-03-03 14:17:36.345634564,10015,20018,1.0,Cash on Delivery,Delivered,3166,0,3166.0
504280,2026-03-03 15:09:18.415841584,10024,20025,1.0,Cash on Delivery,Cancelled,5959,0,5959.0
504281,2026-03-03 16:01:00.486048606,10259,20012,1.0,Credit Card,Delivered,15742,10,14167.8
504282,2026-03-03 16:52:42.556255626,10448,20045,1.0,UPI,Delivered,19570,10,17613.0
504283,2026-03-03 17:44:24.626462646,10531,20029,4.0,UPI,Delivered,11176,15,37998.4
504284,2026-03-03 18:36:06.696669668,10053,20024,1.0,Debit Card,Delivered,4109,15,3492.65
504285,2026-03-03 19:27:48.766876688,10147,20058,1.0,Credit Card,Cancelled,3049,20,2439.2
504286,2026-03-03 20:19:30.837083708,10253,20052,2.0,Debit Card,Delivered,1561,0,3122.0
504287,2026-03-03 21:11:12.907290730,10345,20022,1.0,Debit Card,Delivered,9827,5,9335.65
504288,2026-03-03 22:02:54.977497750,10593,20073,2.0,Debit Card,Delivered,5411,0,10822.0
504289,2026-03-03 22:54:37.047704770,10411,20036,2.0,UPI,Delivered,17380,20,27808.0
504290,2026-03-03 23:46:19.117911792,10324,20036,4.0,UPI,Delivered,17380,0,69520.0
504291,2026-03-04 00:38:01.188118812,10037,20050,1.0,UPI,Delivered,1390,10,1251.0
504292,2026-03-04 01:29:43.258325832,10049,20015,1.0,Net Banking,Delivered,27789,0,27789.0
504293,2026-03-04 02:21:25.328532854,10092,20044,4.0,Debit Card,Cancelled,32508,0,130032.0
504294,2026-03-04 03:13:07.398739874,10397,20061,1.0,Debit Card,Delivered,7110,10,6399.0
504295,2026-03-04 04:04:49.468946896,10199,20014,1.0,Debit Card,Cancelled,13717,0,13717.0
504296,2026-03-04 04:56:31.539153916,10145,20059,2.0,Credit Card,Delivered,5868,10,10562.4
504297,2026-03-04 05:48:13.609360936,10403,20005,2.0,UPI,Delivered,55986,0,111972.0
504298,2026-03-04 06:39:55.679567958,10490,20063,5.0,UPI,Cancelled,7613,0,38065.0
504299,2026-03-04 07:31:37.749774978,10264,20004,5.0,UPI,Delivered,68919,0,344595.0
504300,2026-03-04 08:23:19.819981998,10530,20019,2.0,UPI,Delivered,1265,0,2530.0
504301,2026-03-04 09:15:01.890189020,10441,20037,1.0,UPI,Delivered,4164,5,3955.8
504302,2026-03-04 10:06:43.960396040,10430,20064,3.0,Net Banking,Delivered,3045,0,9135.0
504303,2026-03-04 10:58:26.030603060,10521,20075,1.0,UPI,Delivered,7740,0,7740.0
504304,2026-03-04 11:50:08.100810082,10111,20049,4.0,UPI,Delivered,578,0,2312.0
504305,2026-03-04 12:41:50.171017102,10456,20014,2.0,UPI,Delivered,13717,15,23318.9
504306,2026-03-04 13:33:32.241224122,10575,20041,1.0,UPI,Delivered,36528,15,31048.8
504307,2026-03-04 14:25:14.311431144,10596,20082,5.0,UPI,Delivered,7271,0,36355.0
504308,2026-03-04 15:16:56.381638164,10347,20010,2.0,UPI,Delivered,24340,5,46246.0
504309,2026-03-04 16:08:38.451845184,10453,20075,2.0,UPI,Delivered,7740,0,15480.0
504310,2026-03-04 17:00:20.522052206,10534,20041,1.0,Cash on Delivery,Delivered,36528,0,36528.0
504311,2026-03-04 17:52:02.592259226,10512,20001,3.0,UPI,Cancelled,63388,10,171147.6
504312,2026-03-04 18:43:44.662466246,10539,20073,1.0,UPI,Cancelled,5411,0,5411.0
504313,2026-03-04 19:35:26.732673268,10500,20003,1.0,Credit Card,Delivered,53620,20,42896.0
504314,2026-03-04 20:27:08.802880288,10229,20039,1.0,UPI,Cancelled,5898,20,4718.4
504315,2026-03-04 21:18:50.873087310,10439,20021,3.0,Credit Card,Delivered,11517,20,27640.8
504316,2026-03-04 22:10:32.943294330,10247,20061,5.0,Credit Card,Delivered,7110,0,35550.0
504317,2026-03-04 23:02:15.013501350,10482,20006,1.0,Cash on Delivery,Delivered,34232,20,27385.6
504318,2026-03-04 23:53:57.083708372,10487,20010,1.0,Cash on Delivery,Delivered,24340,0,24340.0
504319,2026-03-05 00:45:39.153915392,10561,20056,2.0,Debit Card,Cancelled,1999,20,3198.4
504320,2026-03-05 01:37:21.224122412,10353,20104,1.0,UPI,Returned,778,0,778.0
504321,2026-03-05 02:29:03.294329434,10286,20005,1.0,Credit Card,Delivered,55986,0,55986.0
504322,2026-03-05 03:20:45.364536454,10100,20048,3.0,UPI,Delivered,23385,20,56124.0
504323,2026-03-05 04:12:27.434743474,10383,20084,2.0,Net Banking,Delivered,7386,5,14033.4
504324,2026-03-05 05:04:09.504950496,10340,20031,1.0,UPI,Delivered,16301,0,16301.0
504325,2026-03-05 05:55:51.575157516,10309,20052,1.0,Debit Card,Delivered,1561,0,1561.0
504326,2026-03-05 06:47:33.645364536,10406,20088,1.0,UPI,Returned,7259,0,7259.0
504327,2026-03-05 07:39:15.715571558,10511,20076,3.0,Credit Card,Delivered,6747,20,16192.8
504328,2026-03-05 08:30:57.785778578,10090,20031,3.0,UPI,Returned,16301,0,48903.0
504329,2026-03-05 09:22:39.855985598,10259,20079,3.0,UPI,Returned,3686,0,11058.0
504330,2026-03-05 10:14:21.926192620,10434,20071,1.0,Debit Card,Delivered,4484,0,4484.0
504331,2026-03-05 11:06:03.996399640,10492,20053,4.0,Credit Card,Delivered,2733,5,10385.4
504332,2026-03-05 11:57:46.066606662,10468,20046,1.0,UPI,Delivered,18692,0,18692.0
504333,2026-03-05 12:49:28.136813682,10480,20097,5.0,UPI,Delivered,3648,0,18240.0
504334,2026-03-05 13:41:10.207020702,10514,20091,4.0,Net Banking,Delivered,412,10,1483.2
504335,2026-03-05 14:32:52.277227724,10578,20103,2.0,Credit Card,Delivered,2822,15,4797.4
504336,2026-03-05 15:24:34.347434744,10365,20071,4.0,Debit Card,Delivered,4484,0,17936.0
504337,2026-03-05 16:16:16.417641764,10150,20038,3.0,Credit Card,Delivered,9637,0,28911.0
504338,2026-03-05 17:07:58.487848786,10339,20012,4.0,Debit Card,Returned,15742,0,62968.0
504339,2026-03-05 17:59:40.558055806,10426,20014,1.0,Debit Card,Cancelled,13717,20,10973.6
504340,2026-03-05 18:51:22.628262826,10061,20099,1.0,UPI,Returned,4248,15,3610.8
504341,2026-03-05 19:43:04.698469848,10455,20038,5.0,Credit Card,Delivered,9637,20,38548.0
504342,2026-03-05 20:34:46.768676868,10327,20012,4.0,Credit Card,Cancelled,15742,10,56671.2
504343,2026-03-05 21:26:28.838883888,10562,20024,2.0,UPI,Delivered,4109,0,8218.0
504344,2026-03-05 22:18:10.909090910,10128,20003,1.0,Debit Card,Cancelled,53620,20,42896.0
504345,2026-03-05 23:09:52.979297930,10545,20056,2.0,UPI,Delivered,1999,15,3398.3
504346,2026-03-06 00:01:35.049504950,10269,20062,2.0,UPI,Delivered,2317,10,4170.6
504347,2026-03-06 00:53:17.119711972,10345,20040,2.0,Net Banking,Delivered,9982,0,19964.0
504348,2026-03-06 01:44:59.189918992,10397,20078,3.0,Net Banking,Delivered,7034,15,17936.7
504349,2026-03-06 02:36:41.260126012,10348,20050,4.0,UPI,Delivered,1390,0,5560.0
504350,2026-03-06 03:28:23.330333034,10543,20100,2.0,Debit Card,Delivered,2214,0,4428.0
504351,2026-03-06 04:20:05.400540054,10101,20080,4.0,UPI,Cancelled,8370,0,33480.0
504352,2026-03-06 05:11:47.470747076,10438,20008,1.0,Debit Card,Delivered,36276,10,32648.4
504353,2026-03-06 06:03:29.540954096,10585,20029,4.0,Credit Card,Delivered,11176,10,40233.6
504354,2026-03-06 06:55:11.611161116,10133,20079,3.0,Net Banking,Cancelled,3686,0,11058.0
504355,2026-03-06 07:46:53.681368138,10154,20056,2.0,Credit Card,Delivered,1999,0,3998.0
504356,2026-03-06 08:38:35.751575158,10286,20079,2.0,UPI,Cancelled,3686,0,7372.0
504357,2026-03-06 09:30:17.821782178,10435,20035,1.0,Net Banking,Delivered,15331,15,13031.35
504358,2026-03-06 10:21:59.891989200,10576,20004,1.0,UPI,Cancelled,68919,0,68919.0
504359,2026-03-06 11:13:41.962196220,10478,20082,5.0,UPI,Returned,7271,15,30901.75
504360,2026-03-06 12:05:24.032403240,10477,20082,1.0,Credit Card,Delivered,7271,0,7271.0
504361,2026-03-06 12:57:06.102610262,10265,20067,3.0,Credit Card,Delivered,2588,0,7764.0
504362,2026-03-06 13:48:48.172817282,10388,20043,5.0,UPI,Cancelled,21634,0,108170.0
504363,2026-03-06 14:40:30.243024302,10127,20001,2.0,Credit Card,Delivered,63388,0,126776.0
504364,2026-03-06 15:32:12.313231324,10278,20076,3.0,UPI,Delivered,6747,0,20241.0
504365,2026-03-06 16:23:54.383438344,10114,20069,2.0,Debit Card,Delivered,3824,0,7648.0
504366,2026-03-06 17:15:36.453645364,10017,20070,2.0,Cash on Delivery,Returned,4368,20,6988.8
504367,2026-03-06 18:07:18.523852386,10514,20018,3.0,Credit Card,Delivered,3166,0,9498.0
504368,2026-03-06 18:59:00.594059406,10483,20077,5.0,Credit Card,Delivered,4744,5,22534.0
504369,2026-03-06 19:50:42.664266426,10307,20076,3.0,Credit Card,Delivered,6747,20,16192.8
504370,2026-03-06 20:42:24.734473448,10009,20090,4.0,UPI,Delivered,691,5,2625.8
504371,2026-03-06 21:34:06.804680468,10055,20060,2.0,Net Banking,Cancelled,4824,0,9648.0
504372,2026-03-06 22:25:48.874887490,10068,20077,4.0,Cash on Delivery,Delivered,4744,15,16129.6
504373,2026-03-06 23:17:30.945094510,10431,20042,5.0,Net Banking,Delivered,51100,15,217175.0
504374,2026-03-07 00:09:13.015301530,10123,20073,1.0,Cash on Delivery,Delivered,5411,0,5411.0
504375,2026-03-07 01:00:55.085508552,10151,20073,4.0,Credit Card,Returned,5411,20,17315.2
504376,2026-03-07 01:52:37.155715572,10517,20082,3.0,Debit Card,Delivered,7271,0,21813.0
504377,2026-03-07 02:44:19.225922592,10526,20090,2.0,UPI,Delivered,691,0,1382.0
504378,2026-03-07 03:36:01.296129614,10458,20001,4.0,Cash on Delivery,Cancelled,63388,20,202841.6
504379,2026-03-07 04:27:43.366336634,10186,20081,1.0,Credit Card,Returned,14773,5,14034.35
504380,2026-03-07 05:19:25.436543654,10348,20083,3.0,UPI,Delivered,9080,5,25878.0
504381,2026-03-07 06:11:07.506750676,10121,20057,2.0,Net Banking,Delivered,4302,15,7313.4
504382,2026-03-07 07:02:49.576957696,10515,20055,5.0,Credit Card,Delivered,1081,5,5134.75
504383,2026-03-07 07:54:31.647164716,10051,20076,2.0,Cash on Delivery,Delivered,6747,10,12144.6
504384,2026-03-07 08:46:13.717371738,10447,20048,2.0,Debit Card,Cancelled,23385,5,44431.5
504385,2026-03-07 09:37:55.787578758,10307,20044,2.0,Net Banking,Cancelled,32508,0,65016.0
504386,2026-03-07 10:29:37.857785778,10455,20084,2.0,Credit Card,Delivered,7386,0,14772.0
504387,2026-03-07 11:21:19.927992800,10271,20083,5.0,Credit Card,Delivered,9080,15,38590.0
504388,2026-03-07 12:13:01.998199820,10095,20022,4.0,Debit Card,Cancelled,9827,0,39308.0
504389,2026-03-07 13:04:44.068406842,10451,20087,1.0,UPI,Delivered,9356,20,7484.8
504390,2026-03-07 13:56:26.138613862,10379,20034,2.0,UPI,Delivered,6711,20,10737.6
504391,2026-03-07 14:48:08.208820882,10279,20015,1.0,Cash on Delivery,Cancelled,27789,15,23620.65
504392,2026-03-07 15:39:50.279027904,10224,20092,1.0,Cash on Delivery,Delivered,803,0,803.0
504393,2026-03-07 16:31:32.349234924,10207,20025,4.0,Cash on Delivery,Delivered,5959,15,20260.6
504394,2026-03-07 17:23:14.419441944,10289,20022,4.0,UPI,Delivered,9827,20,31446.4
504395,2026-03-07 18:14:56.489648966,10157,20029,5.0,UPI,Returned,11176,15,47498.0
504396,2026-03-07 19:06:38.559855986,10170,20052,2.0,Cash on Delivery,Delivered,1561,10,2809.8
504397,2026-03-07 19:58:20.630063006,10167,20018,2.0,UPI,Delivered,3166,10,5698.8
504398,2026-03-07 20:50:02.700270028,10008,20017,4.0,Credit Card,Cancelled,1945,5,7391.0
504399,2026-03-07 21:41:44.770477048,10557,20041,1.0,UPI,Delivered,36528,0,36528.0
504400,2026-03-07 22:33:26.840684068,10142,20023,1.0,Net Banking,Delivered,2698,5,2563.1
504401,2026-03-07 23:25:08.910891090,10100,20021,2.0,Credit Card,Delivered,11517,20,18427.2
504402,2026-03-08 00:16:50.981098110,10091,20095,3.0,UPI,Delivered,1791,0,5373.0
504403,2026-03-08 01:08:33.051305130,10593,20062,2.0,Credit Card,Delivered,2317,0,4634.0
504404,2026-03-08 02:00:15.121512152,10287,20002,1.0,UPI,Delivered,66297,20,53037.6
504405,2026-03-08 02:51:57.191719172,10197,20011,2.0,Debit Card,Delivered,32685,15,55564.5
504406,2026-03-08 03:43:39.261926192,10243,20085,5.0,Debit Card,Delivered,11910,5,56572.5
504407,2026-03-08 04:35:21.332133214,10054,20029,1.0,Debit Card,Cancelled,11176,0,11176.0
504408,2026-03-08 05:27:03.402340234,10189,20016,2.0,Credit Card,Delivered,24382,0,48764.0
504409,2026-03-08 06:18:45.472547256,10150,20070,1.0,UPI,Returned,4368,10,3931.2
504410,2026-03-08 07:10:27.542754276,10482,20088,1.0,UPI,Delivered,7259,5,6896.05
504411,2026-03-08 08:02:09.612961296,10036,20042,3.0,Cash on Delivery,Delivered,51100,15,130305.0
504412,2026-03-08 08:53:51.683168318,10256,20078,1.0,Credit Card,Returned,7034,0,7034.0
504413,2026-03-08 09:45:33.753375338,10475,20044,2.0,Credit Card,Delivered,32508,15,55263.6
504414,2026-03-08 10:37:15.823582358,10501,20012,1.0,UPI,Delivered,15742,20,12593.6
504415,2026-03-08 11:28:57.893789380,10308,20083,3.0,Cash on Delivery,Delivered,9080,0,27240.0
504416,2026-03-08 12:20:39.963996400,10134,20096,1.0,Net Banking,Returned,3065,15,2605.25
504417,2026-03-08 13:12:22.034203420,10203,20103,2.0,UPI,Delivered,2822,10,5079.6
504418,2026-03-08 14:04:04.104410442,10134,20011,4.0,Debit Card,Delivered,32685,0,130740.0
504419,2026-03-08 14:55:46.174617462,10398,20059,1.0,Credit Card,Delivered,5868,0,5868.0
504420,2026-03-08 15:47:28.244824482,10176,20065,3.0,Net Banking,Returned,1731,0,5193.0
504421,2026-03-08 16:39:10.315031504,10379,20009,1.0,Cash on Delivery,Delivered,18553,0,18553.0
504422,2026-03-08 17:30:52.385238524,10394,20099,5.0,Debit Card,Delivered,4248,0,21240.0
504423,2026-03-08 18:22:34.455445544,10564,20011,5.0,Net Banking,Delivered,32685,5,155253.75
504424,2026-03-08 19:14:16.525652566,10223,20028,5.0,Credit Card,Returned,8241,5,39144.75
504425,2026-03-08 20:05:58.595859586,10577,20101,2.0,UPI,Returned,2343,20,3748.8
504426,2026-03-08 20:57:40.666066608,10241,20058,1.0,Debit Card,Delivered,3049,15,2591.65
504427,2026-03-08 21:49:22.736273628,10409,20071,2.0,Debit Card,Returned,4484,20,7174.4
504428,2026-03-08 22:41:04.806480648,10397,20052,4.0,UPI,Returned,1561,15,5307.4
504429,2026-03-08 23:32:46.876687670,10491,20079,2.0,Credit Card,Delivered,3686,10,6634.8
504430,2026-03-09 00:24:28.946894690,10282,20009,3.0,UPI,Delivered,18553,15,47310.15
504431,2026-03-09 01:16:11.017101710,10476,20071,5.0,UPI,Delivered,4484,15,19057.0
504432,2026-03-09 02:07:53.087308732,10214,20007,4.0,Cash on Delivery,Cancelled,22213,15,75524.2
504433,2026-03-09 02:59:35.157515752,10295,20019,1.0,UPI,Delivered,1265,0,1265.0
504434,2026-03-09 03:51:17.227722772,10300,20053,1.0,Net Banking,Delivered,2733,15,2323.05
504435,2026-03-09 04:42:59.297929794,10423,20047,2.0,UPI,Delivered,20791,0,41582.0
504436,2026-03-09 05:34:41.368136814,10372,20016,2.0,Debit Card,Delivered,24382,0,48764.0
504437,2026-03-09 06:26:23.438343834,10047,20084,4.0,Cash on Delivery,Delivered,7386,10,26589.6
504438,2026-03-09 07:18:05.508550856,10486,20032,1.0,Net Banking,Delivered,14051,5,13348.45
504439,2026-03-09 08:09:47.578757876,10455,20091,1.0,Net Banking,Delivered,412,15,350.2
504440,2026-03-09 09:01:29.648964896,10063,20002,1.0,UPI,Delivered,66297,15,56352.45
504441,2026-03-09 09:53:11.719171918,10578,20025,2.0,UPI,Cancelled,5959,15,10130.3
504442,2026-03-09 10:44:53.789378938,10397,20031,1.0,Debit Card,Returned,16301,0,16301.0
504443,2026-03-09 11:36:35.859585958,10051,20062,2.0,Debit Card,Delivered,2317,0,4634.0
504444,2026-03-09 12:28:17.929792980,10295,20042,1.0,Net Banking,Cancelled,51100,0,51100.0
504445,2026-03-09 13:20:00.000000000,10502,20017,5.0,Debit Card,Delivered,1945,0,9725.0
504446,2026-03-09 14:11:42.070207022,10168,20060,2.0,UPI,Delivered,4824,15,8200.8
504447,2026-03-09 15:03:24.140414042,10560,20100,3.0,UPI,Delivered,2214,0,6642.0
504448,2026-03-09 15:55:06.210621062,10252,20014,2.0,Cash on Delivery,Delivered,13717,5,26062.3
504449,2026-03-09 16:46:48.280828084,10136,20027,1.0,Credit Card,Delivered,7598,15,6458.3
504450,2026-03-09 17:38:30.351035104,10214,20050,1.0,Debit Card,Cancelled,1390,0,1390.0
504451,2026-03-09 18:30:12.421242124,10315,20076,4.0,Credit Card,Delivered,6747,0,26988.0
504452,2026-03-09 19:21:54.491449146,10413,20015,2.0,Cash on Delivery,Delivered,27789,0,55578.0
504453,2026-03-09 20:13:36.561656166,10557,20025,3.0,Net Banking,,5959,5,16983.15
504454,2026-03-09 21:05:18.631863186,10117,20025,4.0,UPI,Delivered,5959,10,21452.4
504455,2026-03-09 21:57:00.702070208,10577,20065,2.0,Cash on Delivery,Delivered,1731,10,3115.8
504456,2026-03-09 22:48:42.772277228,10317,20009,,UPI,Delivered,18553,15,31540.1
504457,2026-03-09 23:40:24.842484248,10077,20069,1.0,Credit Card,Delivered,3824,0,3824.0
504458,2026-03-10 00:32:06.912691270,10556,20045,1.0,Net Banking,Cancelled,19570,0,19570.0
504459,2026-03-10 01:23:48.982898290,10210,20035,1.0,UPI,Delivered,15331,0,15331.0
504460,2026-03-10 02:15:31.053105310,10373,20090,1.0,UPI,Delivered,691,0,691.0
504461,2026-03-10 03:07:13.123312332,10419,20086,3.0,Debit Card,Delivered,13579,15,34626.45
504462,2026-03-10 03:58:55.193519352,10009,20084,5.0,Cash on Delivery,Delivered,7386,0,36930.0
504463,2026-03-10 04:50:37.263726372,10133,20093,2.0,UPI,Cancelled,2351,0,4702.0
504464,2026-03-10 05:42:19.333933394,10412,20025,2.0,Debit Card,Returned,5959,0,11918.0
504465,2026-03-10 06:34:01.404140414,10195,20089,4.0,Credit Card,Cancelled,507,5,1926.6
504466,2026-03-10 07:25:43.474347436,10006,20019,3.0,Credit Card,Delivered,1265,20,3036.0
504467,2026-03-10 08:17:25.544554456,10014,20035,1.0,Debit Card,Delivered,15331,20,12264.8
504468,2026-03-10 09:09:07.614761476,10496,20058,1.0,Credit Card,Returned,3049,0,3049.0
504469,2026-03-10 10:00:49.684968498,10093,20078,3.0,Net Banking,Returned,7034,0,21102.0
504470,2026-03-10 10:52:31.755175518,10061,20061,1.0,Debit Card,Delivered,7110,5,6754.5
504471,2026-03-10 11:44:13.825382538,10338,20059,1.0,Cash on Delivery,Delivered,5868,0,5868.0
504472,2026-03-10 12:35:55.895589560,10072,20040,2.0,Net Banking,Delivered,9982,0,19964.0
504473,2026-03-10 13:27:37.965796580,10392,20062,3.0,UPI,Delivered,2317,10,6255.9
504474,2026-03-10 14:19:20.036003600,10327,20050,1.0,Debit Card,Delivered,1390,0,1390.0
504475,2026-03-10 15:11:02.106210622,10390,20050,1.0,Debit Card,Delivered,1390,10,1251.0
504476,2026-03-10 16:02:44.176417642,10295,20061,4.0,UPI,Delivered,7110,0,28440.0
504477,2026-03-10 16:54:26.246624662,10468,20063,2.0,Debit Card,Delivered,7613,20,12180.8
504478,2026-03-10 17:46:08.316831684,10387,20035,3.0,Debit Card,Delivered,15331,0,45993.0
504479,2026-03-10 18:37:50.387038704,10250,20015,1.0,UPI,Delivered,27789,0,27789.0
504480,2026-03-10 19:29:32.457245724,10010,20032,1.0,Credit Card,Returned,14051,0,14051.0
504481,2026-03-10 20:21:14.527452746,10165,20043,2.0,Credit Card,Returned,21634,20,34614.4
504482,2026-03-10 21:12:56.597659766,10079,20017,1.0,Credit Card,Delivered,1945,10,1750.5
504483,2026-03-10 22:04:38.667866788,10010,20019,1.0,Net Banking,Delivered,1265,5,1201.75
504484,2026-03-10 22:56:20.738073808,10164,20099,3.0,UPI,Delivered,4248,0,12744.0
504485,2026-03-10 23:48:02.808280828,10124,20030,4.0,Debit Card,Delivered,6241,0,24964.0
504486,2026-03-11 00:39:44.878487850,10047,20077,1.0,Debit Card,Delivered,4744,10,4269.6
504487,2026-03-11 01:31:26.948694870,10188,20014,1.0,Credit Card,Delivered,13717,5,13031.15
504488,2026-03-11 02:23:09.018901890,10304,20102,1.0,Credit Card,Delivered,2774,10,2496.6
504489,2026-03-11 03:14:51.089108912,10107,20023,2.0,UPI,Returned,2698,0,5396.0
504490,2026-03-11 04:06:33.159315932,10164,20041,3.0,UPI,Returned,36528,0,109584.0
504491,2026-03-11 04:58:15.229522952,10013,20082,2.0,Credit Card,Delivered,7271,0,14542.0
504492,2026-03-11 05:49:57.299729974,10031,20021,2.0,UPI,Delivered,11517,0,23034.0
504493,2026-03-11 06:41:39.369936994,10095,20058,1.0,Net Banking,Returned,3049,0,3049.0
504494,2026-03-11 07:33:21.440144014,10272,20082,1.0,Debit Card,Cancelled,7271,5,6907.45
504495,2026-03-11 08:25:03.510351036,10400,20003,1.0,UPI,Delivered,53620,0,53620.0
504496,2026-03-11 09:16:45.580558056,10474,20003,2.0,UPI,Delivered,53620,15,91154.0
504497,2026-03-11 10:08:27.650765076,10378,20083,1.0,Net Banking,Cancelled,9080,5,8626.0
504498,2026-03-11 11:00:09.720972098,10371,20028,1.0,UPI,Returned,8241,0,8241.0
504499,2026-03-11 11:51:51.791179118,10562,20095,2.0,Debit Card,Delivered,1791,0,3582.0
504500,2026-03-11 12:43:33.861386138,10154,20097,1.0,UPI,Delivered,3648,0,3648.0
504501,2026-03-11 13:35:15.931593160,10479,20092,5.0,Cash on Delivery,Delivered,803,0,4015.0
504502,2026-03-11 14:26:58.001800180,10563,20104,2.0,Credit Card,Returned,778,0,1556.0
504503,2026-03-11 15:18:40.072007202,10341,20086,1.0,Credit Card,Delivered,13579,0,13579.0
504504,2026-03-11 16:10:22.142214222,10505,20040,3.0,Credit Card,Delivered,9982,0,29946.0
504505,2026-03-11 17:02:04.212421242,10083,20104,3.0,UPI,Delivered,778,10,2100.6
504506,2026-03-11 17:53:46.282628264,10528,20036,5.0,Debit Card,Returned,17380,5,82555.0
504507,2026-03-11 18:45:28.352835284,10339,20061,3.0,UPI,Delivered,7110,20,17064.0
504508,2026-03-11 19:37:10.423042304,10133,20001,1.0,UPI,Delivered,63388,20,50710.4
504509,2026-03-11 20:28:52.493249326,10037,20101,3.0,UPI,Delivered,2343,0,7029.0
504510,2026-03-11 21:20:34.563456346,10432,20062,4.0,Debit Card,Delivered,2317,10,8341.2
504511,2026-03-11 22:12:16.633663366,10259,20099,2.0,Cash on Delivery,Delivered,4248,20,6796.8
504512,2026-03-11 23:03:58.703870388,10187,20037,4.0,UPI,Cancelled,4164,15,14157.6
504513,2026-03-11 23:55:40.774077408,10235,20033,5.0,Net Banking,Delivered,16169,10,72760.5
504514,2026-03-12 00:47:22.844284428,10595,20055,4.0,Net Banking,Delivered,1081,0,4324.0
504515,2026-03-12 01:39:04.914491450,10257,20090,2.0,UPI,Delivered,691,20,1105.6
504516,2026-03-12 02:30:46.984698470,10048,20058,2.0,UPI,Cancelled,3049,15,5183.3
504517,2026-03-12 03:22:29.054905490,10168,20083,4.0,UPI,Cancelled,9080,5,34504.0
504518,2026-03-12 04:14:11.125112512,10088,20023,4.0,UPI,Cancelled,2698,20,8633.6
504519,2026-03-12 05:05:53.195319532,10412,20081,1.0,Debit Card,Cancelled,14773,5,14034.35
504520,2026-03-12 05:57:35.265526554,10481,20077,1.0,Credit Card,Delivered,4744,5,4506.8
504521,2026-03-12 06:49:17.335733574,10505,20094,4.0,Credit Card,Returned,4584,15,15585.6
504522,2026-03-12 07:40:59.405940594,10380,20006,1.0,Debit Card,Returned,34232,15,29097.2
504523,2026-03-12 08:32:41.476147616,10462,20040,5.0,UPI,Delivered,9982,5,47414.5
504524,2026-03-12 09:24:23.546354636,10251,20010,1.0,Net Banking,Delivered,24340,15,20689.0
504525,2026-03-12 10:16:05.616561656,10377,20042,5.0,Debit Card,Delivered,51100,20,204400.0
504526,2026-03-12 11:07:47.686768678,10065,20079,3.0,UPI,Delivered,3686,10,9952.2
504527,2026-03-12 11:59:29.756975698,10324,20067,1.0,Credit Card,Returned,2588,20,2070.4
504528,2026-03-12 12:51:11.827182718,10335,20079,1.0,UPI,Delivered,3686,0,3686.0
504529,2026-03-12 13:42:53.897389740,10019,20077,4.0,Cash on Delivery,Returned,4744,5,18027.2
504530,2026-03-12 14:34:35.967596760,10329,20104,1.0,Credit Card,Delivered,778,10,700.2
504531,2026-03-12 15:26:18.037803780,10434,20092,1.0,Cash on Delivery,Returned,803,10,722.7
504532,2026-03-12 16:18:00.108010802,10221,20061,4.0,Cash on Delivery,Returned,7110,0,28440.0
504533,2026-03-12 17:09:42.178217822,10327,20092,3.0,Credit Card,Delivered,803,5,2288.55
504534,2026-03-12 18:01:24.248424842,10172,20005,1.0,Debit Card,Delivered,55986,0,55986.0
504535,2026-03-12 18:53:06.318631864,10163,20076,1.0,Credit Card,Delivered,6747,10,6072.3
504536,2026-03-12 19:44:48.388838884,10078,20055,3.0,UPI,Returned,1081,15,2756.55
504537,2026-03-12 20:36:30.459045904,10197,20100,3.0,Cash on Delivery,Returned,2214,10,5977.8
504538,2026-03-12 21:28:12.529252926,10482,20053,1.0,Credit Card,Delivered,2733,20,2186.4
504539,2026-03-12 22:19:54.599459946,10562,20019,2.0,Cash on Delivery,Delivered,1265,10,2277.0
504540,2026-03-12 23:11:36.669666968,10382,20076,1.0,Debit Card,Delivered,6747,0,6747.0
504541,2026-03-13 00:03:18.739873988,10375,20099,1.0,UPI,Delivered,4248,0,4248.0
504542,2026-03-13 00:55:00.810081008,10369,20002,5.0,Credit Card,Delivered,66297,0,331485.0
504543,2026-03-13 01:46:42.880288030,10286,20007,1.0,UPI,Returned,22213,20,17770.4
504544,2026-03-13 02:38:24.950495050,10254,20069,5.0,UPI,Delivered,3824,15,16252.0
504545,2026-03-13 03:30:07.020702070,10373,20058,1.0,Debit Card,Returned,3049,0,3049.0
504546,2026-03-13 04:21:49.090909092,10471,20058,5.0,UPI,Delivered,3049,20,12196.0
504547,2026-03-13 05:13:31.161116112,10249,20010,2.0,Cash on Delivery,Delivered,24340,0,48680.0
504548,2026-03-13 06:05:13.231323132,10340,20060,4.0,Credit Card,Returned,4824,15,16401.6
504549,2026-03-13 06:56:55.301530154,10283,20060,4.0,Credit Card,Delivered,4824,0,19296.0
504550,2026-03-13 07:48:37.371737174,10172,20089,1.0,UPI,Delivered,507,10,456.3
504551,2026-03-13 08:40:19.441944194,10175,20041,3.0,UPI,Returned,36528,0,109584.0
504552,2026-03-13 09:32:01.512151216,10048,20037,1.0,Credit Card,Delivered,4164,10,3747.6
504553,2026-03-13 10:23:43.582358236,10264,20009,4.0,UPI,Delivered,18553,5,70501.4
504554,2026-03-13 11:15:25.652565256,10428,20059,5.0,Debit Card,Delivered,5868,10,26406.0
504555,2026-03-13 12:07:07.722772278,10412,20068,4.0,Credit Card,Cancelled,1337,0,5348.0
504556,2026-03-13 12:58:49.792979298,10592,20030,3.0,UPI,Delivered,6241,0,18723.0
504557,2026-03-13 13:50:31.863186318,10024,20077,1.0,Credit Card,Delivered,4744,0,4744.0
504558,2026-03-13 14:42:13.933393340,10457,20098,1.0,UPI,Delivered,1112,10,1000.8
504559,2026-03-13 15:33:56.003600360,10478,20019,2.0,UPI,Delivered,1265,0,2530.0
504560,2026-03-13 16:25:38.073807382,10262,20060,1.0,Debit Card,Returned,4824,20,3859.2
504561,2026-03-13 17:17:20.144014402,10170,20073,2.0,UPI,Cancelled,5411,0,10822.0
504562,2026-03-13 18:09:02.214221422,10215,20002,4.0,UPI,Returned,66297,5,251928.6
504563,2026-03-13 19:00:44.284428444,10410,20019,1.0,Credit Card,Returned,1265,20,1012.0
504564,2026-03-13 19:52:26.354635464,10518,20042,5.0,Credit Card,Returned,51100,0,255500.0
504565,2026-03-13 20:44:08.424842484,10386,20015,2.0,Cash on Delivery,Delivered,27789,5,52799.1
504566,2026-03-13 21:35:50.495049506,10309,20037,1.0,Net Banking,Delivered,4164,20,3331.2
504567,2026-03-13 22:27:32.565256526,10392,20016,3.0,Debit Card,Delivered,24382,0,73146.0
504568,2026-03-13 23:19:14.635463546,10043,20094,1.0,Credit Card,Delivered,4584,5,4354.8
504569,2026-03-14 00:10:56.705670568,10365,20063,2.0,Credit Card,Delivered,7613,5,14464.7
504570,2026-03-14 01:02:38.775877588,10026,20035,2.0,UPI,Returned,15331,15,26062.7
504571,2026-03-14 01:54:20.846084608,10576,20081,3.0,Net Banking,Delivered,14773,10,39887.1
504572,2026-03-14 02:46:02.916291630,10534,20002,2.0,Credit Card,Delivered,66297,5,125964.3
504573,2026-03-14 03:37:44.986498650,10306,20063,1.0,UPI,Returned,7613,5,7232.35
504574,2026-03-14 04:29:27.056705670,10225,20072,2.0,Debit Card,Delivered,3499,0,6998.0
504575,2026-03-14 05:21:09.126912692,10440,20085,4.0,Debit Card,Delivered,11910,0,47640.0
504576,2026-03-14 06:12:51.197119712,10383,20024,5.0,Credit Card,Delivered,4109,20,16436.0
504577,2026-03-14 07:04:33.267326734,10424,20062,1.0,UPI,Returned,2317,10,2085.3
504578,2026-03-14 07:56:15.337533754,10310,20080,1.0,Cash on Delivery,,8370,10,7533.0
504579,2026-03-14 08:47:57.407740774,10142,20083,5.0,UPI,Returned,9080,0,45400.0
504580,2026-03-14 09:39:39.477947796,10044,20019,1.0,Cash on Delivery,Returned,1265,0,1265.0
504581,2026-03-14 10:31:21.548154816,10170,20102,1.0,Credit Card,Delivered,2774,0,2774.0
504582,2026-03-14 11:23:03.618361836,10318,20029,4.0,Cash on Delivery,Cancelled,11176,20,35763.2
504583,2026-03-14 12:14:45.688568858,10255,20041,2.0,Cash on Delivery,Delivered,36528,20,58444.8
504584,2026-03-14 13:06:27.758775878,10304,20020,2.0,Credit Card,Cancelled,1219,0,2438.0
504585,2026-03-14 13:58:09.828982898,10167,20016,2.0,Net Banking,Returned,24382,0,48764.0
504586,2026-03-14 14:49:51.899189920,10563,20027,2.0,UPI,Delivered,7598,10,13676.4
504587,2026-03-14 15:41:33.969396940,10221,20015,1.0,UPI,Delivered,27789,0,27789.0
504588,2026-03-14 16:33:16.039603960,10508,20077,3.0,UPI,Delivered,4744,5,13520.4
504589,2026-03-14 17:24:58.109810982,10235,20063,1.0,Debit Card,Returned,7613,0,7613.0
504590,2026-03-14 18:16:40.180018002,10267,20041,2.0,UPI,Delivered,36528,5,69403.2
504591,2026-03-14 19:08:22.250225022,10363,20057,1.0,Credit Card,Delivered,4302,15,3656.7
504592,2026-03-14 20:00:04.320432044,10158,20063,1.0,Cash on Delivery,Delivered,7613,15,6471.05
504593,2026-03-14 20:51:46.390639064,10132,20020,2.0,Net Banking,Delivered,1219,0,2438.0
504594,2026-03-14 21:43:28.460846084,10228,20031,1.0,UPI,Delivered,16301,0,16301.0
504595,2026-03-14 22:35:10.531053106,10483,20092,5.0,Credit Card,Delivered,803,0,4015.0
504596,2026-03-14 23:26:52.601260126,10087,20002,5.0,UPI,Returned,66297,15,281762.25
504597,2026-03-15 00:18:34.671467148,10263,20100,1.0,UPI,Delivered,2214,0,2214.0
504598,2026-03-15 01:10:16.741674168,10404,20101,1.0,Cash on Delivery,Cancelled,2343,5,2225.85
504599,2026-03-15 02:01:58.811881188,10424,20027,2.0,Cash on Delivery,Cancelled,7598,0,15196.0
504600,2026-03-15 02:53:40.882088210,10261,20034,1.0,UPI,Cancelled,6711,0,6711.0
504601,2026-03-15 03:45:22.952295230,10049,20022,4.0,UPI,Delivered,9827,5,37342.6
504602,2026-03-15 04:37:05.022502250,10010,20059,1.0,Credit Card,Delivered,5868,0,5868.0
504603,2026-03-15 05:28:47.092709272,10282,20023,2.0,Credit Card,Delivered,2698,0,5396.0
504604,2026-03-15 06:20:29.162916292,10487,20083,1.0,UPI,Delivered,9080,0,9080.0
504605,2026-03-15 07:12:11.233123312,10017,20041,4.0,UPI,Delivered,36528,5,138806.4
504606,2026-03-15 08:03:53.303330334,10533,20101,1.0,Credit Card,Delivered,2343,0,2343.0
504607,2026-03-15 08:55:35.373537354,10406,20089,2.0,UPI,Delivered,507,0,1014.0
504608,2026-03-15 09:47:17.443744374,10005,20042,4.0,Net Banking,Delivered,51100,15,173740.0
504609,2026-03-15 10:38:59.513951396,10207,20062,2.0,Debit Card,Returned,2317,20,3707.2
504610,2026-03-15 11:30:41.584158416,10133,20003,1.0,Credit Card,Delivered,53620,5,50939.0
504611,2026-03-15 12:22:23.654365436,10570,20008,1.0,Credit Card,Returned,36276,10,32648.4
504612,2026-03-15 13:14:05.724572458,10333,20053,2.0,Net Banking,Returned,2733,0,5466.0
504613,2026-03-15 14:05:47.794779478,10195,20050,1.0,UPI,Delivered,1390,0,1390.0
504614,2026-03-15 14:57:29.864986500,10167,20042,1.0,Cash on Delivery,Delivered,51100,0,51100.0
504615,2026-03-15 15:49:11.935193520,10339,20010,2.0,UPI,Returned,24340,0,48680.0
504616,2026-03-15 16:40:54.005400540,10004,20088,2.0,Cash on Delivery,Delivered,7259,0,14518.0
504617,2026-03-15 17:32:36.075607562,10155,20043,4.0,UPI,Delivered,21634,15,73555.6
504618,2026-03-15 18:24:18.145814582,10100,20049,3.0,Net Banking,Delivered,578,15,1473.9
504619,2026-03-15 19:16:00.216021602,10373,20042,1.0,UPI,Delivered,51100,15,43435.0
504620,2026-03-15 20:07:42.286228624,10402,20052,4.0,Net Banking,Delivered,1561,0,6244.0
504621,2026-03-15 20:59:24.356435644,10281,20068,5.0,Credit Card,Delivered,1337,0,6685.0
504622,2026-03-15 21:51:06.426642664,10085,20080,1.0,UPI,Cancelled,8370,0,8370.0
504623,2026-03-15 22:42:48.496849686,10223,20058,1.0,Debit Card,Returned,3049,0,3049.0
504624,2026-03-15 23:34:30.567056706,10506,20018,2.0,UPI,Delivered,3166,5,6015.4
504625,2026-03-16 00:26:12.637263726,10123,20091,2.0,Credit Card,Delivered,412,5,782.8
504626,2026-03-16 01:17:54.707470748,10099,20030,2.0,UPI,Cancelled,6241,0,12482.0
504627,2026-03-16 02:09:36.777677768,10067,20002,5.0,Debit Card,Returned,66297,0,331485.0
504628,2026-03-16 03:01:18.847884788,10491,20005,3.0,Net Banking,Delivered,55986,5,159560.1
504629,2026-03-16 03:53:00.918091810,10072,20081,5.0,Credit Card,Delivered,14773,0,73865.0
504630,2026-03-16 04:44:42.988298830,10349,20041,1.0,Debit Card,Delivered,36528,10,32875.2
504631,2026-03-16 05:36:25.058505850,10600,20003,2.0,Cash on Delivery,Delivered,53620,0,107240.0
504632,2026-03-16 06:28:07.128712872,10386,20085,1.0,Debit Card,Delivered,11910,10,10719.0
504633,2026-03-16 07:19:49.198919892,10248,20032,1.0,UPI,Delivered,14051,15,11943.35
504634,2026-03-16 08:11:31.269126914,10125,20102,2.0,Credit Card,Cancelled,2774,0,5548.0
504635,2026-03-16 09:03:13.339333934,10002,20092,1.0,UPI,Delivered,803,0,803.0
504636,2026-03-16 09:54:55.409540954,10094,20006,5.0,Credit Card,Delivered,34232,5,162602.0
504637,2026-03-16 10:46:37.479747976,10572,20072,1.0,UPI,Delivered,3499,0,3499.0
504638,2026-03-16 11:38:19.549954996,10087,20063,1.0,Net Banking,Returned,7613,0,7613.0
504639,2026-03-16 12:30:01.620162016,10012,20018,4.0,Debit Card,Returned,3166,0,12664.0
504640,2026-03-16 13:21:43.690369038,10490,20036,1.0,Debit Card,Delivered,17380,0,17380.0
504641,2026-03-16 14:13:25.760576058,10252,20052,1.0,UPI,Delivered,1561,10,1404.9
504642,2026-03-16 15:05:07.830783078,10215,20016,1.0,UPI,Delivered,24382,0,24382.0
504643,2026-03-16 15:56:49.900990100,10431,20076,3.0,Net Banking,Delivered,6747,5,19228.95
504644,2026-03-16 16:48:31.971197120,10314,20029,4.0,Credit Card,Delivered,11176,10,40233.6
504645,2026-03-16 17:40:14.041404140,10549,20098,1.0,Cash on Delivery,Cancelled,1112,10,1000.8
504646,2026-03-16 18:31:56.111611162,10281,20084,2.0,Credit Card,Returned,7386,5,14033.4
504647,2026-03-16 19:23:38.181818182,10428,20066,2.0,UPI,Delivered,1710,10,3078.0
504648,2026-03-16 20:15:20.252025202,10528,20013,3.0,Debit Card,Returned,24693,5,70375.05
504649,2026-03-16 21:07:02.322232224,10279,20003,1.0,Debit Card,Returned,53620,5,50939.0
504650,2026-03-16 21:58:44.392439244,10171,20016,2.0,UPI,Delivered,24382,15,41449.4
504651,2026-03-16 22:50:26.462646264,10585,20052,2.0,Debit Card,Delivered,1561,5,2965.9
504652,2026-03-16 23:42:08.532853286,10137,20082,1.0,UPI,Delivered,7271,0,7271.0
504653,2026-03-17 00:33:50.603060306,10024,20016,2.0,UPI,Delivered,24382,20,39011.2
504654,2026-03-17 01:25:32.673267328,10347,20074,2.0,UPI,Delivered,5850,20,9360.0
504655,2026-03-17 02:17:14.743474348,10593,20005,5.0,Debit Card,Delivered,55986,20,223944.0
504656,2026-03-17 03:08:56.813681368,10052,20028,2.0,Debit Card,Delivered,8241,15,14009.7
504657,2026-03-17 04:00:38.883888390,10510,20063,5.0,UPI,Delivered,7613,0,38065.0
504658,2026-03-17 04:52:20.954095410,10499,20087,1.0,Net Banking,Delivered,9356,20,7484.8
504659,2026-03-17 05:44:03.024302430,10558,20081,3.0,Debit Card,Delivered,14773,10,39887.1
504660,2026-03-17 06:35:45.094509452,10253,20056,5.0,Credit Card,Delivered,1999,20,7996.0
504661,2026-03-17 07:27:27.164716472,10153,20004,1.0,UPI,Delivered,68919,0,68919.0
504662,2026-03-17 08:19:09.234923492,10308,20031,2.0,UPI,Delivered,16301,0,32602.0
504663,2026-03-17 09:10:51.305130514,10086,20082,5.0,UPI,Delivered,7271,0,36355.0
504664,2026-03-17 10:02:33.375337534,10506,20009,2.0,Cash on Delivery,Cancelled,18553,20,29684.8
504665,2026-03-17 10:54:15.445544554,10398,20074,5.0,Net Banking,Delivered,5850,0,29250.0
504666,2026-03-17 11:45:57.515751576,10290,20074,2.0,UPI,Delivered,5850,0,11700.0
504667,2026-03-17 12:37:39.585958596,10310,20079,5.0,Credit Card,Delivered,3686,15,15665.5
504668,2026-03-17 13:29:21.656165616,10428,20023,3.0,UPI,Delivered,2698,15,6879.9
504669,2026-03-17 14:21:03.726372638,10314,20026,2.0,UPI,Delivered,9415,20,15064.0
504670,2026-03-17 15:12:45.796579658,10504,20021,1.0,UPI,Delivered,11517,10,10365.3
504671,2026-03-17 16:04:27.866786680,10555,20041,1.0,UPI,Cancelled,36528,10,32875.2
504672,2026-03-17 16:56:09.936993700,10570,20055,1.0,UPI,Delivered,1081,10,972.9
504673,2026-03-17 17:47:52.007200720,10373,20013,4.0,UPI,Delivered,24693,10,88894.8
504674,2026-03-17 18:39:34.077407742,10446,20060,2.0,Credit Card,Delivered,4824,5,9165.6
504675,2026-03-17 19:31:16.147614762,10187,20025,2.0,Credit Card,Delivered,5959,0,11918.0
504676,2026-03-17 20:22:58.217821782,10023,20059,2.0,Credit Card,Delivered,5868,0,11736.0
504677,2026-03-17 21:14:40.288028804,10241,20032,1.0,UPI,Delivered,14051,20,11240.8
504678,2026-03-17 22:06:22.358235824,10524,20100,4.0,Credit Card,Delivered,2214,0,8856.0
504679,2026-03-17 22:58:04.428442844,10081,20034,2.0,Credit Card,Delivered,6711,0,13422.0
504680,2026-03-17 23:49:46.498649866,10328,20091,2.0,Cash on Delivery,Cancelled,412,15,700.4
504681,2026-03-18 00:41:28.568856886,10116,20019,2.0,UPI,Cancelled,1265,20,2024.0
504682,2026-03-18 01:33:10.639063906,10258,20009,3.0,Credit Card,Delivered,18553,5,52876.05
504683,2026-03-18 02:24:52.709270928,10087,20020,1.0,UPI,Returned,1219,0,1219.0
504684,2026-03-18 03:16:34.779477948,10441,20044,1.0,UPI,Delivered,32508,10,29257.2
504685,2026-03-18 04:08:16.849684968,10487,20094,3.0,Credit Card,Delivered,4584,0,13752.0
504686,2026-03-18 04:59:58.919891990,10456,20019,2.0,Debit Card,Cancelled,1265,0,2530.0
504687,2026-03-18 05:51:40.990099010,10423,20082,3.0,Cash on Delivery,Delivered,7271,5,20722.35
504688,2026-03-18 06:43:23.060306030,10142,20073,2.0,Credit Card,Delivered,5411,20,8657.6
504689,2026-03-18 07:35:05.130513052,10319,20036,2.0,UPI,Delivered,17380,0,34760.0
504690,2026-03-18 08:26:47.200720072,10063,20035,5.0,Net Banking,Delivered,15331,10,68989.5
504691,2026-03-18 09:18:29.270927094,10225,20099,1.0,UPI,Cancelled,4248,0,4248.0
504692,2026-03-18 10:10:11.341134114,10304,20075,1.0,Credit Card,Returned,7740,5,7353.0
504693,2026-03-18 11:01:53.411341134,10402,20025,5.0,Net Banking,Cancelled,5959,10,26815.5
504694,2026-03-18 11:53:35.481548156,10059,20095,5.0,,Delivered,1791,0,8955.0
504695,2026-03-18 12:45:17.551755176,10488,20043,2.0,Credit Card,Delivered,21634,15,36777.8
504696,2026-03-18 13:36:59.621962196,10276,20009,2.0,UPI,Cancelled,18553,20,29684.8
504697,2026-03-18 14:28:41.692169218,10529,20085,2.0,UPI,Cancelled,11910,0,23820.0
504698,2026-03-18 15:20:23.762376238,10317,20091,5.0,Cash on Delivery,Delivered,412,15,1751.0
504699,2026-03-18 16:12:05.832583258,10329,20047,2.0,UPI,Delivered,20791,5,39502.9
504700,2026-03-18 17:03:47.902790280,10416,20074,4.0,UPI,Delivered,5850,20,18720.0
504701,2026-03-18 17:55:29.972997300,10492,20025,1.0,Credit Card,Delivered,5959,10,5363.1
504702,2026-03-18 18:47:12.043204320,10095,20089,2.0,UPI,Delivered,507,15,861.9
504703,2026-03-18 19:38:54.113411342,10307,20039,3.0,UPI,Delivered,5898,0,17694.0
504704,2026-03-18 20:30:36.183618362,10018,20028,2.0,UPI,Cancelled,8241,0,16482.0
504705,2026-03-18 21:22:18.253825382,10285,20053,1.0,Credit Card,Delivered,2733,5,2596.35
504706,2026-03-18 22:14:00.324032404,10489,20028,1.0,Credit Card,Delivered,8241,20,6592.8
504707,2026-03-18 23:05:42.394239424,10520,20065,4.0,Net Banking,Delivered,1731,10,6231.6
504708,2026-03-18 23:57:24.464446446,10171,20078,1.0,UPI,Cancelled,7034,0,7034.0
504709,2026-03-19 00:49:06.534653466,10232,20043,1.0,Cash on Delivery,Delivered,21634,20,17307.2
504710,2026-03-19 01:40:48.604860486,10331,20082,5.0,UPI,Returned,7271,10,32719.5
504711,2026-03-19 02:32:30.675067508,10238,20045,5.0,UPI,Delivered,19570,0,97850.0
504712,2026-03-19 03:24:12.745274528,10107,20101,2.0,Cash on Delivery,Returned,2343,0,4686.0
504713,2026-03-19 04:15:54.815481548,10183,20028,3.0,Net Banking,Delivered,8241,10,22250.7
504714,2026-03-19 05:07:36.885688570,10243,20074,4.0,UPI,Delivered,5850,20,18720.0
504715,2026-03-19 05:59:18.955895590,10312,20056,1.0,Credit Card,Delivered,1999,5,1899.05
504716,2026-03-19 06:51:01.026102610,10553,20099,1.0,Net Banking,Cancelled,4248,15,3610.8
504717,2026-03-19 07:42:43.096309632,10327,20023,2.0,UPI,Delivered,2698,10,4856.4
504718,2026-03-19 08:34:25.166516652,10233,20021,2.0,UPI,Delivered,11517,0,23034.0
504719,2026-03-19 09:26:07.236723672,10397,20091,1.0,Credit Card,Cancelled,412,15,350.2
504720,2026-03-19 10:17:49.306930694,10464,20094,1.0,Net Banking,Delivered,4584,5,4354.8
504721,2026-03-19 11:09:31.377137714,10259,20078,5.0,Credit Card,Delivered,7034,5,33411.5
504722,2026-03-19 12:01:13.447344734,10294,20050,2.0,Credit Card,Delivered,1390,10,2502.0
504723,2026-03-19 12:52:55.517551756,10131,20043,4.0,Cash on Delivery,Delivered,21634,0,86536.0
504724,2026-03-19 13:44:37.587758776,10519,20070,2.0,UPI,Returned,4368,20,6988.8
504725,2026-03-19 14:36:19.657965796,10521,20078,2.0,Net Banking,Delivered,7034,20,11254.4
504726,2026-03-19 15:28:01.728172818,10105,20029,2.0,UPI,Returned,11176,20,17881.6
504727,2026-03-19 16:19:43.798379838,10208,20001,2.0,Debit Card,Delivered,63388,10,114098.4
504728,2026-03-19 17:11:25.868586860,10164,20008,3.0,Credit Card,Returned,36276,0,108828.0
504729,2026-03-19 18:03:07.938793880,10554,20036,5.0,UPI,Delivered,17380,10,78210.0
504730,2026-03-19 18:54:50.009000900,10040,20071,4.0,Credit Card,Delivered,4484,0,17936.0
504731,2026-03-19 19:46:32.079207922,10125,20046,3.0,Net Banking,Delivered,18692,5,53272.2
504732,2026-03-19 20:38:14.149414942,10189,20065,1.0,Credit Card,Returned,1731,15,1471.35
504733,2026-03-19 21:29:56.219621962,10337,20049,2.0,UPI,Delivered,578,0,1156.0
504734,2026-03-19 22:21:38.289828984,10150,20027,5.0,UPI,Cancelled,7598,5,36090.5
504735,2026-03-19 23:13:20.360036004,10322,20078,2.0,Debit Card,Delivered,7034,5,13364.6
504736,2026-03-20 00:05:02.430243024,10449,20076,2.0,Debit Card,Delivered,6747,20,10795.2
504737,2026-03-20 00:56:44.500450046,10498,20101,1.0,Credit Card,Cancelled,2343,5,2225.85
504738,2026-03-20 01:48:26.570657066,10060,20086,1.0,UPI,Delivered,13579,0,13579.0
504739,2026-03-20 02:40:08.640864086,10084,20040,3.0,Debit Card,Delivered,9982,0,29946.0
504740,2026-03-20 03:31:50.711071108,10058,20074,1.0,UPI,Delivered,5850,0,5850.0
504741,2026-03-20 04:23:32.781278128,10546,20037,2.0,UPI,Delivered,4164,0,8328.0
504742,2026-03-20 05:15:14.851485148,10392,20091,2.0,Credit Card,Delivered,412,10,741.6
504743,2026-03-20 06:06:56.921692170,10319,20064,4.0,Credit Card,Delivered,3045,15,10353.0
504744,2026-03-20 06:58:38.991899190,10475,20087,5.0,Cash on Delivery,Delivered,9356,0,46780.0
504745,2026-03-20 07:50:21.062106210,10352,20030,2.0,Credit Card,Returned,6241,5,11857.9
504746,2026-03-20 08:42:03.132313232,10142,20002,1.0,UPI,Cancelled,66297,15,56352.45
504747,2026-03-20 09:33:45.202520252,10307,20015,2.0,Net Banking,Cancelled,27789,10,50020.2
504748,2026-03-20 10:25:27.272727274,10422,20056,5.0,UPI,Delivered,1999,0,9995.0
504749,2026-03-20 11:17:09.342934294,10022,20101,2.0,Cash on Delivery,Delivered,2343,0,4686.0
504750,2026-03-20 12:08:51.413141314,10364,20066,2.0,UPI,Delivered,1710,0,3420.0
504751,2026-03-20 13:00:33.483348336,10299,20085,4.0,Cash on Delivery,Returned,11910,5,45258.0
504752,2026-03-20 13:52:15.553555356,10042,20049,2.0,Net Banking,Delivered,578,20,924.8
504753,2026-03-20 14:43:57.623762376,10159,20100,2.0,Net Banking,Delivered,2214,0,4428.0
504754,2026-03-20 15:35:39.693969398,10270,20098,2.0,UPI,Delivered,1112,10,2001.6
504755,2026-03-20 16:27:21.764176418,10206,20023,4.0,Net Banking,Delivered,2698,15,9173.2
504756,2026-03-20 17:19:03.834383438,10175,20090,2.0,Debit Card,Delivered,691,20,1105.6
504757,2026-03-20 18:10:45.904590460,10390,20002,1.0,UPI,Cancelled,66297,10,59667.3
504758,2026-03-20 19:02:27.974797480,10243,20062,2.0,Credit Card,Delivered,2317,20,3707.2
504759,2026-03-20 19:54:10.045004500,10299,20046,3.0,Debit Card,Delivered,18692,5,53272.2
504760,2026-03-20 20:45:52.115211522,10479,20032,5.0,Cash on Delivery,Delivered,14051,0,70255.0
504761,2026-03-20 21:37:34.185418542,10056,20098,5.0,Net Banking,Delivered,1112,20,4448.0
504762,2026-03-20 22:29:16.255625562,10216,20069,4.0,Credit Card,Delivered,3824,5,14531.2
504763,2026-03-20 23:20:58.325832584,10044,20015,4.0,Debit Card,Delivered,27789,0,111156.0
504764,2026-03-21 00:12:40.396039604,10557,20015,2.0,UPI,Delivered,27789,10,50020.2
504765,2026-03-21 01:04:22.466246626,10112,20013,1.0,Credit Card,Delivered,24693,0,24693.0
504766,2026-03-21 01:56:04.536453646,10492,20032,2.0,Net Banking,Delivered,14051,15,23886.7
504767,2026-03-21 02:47:46.606660666,10115,20008,3.0,Debit Card,Delivered,36276,15,92503.8
504768,2026-03-21 03:39:28.676867688,10195,20028,2.0,Net Banking,Delivered,8241,0,16482.0
504769,2026-03-21 04:31:10.747074708,10365,20080,1.0,Credit Card,Delivered,8370,5,7951.5
504770,2026-03-21 05:22:52.817281728,10499,20091,1.0,Credit Card,Delivered,412,15,350.2
504771,2026-03-21 06:14:34.887488750,10107,20082,1.0,Debit Card,Delivered,7271,10,6543.9
504772,2026-03-21 07:06:16.957695770,10128,20052,2.0,UPI,Cancelled,1561,15,2653.7
504773,2026-03-21 07:57:59.027902790,10530,20073,4.0,Cash on Delivery,Delivered,5411,20,17315.2
504774,2026-03-21 08:49:41.098109812,10194,20099,4.0,Cash on Delivery,Delivered,4248,0,16992.0
504775,2026-03-21 09:41:23.168316832,10126,20006,4.0,Cash on Delivery,Delivered,34232,10,123235.2
504776,2026-03-21 10:33:05.238523852,10447,20095,3.0,Cash on Delivery,Delivered,1791,0,5373.0
504777,2026-03-21 11:24:47.308730874,10055,20076,1.0,Credit Card,Delivered,6747,0,6747.0
504778,2026-03-21 12:16:29.378937894,10521,20041,5.0,Credit Card,Delivered,36528,10,164376.0
504779,2026-03-21 13:08:11.449144914,10526,20047,5.0,Net Banking,Cancelled,20791,0,103955.0
504780,2026-03-21 13:59:53.519351936,10514,20046,4.0,UPI,Delivered,18692,15,63552.8
504781,2026-03-21 14:51:35.589558956,10178,20017,2.0,Net Banking,Cancelled,1945,20,3112.0
504782,2026-03-21 15:43:17.659765976,10069,20024,1.0,UPI,Delivered,4109,20,3287.2
504783,2026-03-21 16:34:59.729972998,10256,20031,5.0,Net Banking,Cancelled,16301,0,81505.0
504784,2026-03-21 17:26:41.800180018,10201,20001,1.0,Credit Card,Cancelled,63388,0,63388.0
504785,2026-03-21 18:18:23.870387040,10576,20053,4.0,Net Banking,Delivered,2733,5,10385.4
504786,2026-03-21 19:10:05.940594060,10380,20050,5.0,Credit Card,Cancelled,1390,0,6950.0
504787,2026-03-21 20:01:48.010801080,10567,20035,5.0,Debit Card,Delivered,15331,20,61324.0
504788,2026-03-21 20:53:30.081008102,10451,20019,2.0,Cash on Delivery,Delivered,1265,20,2024.0
504789,2026-03-21 21:45:12.151215122,10429,20101,4.0,Credit Card,Delivered,2343,15,7966.2
504790,2026-03-21 22:36:54.221422142,10068,20071,4.0,UPI,Delivered,4484,0,17936.0
504791,2026-03-21 23:28:36.291629164,10042,20050,5.0,UPI,Delivered,1390,0,6950.0
504792,2026-03-22 00:20:18.361836184,10028,20076,1.0,Credit Card,Delivered,6747,15,5734.95
504793,2026-03-22 01:12:00.432043204,10357,20039,3.0,Debit Card,Delivered,5898,15,15039.9
504794,2026-03-22 02:03:42.502250226,10122,20023,4.0,Debit Card,Delivered,2698,20,8633.6
504795,2026-03-22 02:55:24.572457246,10594,20071,1.0,UPI,Returned,4484,0,4484.0
504796,2026-03-22 03:47:06.642664266,10080,20081,1.0,UPI,Delivered,14773,0,14773.0
504797,2026-03-22 04:38:48.712871288,10569,20068,2.0,Cash on Delivery,Delivered,1337,20,2139.2
504798,2026-03-22 05:30:30.783078308,10401,20059,1.0,Debit Card,Returned,5868,0,5868.0
504799,2026-03-22 06:22:12.853285328,10064,20001,4.0,UPI,Delivered,63388,10,228196.8
504800,2026-03-22 07:13:54.923492350,10036,20067,5.0,UPI,Cancelled,2588,5,12293.0
504801,2026-03-22 08:05:36.993699370,10238,20065,1.0,UPI,Delivered,1731,5,1644.45
504802,2026-03-22 08:57:19.063906392,10204,20043,1.0,Net Banking,Delivered,21634,0,21634.0
504803,2026-03-22 09:49:01.134113412,10190,20026,5.0,Debit Card,Delivered,9415,0,47075.0
504804,2026-03-22 10:40:43.204320432,10318,20102,2.0,Debit Card,Delivered,2774,10,4993.2
504805,2026-03-22 11:32:25.274527454,10078,20040,1.0,Debit Card,Delivered,9982,0,9982.0
504806,2026-03-22 12:24:07.344734474,10078,20029,2.0,Net Banking,Delivered,11176,0,22352.0
504807,2026-03-22 13:15:49.414941494,10417,20074,5.0,UPI,Cancelled,5850,0,29250.0
504808,2026-03-22 14:07:31.485148516,10595,20051,1.0,UPI,Delivered,1170,0,1170.0
504809,2026-03-22 14:59:13.555355536,10165,20058,2.0,Credit Card,Cancelled,3049,15,5183.3
504810,2026-03-22 15:50:55.625562556,10560,20068,2.0,Cash on Delivery,Delivered,1337,0,2674.0
504811,2026-03-22 16:42:37.695769578,10207,20039,4.0,Credit Card,Cancelled,5898,5,22412.4
504812,2026-03-22 17:34:19.765976598,10202,20016,2.0,Credit Card,Delivered,24382,5,46325.8
504813,2026-03-22 18:26:01.836183618,10055,20018,5.0,Net Banking,Returned,3166,15,13455.5
504814,2026-03-22 19:17:43.906390640,10254,20098,4.0,UPI,Delivered,1112,0,4448.0
504815,2026-03-22 20:09:25.976597660,10299,20053,2.0,Credit Card,Delivered,2733,0,5466.0
504816,2026-03-22 21:01:08.046804680,10399,20044,2.0,Debit Card,Delivered,32508,20,52012.8
504817,2026-03-22 21:52:50.117011702,10095,20034,3.0,Cash on Delivery,Delivered,6711,0,20133.0
504818,2026-03-22 22:44:32.187218722,10114,20076,1.0,UPI,Delivered,6747,15,5734.95
504819,2026-03-22 23:36:14.257425742,10260,20095,1.0,Credit Card,Returned,1791,10,1611.9
504820,2026-03-23 00:27:56.327632764,10042,20080,1.0,Cash on Delivery,Delivered,8370,15,7114.5
504821,2026-03-23 01:19:38.397839784,10087,20056,4.0,Debit Card,Delivered,1999,10,7196.4
504822,2026-03-23 02:11:20.468046806,10378,20050,4.0,Debit Card,Returned,1390,0,5560.0
504823,2026-03-23 03:03:02.538253826,10573,20091,4.0,UPI,Cancelled,412,5,1565.6
504824,2026-03-23 03:54:44.608460846,10344,20090,1.0,UPI,Delivered,691,0,691.0
504825,2026-03-23 04:46:26.678667868,10087,20041,1.0,UPI,Returned,36528,0,36528.0
504826,2026-03-23 05:38:08.748874888,10595,20101,1.0,UPI,Delivered,2343,5,2225.85
504827,2026-03-23 06:29:50.819081908,10314,20087,1.0,Net Banking,Delivered,9356,0,9356.0
504828,2026-03-23 07:21:32.889288930,10431,20089,1.0,Debit Card,Delivered,507,0,507.0
504829,2026-03-23 08:13:14.959495950,10119,20006,2.0,Net Banking,Delivered,34232,10,61617.6
504830,2026-03-23 09:04:57.029702970,10348,20014,5.0,UPI,Cancelled,13717,0,68585.0
504831,2026-03-23 09:56:39.099909992,10046,20032,1.0,UPI,Delivered,14051,20,11240.8
504832,2026-03-23 10:48:21.170117012,10376,20080,4.0,Debit Card,Delivered,8370,10,30132.0
504833,2026-03-23 11:40:03.240324032,10122,20009,4.0,UPI,Cancelled,18553,15,63080.2
504834,2026-03-23 12:31:45.310531054,10546,20009,1.0,UPI,Delivered,18553,5,17625.35
504835,2026-03-23 13:23:27.380738074,10033,20004,1.0,Credit Card,Returned,68919,10,62027.1
504836,2026-03-23 14:15:09.450945094,10392,20020,2.0,UPI,Delivered,1219,0,2438.0
504837,2026-03-23 15:06:51.521152116,10084,20096,5.0,UPI,Delivered,3065,10,13792.5
504838,2026-03-23 15:58:33.591359136,10413,20076,4.0,UPI,Delivered,6747,0,26988.0
504839,2026-03-23 16:50:15.661566156,10297,20075,5.0,Net Banking,Delivered,7740,15,32895.0
504840,2026-03-23 17:41:57.731773178,10581,20031,1.0,UPI,Delivered,16301,0,16301.0
504841,2026-03-23 18:33:39.801980198,10392,20066,5.0,Credit Card,Delivered,1710,15,7267.5
504842,2026-03-23 19:25:21.872187220,10224,20082,5.0,Credit Card,Returned,7271,20,29084.0
504843,2026-03-23 20:17:03.942394240,10053,20056,2.0,Credit Card,Delivered,1999,0,3998.0
504844,2026-03-23 21:08:46.012601260,10358,20090,1.0,Credit Card,Cancelled,691,0,691.0
504845,2026-03-23 22:00:28.082808282,10265,20060,1.0,UPI,Cancelled,4824,0,4824.0
504846,2026-03-23 22:52:10.153015302,10032,20034,1.0,UPI,Returned,6711,5,6375.45
504847,2026-03-23 23:43:52.223222322,10349,20067,4.0,Credit Card,Delivered,2588,20,8281.6
504848,2026-03-24 00:35:34.293429344,10126,20099,1.0,Cash on Delivery,Delivered,4248,5,4035.6
504849,2026-03-24 01:27:16.363636364,10141,20086,3.0,Credit Card,Delivered,13579,15,34626.45
504850,2026-03-24 02:18:58.433843384,10006,20052,1.0,Credit Card,Delivered,1561,15,1326.85
504851,2026-03-24 03:10:40.504050406,10224,20063,5.0,Cash on Delivery,Delivered,7613,10,34258.5
504852,2026-03-24 04:02:22.574257426,10131,20102,4.0,Debit Card,Delivered,2774,20,8876.8
504853,2026-03-24 04:54:04.644464446,10044,20078,2.0,Debit Card,Delivered,7034,0,14068.0
504854,2026-03-24 05:45:46.714671468,10261,20053,2.0,Credit Card,Returned,2733,10,4919.4
504855,2026-03-24 06:37:28.784878488,10133,20030,1.0,Cash on Delivery,Cancelled,6241,15,5304.85
504856,2026-03-24 07:29:10.855085508,10081,20095,1.0,Credit Card,Returned,1791,20,1432.8
504857,2026-03-24 08:20:52.925292530,10281,20102,5.0,Debit Card,Delivered,2774,0,13870.0
504858,2026-03-24 09:12:34.995499550,10038,20008,4.0,Net Banking,Delivered,36276,15,123338.4
504859,2026-03-24 10:04:17.065706572,10595,20004,4.0,Credit Card,Delivered,68919,0,275676.0
504860,2026-03-24 10:55:59.135913592,10283,20012,3.0,Cash on Delivery,Delivered,15742,20,37780.8
504861,2026-03-24 11:47:41.206120612,10598,20041,1.0,Cash on Delivery,Cancelled,36528,5,34701.6
504862,2026-03-24 12:39:23.276327634,10529,20017,1.0,Credit Card,Delivered,1945,20,1556.0
504863,2026-03-24 13:31:05.346534654,10588,20092,3.0,UPI,Delivered,803,5,2288.55
504864,2026-03-24 14:22:47.416741674,10326,20096,1.0,Debit Card,Delivered,3065,0,3065.0
504865,2026-03-24 15:14:29.486948696,10254,20019,1.0,UPI,Delivered,1265,0,1265.0
504866,2026-03-24 16:06:11.557155716,10432,20087,1.0,Credit Card,Delivered,9356,10,8420.4
504867,2026-03-24 16:57:53.627362736,10049,20015,2.0,UPI,Delivered,27789,10,50020.2
504868,2026-03-24 17:49:35.697569758,10505,20082,4.0,Net Banking,Delivered,7271,5,27629.8
504869,2026-03-24 18:41:17.767776778,10195,20039,1.0,Cash on Delivery,Delivered,5898,10,5308.2
504870,2026-03-24 19:32:59.837983798,10005,20005,5.0,UPI,Returned,55986,10,251937.0
504871,2026-03-24 20:24:41.908190820,10143,20045,2.0,Debit Card,Delivered,19570,0,39140.0
504872,2026-03-24 21:16:23.978397840,10146,20086,3.0,Net Banking,Delivered,13579,0,40737.0
504873,2026-03-24 22:08:06.048604860,10009,20098,1.0,UPI,Delivered,1112,0,1112.0
504874,2026-03-24 22:59:48.118811882,10402,20013,2.0,UPI,Delivered,24693,0,49386.0
504875,2026-03-24 23:51:30.189018902,10058,20087,1.0,Credit Card,Delivered,9356,10,8420.4
504876,2026-03-25 00:43:12.259225922,10509,20031,4.0,Net Banking,Delivered,16301,20,52163.2
504877,2026-03-25 01:34:54.329432944,10272,20049,2.0,Credit Card,Returned,578,20,924.8
504878,2026-03-25 02:26:36.399639964,10431,20012,1.0,UPI,Delivered,15742,5,14954.9
504879,2026-03-25 03:18:18.469846986,10204,20102,1.0,UPI,Delivered,2774,20,2219.2
504880,2026-03-25 04:10:00.540054006,10080,20083,1.0,Credit Card,Delivered,9080,10,8172.0
504881,2026-03-25 05:01:42.610261026,10109,20067,2.0,UPI,Cancelled,2588,0,5176.0
504882,2026-03-25 05:53:24.680468048,10388,20076,1.0,Debit Card,Delivered,6747,10,6072.3
504883,2026-03-25 06:45:06.750675068,10430,20091,2.0,UPI,Cancelled,412,5,782.8
504884,2026-03-25 07:36:48.820882088,10161,20015,5.0,Net Banking,Delivered,27789,5,131997.75
504885,2026-03-25 08:28:30.891089110,10215,20026,3.0,Debit Card,Cancelled,9415,15,24008.25
504886,2026-03-25 09:20:12.961296130,10568,20004,1.0,Net Banking,Delivered,68919,20,55135.2
504887,2026-03-25 10:11:55.031503150,10512,20051,3.0,UPI,Delivered,1170,0,3510.0
504888,2026-03-25 11:03:37.101710172,10248,20052,5.0,Debit Card,Delivered,1561,0,7805.0
504889,2026-03-25 11:55:19.171917192,10145,20004,1.0,Net Banking,Delivered,68919,10,62027.1
504890,2026-03-25 12:47:01.242124212,10181,20069,1.0,Credit Card,Delivered,3824,0,3824.0
504891,2026-03-25 13:38:43.312331234,10324,20001,1.0,UPI,Returned,63388,0,63388.0
504892,2026-03-25 14:30:25.382538254,10341,20083,4.0,UPI,Delivered,9080,20,29056.0
504893,2026-03-25 15:22:07.452745274,10111,20074,4.0,Debit Card,Returned,5850,10,21060.0
504894,2026-03-25 16:13:49.522952296,10040,20085,2.0,Credit Card,Returned,11910,20,19056.0
504895,2026-03-25 17:05:31.593159316,10298,20013,4.0,Cash on Delivery,Returned,24693,0,98772.0
504896,2026-03-25 17:57:13.663366338,10479,20091,3.0,Net Banking,Delivered,412,10,1112.4
504897,2026-03-25 18:48:55.733573358,10092,20057,5.0,Debit Card,Returned,4302,0,21510.0
504898,2026-03-25 19:40:37.803780378,10246,20090,5.0,Cash on Delivery,Delivered,691,0,3455.0
504899,2026-03-25 20:32:19.873987400,10097,20073,5.0,Debit Card,Delivered,5411,0,27055.0
504900,2026-03-25 21:24:01.944194420,10146,20069,2.0,UPI,Delivered,3824,20,6118.4
504901,2026-03-25 22:15:44.014401440,10368,20004,3.0,UPI,Delivered,68919,0,206757.0
504902,2026-03-25 23:07:26.084608462,10172,20072,1.0,Net Banking,Delivered,3499,20,2799.2
504903,2026-03-25 23:59:08.154815482,10159,20047,5.0,UPI,Cancelled,20791,0,103955.0
504904,2026-03-26 00:50:50.225022502,10598,20089,1.0,Cash on Delivery,Delivered,507,10,456.3
504905,2026-03-26 01:42:32.295229524,10104,20072,2.0,UPI,Delivered,3499,5,6648.1
504906,2026-03-26 02:34:14.365436544,10114,20008,2.0,UPI,Delivered,36276,0,72552.0
504907,2026-03-26 03:25:56.435643564,10558,20093,4.0,Debit Card,Cancelled,2351,5,8933.8
504908,2026-03-26 04:17:38.505850586,10331,20007,3.0,Net Banking,Delivered,22213,10,59975.1
504909,2026-03-26 05:09:20.576057606,10026,20032,5.0,Net Banking,Cancelled,14051,0,70255.0
504910,2026-03-26 06:01:02.646264626,10255,20023,3.0,UPI,Cancelled,2698,10,7284.6
504911,2026-03-26 06:52:44.716471648,10340,20102,4.0,Credit Card,Delivered,2774,0,11096.0
504912,2026-03-26 07:44:26.786678668,10152,20016,2.0,Debit Card,Returned,24382,15,41449.4
504913,2026-03-26 08:36:08.856885688,10329,20088,2.0,Cash on Delivery,Delivered,7259,0,14518.0
504914,2026-03-26 09:27:50.927092710,10390,20024,5.0,UPI,Delivered,4109,0,20545.0
504915,2026-03-26 10:19:32.997299730,10151,20068,2.0,Debit Card,Delivered,1337,20,2139.2
504916,2026-03-26 11:11:15.067506752,10488,20010,2.0,UPI,Delivered,24340,0,48680.0
504917,2026-03-26 12:02:57.137713772,10272,20041,1.0,Debit Card,Returned,36528,0,36528.0
504918,2026-03-26 12:54:39.207920792,10579,20065,2.0,UPI,Delivered,1731,5,3288.9
504919,2026-03-26 13:46:21.278127814,10053,20074,1.0,Cash on Delivery,Delivered,5850,10,5265.0
504920,2026-03-26 14:38:03.348334834,10195,20091,1.0,UPI,Cancelled,412,5,391.4
504921,2026-03-26 15:29:45.418541854,10433,20085,4.0,Debit Card,Delivered,11910,0,47640.0
504922,2026-03-26 16:21:27.488748876,10537,20054,4.0,Debit Card,Delivered,1287,0,5148.0
504923,2026-03-26 17:13:09.558955896,10134,20032,3.0,UPI,Cancelled,14051,0,42153.0
504924,2026-03-26 18:04:51.629162916,10589,20028,1.0,UPI,Delivered,8241,0,8241.0
504925,2026-03-26 18:56:33.699369938,10117,20104,1.0,Credit Card,Cancelled,778,15,661.3
504926,2026-03-26 19:48:15.769576958,10250,20064,1.0,Debit Card,Delivered,3045,0,3045.0
504927,2026-03-26 20:39:57.839783978,10189,20095,3.0,Debit Card,Delivered,1791,10,4835.7
504928,2026-03-26 21:31:39.909991000,10255,20046,5.0,Credit Card,Delivered,18692,0,93460.0
504929,2026-03-26 22:23:21.980198020,10542,20051,2.0,UPI,Delivered,1170,10,2106.0
504930,2026-03-26 23:15:04.050405040,10440,20086,1.0,Cash on Delivery,Delivered,13579,0,13579.0
504931,2026-03-27 00:06:46.120612062,10478,20076,2.0,UPI,Delivered,6747,0,13494.0
504932,2026-03-27 00:58:28.190819082,10153,20021,5.0,Credit Card,Delivered,11517,0,57585.0
504933,2026-03-27 01:50:10.261026102,10569,20055,1.0,Cash on Delivery,Delivered,1081,0,1081.0
504934,2026-03-27 02:41:52.331233124,10262,20023,1.0,Cash on Delivery,Returned,2698,0,2698.0
504935,2026-03-27 03:33:34.401440144,10392,20080,2.0,UPI,Returned,8370,0,16740.0
504936,2026-03-27 04:25:16.471647166,10419,20004,5.0,UPI,Delivered,68919,10,310135.5
504937,2026-03-27 05:16:58.541854186,10398,20087,3.0,Debit Card,Delivered,9356,5,26664.6
504938,2026-03-27 06:08:40.612061206,10362,20097,2.0,UPI,Delivered,3648,0,7296.0
504939,2026-03-27 07:00:22.682268228,10289,20003,3.0,Debit Card,Delivered,53620,20,128688.0
504940,2026-03-27 07:52:04.752475248,10389,20066,1.0,Credit Card,Cancelled,1710,10,1539.0
504941,2026-03-27 08:43:46.822682268,10544,20009,4.0,UPI,Delivered,18553,0,74212.0
504942,2026-03-27 09:35:28.892889290,10234,20038,1.0,Credit Card,Delivered,9637,5,9155.15
504943,2026-03-27 10:27:10.963096310,10307,20035,2.0,Debit Card,Delivered,15331,0,30662.0
504944,2026-03-27 11:18:53.033303330,10109,20055,1.0,Net Banking,Cancelled,1081,0,1081.0
504945,2026-03-27 12:10:35.103510352,10214,20096,3.0,UPI,Delivered,3065,0,9195.0
504946,2026-03-27 13:02:17.173717372,10464,20049,1.0,UPI,Delivered,578,15,491.3
504947,2026-03-27 13:53:59.243924392,10385,20042,1.0,UPI,Cancelled,51100,0,51100.0
504948,2026-03-27 14:45:41.314131414,10127,20010,5.0,Debit Card,Delivered,24340,10,109530.0
504949,2026-03-27 15:37:23.384338434,10328,20093,2.0,Debit Card,Delivered,2351,0,4702.0
504950,2026-03-27 16:29:05.454545454,10488,20033,3.0,Net Banking,Delivered,16169,0,48507.0
504951,2026-03-27 17:20:47.524752476,10075,20049,2.0,Cash on Delivery,Delivered,578,0,1156.0
504952,2026-03-27 18:12:29.594959496,10038,20010,2.0,Credit Card,Returned,24340,0,48680.0
504953,2026-03-27 19:04:11.665166518,10236,20031,3.0,Cash on Delivery,Delivered,16301,20,39122.4
504954,2026-03-27 19:55:53.735373538,10394,20058,3.0,UPI,Returned,3049,0,9147.0
504955,2026-03-27 20:47:35.805580558,10188,20094,5.0,Credit Card,Returned,4584,5,21774.0
504956,2026-03-27 21:39:17.875787580,10493,20035,4.0,Credit Card,Cancelled,15331,0,61324.0
504957,2026-03-27 22:30:59.945994600,10509,20059,1.0,Debit Card,Delivered,5868,0,5868.0
504958,2026-03-27 23:22:42.016201620,10320,20092,1.0,Debit Card,Delivered,803,0,803.0
504959,2026-03-28 00:14:24.086408642,10228,20038,4.0,UPI,Delivered,9637,0,38548.0
504960,2026-03-28 01:06:06.156615662,10026,20031,1.0,Cash on Delivery,Delivered,16301,0,16301.0
504961,2026-03-28 01:57:48.226822682,10493,20005,1.0,Cash on Delivery,Delivered,55986,5,53186.7
504962,2026-03-28 02:49:30.297029704,10538,20095,1.0,Cash on Delivery,Delivered,1791,0,1791.0
504963,2026-03-28 03:41:12.367236724,10266,20012,2.0,Credit Card,Returned,15742,0,31484.0
504964,2026-03-28 04:32:54.437443744,10310,20023,2.0,Cash on Delivery,Cancelled,2698,0,5396.0
504965,2026-03-28 05:24:36.507650766,10453,20015,4.0,Net Banking,Cancelled,27789,20,88924.8
504966,2026-03-28 06:16:18.577857786,10418,20074,3.0,Debit Card,Delivered,5850,0,17550.0
504967,2026-03-28 07:08:00.648064806,10082,20038,3.0,Credit Card,Delivered,9637,10,26019.9
504968,2026-03-28 07:59:42.718271828,10404,20074,2.0,Net Banking,Returned,5850,0,11700.0
504969,2026-03-28 08:51:24.788478848,10555,20064,4.0,Debit Card,Delivered,3045,5,11571.0
504970,2026-03-28 09:43:06.858685868,10451,20002,5.0,Credit Card,Delivered,66297,15,281762.25
504971,2026-03-28 10:34:48.928892890,10289,20032,4.0,Cash on Delivery,Delivered,14051,15,47773.4
504972,2026-03-28 11:26:30.999099910,10314,20001,1.0,UPI,Delivered,63388,5,60218.6
504973,2026-03-28 12:18:13.069306932,10156,20007,1.0,Debit Card,Returned,22213,0,22213.0
504974,2026-03-28 13:09:55.139513952,10397,20050,1.0,UPI,Delivered,1390,15,1181.5
504975,2026-03-28 14:01:37.209720972,10145,20028,5.0,Credit Card,Delivered,8241,0,41205.0
504976,2026-03-28 14:53:19.279927994,10206,20010,3.0,UPI,Delivered,24340,5,69369.0
504977,2026-03-28 15:45:01.350135014,10160,20043,5.0,UPI,Cancelled,21634,10,97353.0
504978,2026-03-28 16:36:43.420342034,10202,20047,4.0,UPI,Delivered,20791,20,66531.2
504979,2026-03-28 17:28:25.490549056,10221,20104,2.0,UPI,Cancelled,778,0,1556.0
504980,2026-03-28 18:20:07.560756076,10050,20069,1.0,UPI,Delivered,3824,0,3824.0
504981,2026-03-28 19:11:49.630963096,10431,20041,1.0,Debit Card,Delivered,36528,0,36528.0
504982,2026-03-28 20:03:31.701170118,10265,20050,4.0,UPI,Delivered,1390,0,5560.0
504983,2026-03-28 20:55:13.771377138,10570,20010,1.0,UPI,Delivered,24340,20,19472.0
504984,2026-03-28 21:46:55.841584158,10109,20041,2.0,UPI,Delivered,36528,0,73056.0
504985,2026-03-28 22:38:37.911791180,10402,20061,4.0,UPI,Delivered,7110,15,24174.0
504986,2026-03-28 23:30:19.981998200,10108,20003,2.0,UPI,Cancelled,53620,20,85792.0
504987,2026-03-29 00:22:02.052205220,10329,20096,5.0,Cash on Delivery,Delivered,3065,0,15325.0
504988,2026-03-29 01:13:44.122412242,10295,20054,2.0,Credit Card,Returned,1287,0,2574.0
504989,2026-03-29 02:05:26.192619262,10270,20082,4.0,Credit Card,Returned,7271,20,23267.2
504990,2026-03-29 02:57:08.262826284,10393,20029,1.0,Credit Card,Returned,11176,15,9499.6
504991,2026-03-29 03:48:50.333033304,10497,20087,2.0,UPI,Returned,9356,0,18712.0
504992,2026-03-29 04:40:32.403240324,10191,20039,1.0,Debit Card,Delivered,5898,20,4718.4
504993,2026-03-29 05:32:14.473447346,10510,20097,1.0,Cash on Delivery,Delivered,3648,15,3100.8
504994,2026-03-29 06:23:56.543654366,10111,20055,5.0,UPI,Delivered,1081,0,5405.0
504995,2026-03-29 07:15:38.613861386,10176,20067,2.0,UPI,Returned,2588,0,5176.0
504996,2026-03-29 08:07:20.684068408,10187,20022,1.0,Debit Card,Cancelled,9827,0,9827.0
504997,2026-03-29 08:59:02.754275428,10573,20104,2.0,UPI,Delivered,778,5,1478.2
504998,2026-03-29 09:50:44.824482448,10072,20021,1.0,UPI,Returned,11517,15,9789.45
504999,2026-03-29 10:42:26.894689470,10238,20004,1.0,Debit Card,Delivered,68919,10,62027.1
505000,2026-03-29 11:34:08.964896490,10255,20046,5.0,Debit Card,Cancelled,18692,20,74768.0
505001,2026-03-29 12:25:51.035103510,10481,20087,1.0,UPI,Delivered,9356,0,9356.0
505002,2026-03-29 13:17:33.105310532,10292,20096,2.0,Net Banking,Cancelled,3065,20,4904.0
505003,2026-03-29 14:09:15.175517552,10581,20090,1.0,UPI,Returned,691,20,552.8
505004,2026-03-29 15:00:57.245724572,10445,20058,5.0,UPI,Returned,3049,0,15245.0
505005,2026-03-29 15:52:39.315931594,10423,20096,1.0,Debit Card,Delivered,3065,0,3065.0
505006,2026-03-29 16:44:21.386138614,10452,20052,2.0,Debit Card,Delivered,1561,0,3122.0
505007,2026-03-29 17:36:03.456345634,10097,20050,4.0,Debit Card,Delivered,1390,20,4448.0
505008,2026-03-29 18:27:45.526552656,10270,20019,2.0,Debit Card,Cancelled,1265,0,2530.0
505009,2026-03-29 19:19:27.596759676,10352,20082,2.0,Debit Card,Delivered,7271,0,14542.0
505010,2026-03-29 20:11:09.666966698,10126,20033,2.0,Net Banking,Delivered,16169,0,32338.0
505011,2026-03-29 21:02:51.737173718,10072,20021,2.0,Credit Card,Delivered,11517,0,23034.0
505012,2026-03-29 21:54:33.807380738,10082,20039,1.0,Credit Card,Delivered,5898,15,5013.3
505013,2026-03-29 22:46:15.877587760,10474,20063,2.0,Debit Card,Delivered,7613,0,15226.0
505014,2026-03-29 23:37:57.947794780,10395,20029,1.0,UPI,Delivered,11176,20,8940.8
505015,2026-03-30 00:29:40.018001800,10169,20038,5.0,Debit Card,Delivered,9637,0,48185.0
505016,2026-03-30 01:21:22.088208822,10443,20035,2.0,UPI,Delivered,15331,5,29128.9
505017,2026-03-30 02:13:04.158415842,10418,20063,4.0,Credit Card,Cancelled,7613,10,27406.8
505018,2026-03-30 03:04:46.228622862,10490,20075,1.0,Debit Card,Delivered,7740,15,6579.0
505019,2026-03-30 03:56:28.298829884,10547,20071,3.0,Debit Card,Returned,4484,10,12106.8
505020,2026-03-30 04:48:10.369036904,10530,20015,2.0,UPI,Delivered,27789,0,55578.0
505021,2026-03-30 05:39:52.439243924,10109,20037,3.0,Credit Card,Delivered,4164,15,10618.2
505022,2026-03-30 06:31:34.509450946,10462,20068,2.0,Net Banking,Delivered,1337,0,2674.0
505023,2026-03-30 07:23:16.579657966,10236,20023,3.0,Cash on Delivery,Returned,2698,5,7689.3
505024,2026-03-30 08:14:58.649864986,10242,20008,1.0,Credit Card,Cancelled,36276,20,29020.8
505025,2026-03-30 09:06:40.720072008,10389,20034,3.0,UPI,Cancelled,6711,5,19126.35
505026,2026-03-30 09:58:22.790279028,10362,20071,4.0,UPI,Delivered,4484,0,17936.0
505027,2026-03-30 10:50:04.860486048,10252,20070,2.0,Credit Card,Returned,4368,0,8736.0
505028,2026-03-30 11:41:46.930693070,10600,20014,1.0,UPI,Cancelled,13717,15,11659.45
505029,2026-03-30 12:33:29.000900090,10105,20071,2.0,Net Banking,Delivered,4484,10,8071.2
505030,2026-03-30 13:25:11.071107112,10059,20021,4.0,Credit Card,Delivered,11517,15,39157.8
505031,2026-03-30 14:16:53.141314132,10018,20078,2.0,Credit Card,Returned,7034,20,11254.4
505032,2026-03-30 15:08:35.211521152,10489,20059,1.0,Credit Card,Delivered,5868,10,5281.2
505033,2026-03-30 16:00:17.281728174,10244,20014,2.0,UPI,Delivered,13717,0,27434.0
505034,2026-03-30 16:51:59.351935194,10263,20037,5.0,Credit Card,Delivered,4164,10,18738.0
505035,2026-03-30 17:43:41.422142214,10390,20086,1.0,Credit Card,Delivered,13579,0,13579.0
505036,2026-03-30 18:35:23.492349236,10262,20046,2.0,UPI,Returned,18692,0,37384.0
505037,2026-03-30 19:27:05.562556256,10345,20072,1.0,Debit Card,Cancelled,3499,0,3499.0
505038,2026-03-30 20:18:47.632763276,10036,20078,3.0,Credit Card,Delivered,7034,5,20046.9
505039,2026-03-30 21:10:29.702970298,10094,20004,2.0,Credit Card,Delivered,68919,0,137838.0
505040,2026-03-30 22:02:11.773177318,10560,20097,2.0,Cash on Delivery,Delivered,3648,0,7296.0
505041,2026-03-30 22:53:53.843384338,10271,20035,2.0,UPI,Cancelled,15331,5,29128.9
505042,2026-03-30 23:45:35.913591360,10101,20083,2.0,Credit Card,Delivered,9080,0,18160.0
505043,2026-03-31 00:37:17.983798380,10222,20049,2.0,Net Banking,Delivered,578,0,1156.0
505044,2026-03-31 01:29:00.054005400,10201,20061,1.0,UPI,Returned,7110,15,6043.5
505045,2026-03-31 02:20:42.124212422,10165,20038,1.0,Credit Card,Delivered,9637,15,8191.45
505046,2026-03-31 03:12:24.194419442,10177,20089,3.0,Net Banking,Delivered,507,0,1521.0
505047,2026-03-31 04:04:06.264626464,10438,20013,1.0,Credit Card,Delivered,24693,0,24693.0
505048,2026-03-31 04:55:48.334833484,10065,20094,2.0,Cash on Delivery,Delivered,4584,5,8709.6
505049,2026-03-31 05:47:30.405040504,10186,20022,2.0,Credit Card,Returned,9827,0,19654.0
505050,2026-03-31 06:39:12.475247526,10281,20092,4.0,Credit Card,Delivered,803,20,2569.6
505051,2026-03-31 07:30:54.545454546,10325,20003,3.0,UPI,Delivered,53620,0,160860.0
505052,2026-03-31 08:22:36.615661566,10529,20002,2.0,UPI,Returned,66297,5,125964.3
505053,2026-03-31 09:14:18.685868588,10554,20010,1.0,Credit Card,Cancelled,24340,0,24340.0
505054,2026-03-31 10:06:00.756075608,10179,20057,3.0,UPI,Delivered,4302,5,12260.7
505055,2026-03-31 10:57:42.826282628,10324,20028,1.0,Credit Card,Cancelled,8241,15,7004.85
505056,2026-03-31 11:49:24.896489650,10014,20063,1.0,UPI,Delivered,7613,0,7613.0
505057,2026-03-31 12:41:06.966696670,10371,20086,1.0,UPI,Delivered,13579,20,10863.2
505058,2026-03-31 13:32:49.036903690,10092,20003,1.0,Credit Card,Delivered,53620,20,42896.0
505059,2026-03-31 14:24:31.107110712,10044,20055,2.0,Debit Card,Delivered,1081,5,2053.9
505060,2026-03-31 15:16:13.177317732,10404,20077,1.0,UPI,Returned,4744,0,4744.0
505061,2026-03-31 16:07:55.247524752,10107,20045,1.0,Debit Card,Returned,19570,0,19570.0
505062,2026-03-31 16:59:37.317731774,10287,20097,1.0,UPI,Cancelled,3648,15,3100.8
505063,2026-03-31 17:51:19.387938794,10061,20069,2.0,UPI,Returned,3824,15,6500.8
505064,2026-03-31 18:43:01.458145814,10448,20004,1.0,Cash on Delivery,Delivered,68919,5,65473.05
505065,2026-03-31 19:34:43.528352836,10459,20057,2.0,Cash on Delivery,Delivered,4302,10,7743.6
505066,2026-03-31 20:26:25.598559856,10345,20040,2.0,Credit Card,Delivered,9982,0,19964.0
505067,2026-03-31 21:18:07.668766878,10502,20014,5.0,Credit Card,Delivered,13717,10,61726.5
505068,2026-03-31 22:09:49.738973898,10263,20099,5.0,Net Banking,Cancelled,4248,15,18054.0
505069,2026-03-31 23:01:31.809180918,10112,20024,3.0,Credit Card,Delivered,4109,5,11710.65
505070,2026-03-31 23:53:13.879387940,10091,20009,2.0,UPI,Delivered,18553,10,33395.4
505071,2026-04-01 00:44:55.949594960,10132,20024,1.0,UPI,Cancelled,4109,5,3903.55
505072,2026-04-01 01:36:38.019801980,10121,20086,2.0,UPI,Returned,13579,0,27158.0
505073,2026-04-01 02:28:20.090009002,10194,20063,2.0,Net Banking,Delivered,7613,0,15226.0
505074,2026-04-01 03:20:02.160216022,10129,20086,1.0,Debit Card,Delivered,13579,0,13579.0
505075,2026-04-01 04:11:44.230423042,10355,20049,4.0,UPI,Delivered,578,0,2312.0
505076,2026-04-01 05:03:26.300630064,10090,20013,1.0,UPI,Delivered,24693,0,24693.0
505077,2026-04-01 05:55:08.370837084,10374,20041,1.0,UPI,Delivered,36528,20,29222.4
505078,2026-04-01 06:46:50.441044104,10201,20021,4.0,Debit Card,Delivered,11517,10,41461.2
505079,2026-04-01 07:38:32.511251126,10413,20058,5.0,Cash on Delivery,Returned,3049,0,15245.0
505080,2026-04-01 08:30:14.581458146,10308,20029,2.0,Credit Card,Delivered,11176,20,17881.6
505081,2026-04-01 09:21:56.651665166,10544,20101,2.0,Debit Card,Delivered,2343,0,4686.0
505082,2026-04-01 10:13:38.721872188,10264,20040,5.0,UPI,Delivered,9982,20,39928.0
505083,2026-04-01 11:05:20.792079208,10178,20033,1.0,Credit Card,Cancelled,16169,0,16169.0
505084,2026-04-01 11:57:02.862286230,10354,20103,2.0,Credit Card,Delivered,2822,0,5644.0
505085,2026-04-01 12:48:44.932493250,10396,20055,1.0,UPI,Delivered,1081,0,1081.0
505086,2026-04-01 13:40:27.002700270,10264,20018,2.0,Credit Card,Delivered,3166,0,6332.0
505087,2026-04-01 14:32:09.072907292,10336,20050,5.0,Net Banking,Delivered,1390,20,5560.0
505088,2026-04-01 15:23:51.143114312,10283,20027,2.0,UPI,Delivered,7598,5,14436.2
505089,2026-04-01 16:15:33.213321332,10184,20075,5.0,Credit Card,Delivered,7740,0,38700.0
505090,2026-04-01 17:07:15.283528354,10189,20060,2.0,Net Banking,Delivered,4824,0,9648.0
505091,2026-04-01 17:58:57.353735374,10545,20076,4.0,Net Banking,Returned,6747,5,25638.6
505092,2026-04-01 18:50:39.423942394,10406,20098,1.0,Credit Card,Returned,1112,5,1056.4
505093,2026-04-01 19:42:21.494149416,10058,20076,1.0,UPI,Cancelled,6747,15,5734.95
505094,2026-04-01 20:34:03.564356436,10578,20036,1.0,Net Banking,Returned,17380,0,17380.0
505095,2026-04-01 21:25:45.634563456,10428,20021,4.0,UPI,Delivered,11517,0,46068.0
505096,2026-04-01 22:17:27.704770478,10031,20056,2.0,UPI,Delivered,1999,15,3398.3
505097,2026-04-01 23:09:09.774977498,10437,20047,1.0,UPI,Delivered,20791,0,20791.0
505098,2026-04-02 00:00:51.845184518,10354,20033,1.0,Credit Card,Cancelled,16169,10,14552.1
505099,2026-04-02 00:52:33.915391540,10550,20085,2.0,Debit Card,Delivered,11910,0,23820.0
505100,2026-04-02 01:44:15.985598560,10294,20095,1.0,Net Banking,Delivered,1791,0,1791.0
505101,2026-04-02 02:35:58.055805580,10312,20040,3.0,Credit Card,Delivered,9982,0,29946.0
505102,2026-04-02 03:27:40.126012602,10189,20071,4.0,Cash on Delivery,Delivered,4484,15,15245.6
505103,2026-04-02 04:19:22.196219622,10193,20103,5.0,Credit Card,Returned,2822,0,14110.0
505104,2026-04-02 05:11:04.266426644,10371,20002,1.0,Debit Card,Returned,66297,0,66297.0
505105,2026-04-02 06:02:46.336633664,10497,20038,2.0,UPI,Delivered,9637,10,17346.6
505106,2026-04-02 06:54:28.406840684,10535,20077,2.0,UPI,Delivered,4744,0,9488.0
505107,2026-04-02 07:46:10.477047706,10463,20052,2.0,Credit Card,Returned,1561,0,3122.0
505108,2026-04-02 08:37:52.547254726,10366,20083,2.0,Debit Card,Delivered,9080,0,18160.0
505109,2026-04-02 09:29:34.617461746,10301,20050,1.0,UPI,Delivered,1390,10,1251.0
505110,2026-04-02 10:21:16.687668768,10204,20007,1.0,Credit Card,Delivered,22213,15,18881.05
505111,2026-04-02 11:12:58.757875788,10461,20046,2.0,UPI,Returned,18692,20,29907.2
505112,2026-04-02 12:04:40.828082808,10191,20043,1.0,Credit Card,Returned,21634,20,17307.2
505113,2026-04-02 12:56:22.898289830,10161,20088,1.0,UPI,Returned,7259,0,7259.0
505114,2026-04-02 13:48:04.968496850,10521,20016,2.0,UPI,Returned,24382,0,48764.0
505115,2026-04-02 14:39:47.038703870,10354,20017,4.0,UPI,Delivered,1945,0,7780.0
505116,2026-04-02 15:31:29.108910892,10213,20015,2.0,Net Banking,Delivered,27789,0,55578.0
505117,2026-04-02 16:23:11.179117912,10520,20060,1.0,Net Banking,Delivered,4824,0,4824.0
505118,2026-04-02 17:14:53.249324932,10578,20104,4.0,UPI,Delivered,778,10,2800.8
505119,2026-04-02 18:06:35.319531954,10191,20065,3.0,UPI,Returned,1731,0,5193.0
505120,2026-04-02 18:58:17.389738974,10313,20085,1.0,Credit Card,Cancelled,11910,0,11910.0
505121,2026-04-02 19:49:59.459945996,10291,20089,1.0,UPI,Returned,507,0,507.0
505122,2026-04-02 20:41:41.530153016,10421,20063,5.0,Net Banking,Delivered,7613,15,32355.25
505123,2026-04-02 21:33:23.600360036,10571,20064,2.0,Credit Card,Delivered,3045,5,5785.5
505124,2026-04-02 22:25:05.670567058,10330,20026,1.0,Net Banking,Returned,9415,0,9415.0
505125,2026-04-02 23:16:47.740774078,10479,20100,1.0,UPI,Returned,2214,0,2214.0
505126,2026-04-03 00:08:29.810981098,10358,20082,1.0,Cash on Delivery,Delivered,7271,10,6543.9
505127,2026-04-03 01:00:11.881188120,10533,20091,2.0,Debit Card,Returned,412,0,824.0
505128,2026-04-03 01:51:53.951395140,10243,20103,1.0,Debit Card,Cancelled,2822,20,2257.6
505129,2026-04-03 02:43:36.021602160,10232,20037,2.0,Cash on Delivery,Delivered,4164,0,8328.0
505130,2026-04-03 03:35:18.091809182,10254,20015,1.0,Credit Card,Delivered,27789,15,23620.65
505131,2026-04-03 04:27:00.162016202,10598,20090,3.0,UPI,Delivered,691,10,1865.7
505132,2026-04-03 05:18:42.232223222,10367,20050,2.0,Credit Card,Cancelled,1390,0,2780.0
505133,2026-04-03 06:10:24.302430244,10092,20100,5.0,Net Banking,Delivered,2214,0,11070.0
505134,2026-04-03 07:02:06.372637264,10025,20073,4.0,Net Banking,Delivered,5411,20,17315.2
505135,2026-04-03 07:53:48.442844284,10312,20027,1.0,Credit Card,Delivered,7598,15,6458.3
505136,2026-04-03 08:45:30.513051306,10484,20037,1.0,Debit Card,Delivered,4164,0,4164.0
505137,2026-04-03 09:37:12.583258326,10288,20064,2.0,UPI,Returned,3045,5,5785.5
505138,2026-04-03 10:28:54.653465346,10337,20042,1.0,UPI,Delivered,51100,15,43435.0
505139,2026-04-03 11:20:36.723672368,10480,20030,5.0,Credit Card,Returned,6241,0,31205.0
505140,2026-04-03 12:12:18.793879388,10310,20022,2.0,Credit Card,Delivered,9827,10,17688.6
505141,2026-04-03 13:04:00.864086410,10546,20068,1.0,UPI,Delivered,1337,10,1203.3
505142,2026-04-03 13:55:42.934293430,10383,20004,1.0,Debit Card,Delivered,68919,0,68919.0
505143,2026-04-03 14:47:25.004500450,10439,20010,4.0,Credit Card,Delivered,24340,0,97360.0
505144,2026-04-03 15:39:07.074707472,10469,20005,1.0,Credit Card,Returned,55986,0,55986.0
505145,2026-04-03 16:30:49.144914492,10377,20077,5.0,UPI,Delivered,4744,10,21348.0
505146,2026-04-03 17:22:31.215121512,10031,20004,1.0,UPI,Delivered,68919,15,58581.15
505147,2026-04-03 18:14:13.285328534,10257,20044,4.0,Debit Card,Delivered,32508,0,130032.0
505148,2026-04-03 19:05:55.355535554,10085,20013,2.0,Net Banking,Returned,24693,5,46916.7
505149,2026-04-03 19:57:37.425742574,10307,20062,2.0,UPI,Cancelled,2317,5,4402.3
505150,2026-04-03 20:49:19.495949596,10086,20004,1.0,Net Banking,Delivered,68919,20,55135.2
505151,2026-04-03 21:41:01.566156616,10306,20003,3.0,Net Banking,Delivered,53620,5,152817.0
505152,2026-04-03 22:32:43.636363636,10207,20043,3.0,Net Banking,Cancelled,21634,5,61656.9
505153,2026-04-03 23:24:25.706570658,10013,20073,2.0,Credit Card,Delivered,5411,5,10280.9
505154,2026-04-04 00:16:07.776777678,10075,20012,2.0,UPI,Delivered,15742,0,31484.0
505155,2026-04-04 01:07:49.846984698,10302,20052,2.0,Debit Card,Delivered,1561,10,2809.8
505156,2026-04-04 01:59:31.917191720,10048,20085,2.0,Credit Card,Delivered,11910,20,19056.0
505157,2026-04-04 02:51:13.987398740,10514,20066,5.0,UPI,Returned,1710,0,8550.0
505158,2026-04-04 03:42:56.057605760,10456,20079,1.0,Credit Card,Delivered,3686,0,3686.0
505159,2026-04-04 04:34:38.127812782,10426,20033,1.0,Credit Card,Delivered,16169,5,15360.55
505160,2026-04-04 05:26:20.198019802,10104,20098,4.0,Credit Card,Delivered,1112,15,3780.8
505161,2026-04-04 06:18:02.268226824,10478,20016,4.0,Cash on Delivery,Delivered,24382,0,97528.0
505162,2026-04-04 07:09:44.338433844,10381,20063,1.0,Credit Card,Delivered,7613,15,6471.05
505163,2026-04-04 08:01:26.408640864,10235,20046,2.0,UPI,Returned,18692,0,37384.0
505164,2026-04-04 08:53:08.478847886,10001,20004,1.0,Cash on Delivery,Cancelled,68919,0,68919.0
505165,2026-04-04 09:44:50.549054906,10318,20099,1.0,UPI,Returned,4248,0,4248.0
505166,2026-04-04 10:36:32.619261926,10478,20074,5.0,UPI,Returned,5850,5,27787.5
505167,2026-04-04 11:28:14.689468948,10021,20024,3.0,Net Banking,Cancelled,4109,10,11094.3
505168,2026-04-04 12:19:56.759675968,10032,20006,1.0,Cash on Delivery,Returned,34232,5,32520.4
505169,2026-04-04 13:11:38.829882988,10230,20071,4.0,Debit Card,Delivered,4484,10,16142.4
505170,2026-04-04 14:03:20.900090010,10307,20057,2.0,Credit Card,Cancelled,4302,15,7313.4
505171,2026-04-04 14:55:02.970297030,10285,20006,2.0,Credit Card,Delivered,34232,15,58194.4
505172,2026-04-04 15:46:45.040504050,10256,20103,4.0,Net Banking,Delivered,2822,15,9594.8
505173,2026-04-04 16:38:27.110711072,10154,20075,4.0,Cash on Delivery,Delivered,7740,5,29412.0
505174,2026-04-04 17:30:09.180918092,10036,20049,1.0,UPI,Cancelled,578,0,578.0
505175,2026-04-04 18:21:51.251125112,10019,20025,1.0,Net Banking,Delivered,5959,15,5065.15
505176,2026-04-04 19:13:33.321332134,10060,20029,1.0,Debit Card,Returned,11176,10,10058.4
505177,2026-04-04 20:05:15.391539154,10415,20047,5.0,UPI,Delivered,20791,20,83164.0
505178,2026-04-04 20:56:57.461746176,10472,20006,4.0,UPI,Delivered,34232,10,123235.2
505179,2026-04-04 21:48:39.531953196,10262,20039,3.0,UPI,Delivered,5898,0,17694.0
505180,2026-04-04 22:40:21.602160216,10047,20023,1.0,Cash on Delivery,Cancelled,2698,5,2563.1
505181,2026-04-04 23:32:03.672367238,10250,20012,4.0,Credit Card,Delivered,15742,15,53522.8
505182,2026-04-05 00:23:45.742574258,10592,20014,2.0,Debit Card,Returned,13717,20,21947.2
505183,2026-04-05 01:15:27.812781278,10150,20036,1.0,UPI,Returned,17380,0,17380.0
505184,2026-04-05 02:07:09.882988300,10295,20040,2.0,Net Banking,Delivered,9982,20,15971.2
505185,2026-04-05 02:58:51.953195320,10323,20037,2.0,Credit Card,Cancelled,4164,0,8328.0
505186,2026-04-05 03:50:34.023402340,10198,20072,1.0,Cash on Delivery,Delivered,3499,0,3499.0
505187,2026-04-05 04:42:16.093609362,10263,20055,5.0,Credit Card,Delivered,1081,20,4324.0
505188,2026-04-05 05:33:58.163816382,10284,20021,5.0,Net Banking,Delivered,11517,0,57585.0
505189,2026-04-05 06:25:40.234023402,10285,20102,1.0,Debit Card,Delivered,2774,0,2774.0
505190,2026-04-05 07:17:22.304230424,10431,20076,5.0,Credit Card,Cancelled,6747,15,28674.75
505191,2026-04-05 08:09:04.374437444,10349,20049,2.0,Cash on Delivery,Delivered,578,20,924.8
505192,2026-04-05 09:00:46.444644464,10033,20006,4.0,Credit Card,Delivered,34232,0,136928.0
505193,2026-04-05 09:52:28.514851486,10004,20096,4.0,Cash on Delivery,Delivered,3065,15,10421.0
505194,2026-04-05 10:44:10.585058506,10247,20078,2.0,UPI,Delivered,7034,10,12661.2
505195,2026-04-05 11:35:52.655265526,10545,20049,3.0,Debit Card,Delivered,578,20,1387.2
505196,2026-04-05 12:27:34.725472548,10023,20017,3.0,Cash on Delivery,Delivered,1945,5,5543.25
505197,2026-04-05 13:19:16.795679568,10043,20012,4.0,Cash on Delivery,Returned,15742,10,56671.2
505198,2026-04-05 14:10:58.865886590,10408,20031,2.0,Credit Card,Returned,16301,0,32602.0
505199,2026-04-05 15:02:40.936093610,10271,20024,3.0,Credit Card,Returned,4109,10,11094.3
505200,2026-04-05 15:54:23.006300630,10139,20022,5.0,Net Banking,Returned,9827,0,49135.0
505201,2026-04-05 16:46:05.076507652,10125,20043,5.0,UPI,Returned,21634,0,108170.0
505202,2026-04-05 17:37:47.146714672,10400,20005,1.0,Cash on Delivery,Delivered,55986,0,55986.0
505203,2026-04-05 18:29:29.216921692,10315,20034,2.0,UPI,Delivered,6711,0,13422.0
505204,2026-04-05 19:21:11.287128714,10383,20091,2.0,UPI,Delivered,412,0,824.0
505205,2026-04-05 20:12:53.357335734,10169,20091,2.0,Debit Card,Returned,412,15,700.4
505206,2026-04-05 21:04:35.427542754,10316,20001,3.0,Credit Card,Delivered,63388,0,190164.0
505207,2026-04-05 21:56:17.497749776,10517,20071,4.0,UPI,Cancelled,4484,0,17936.0
505208,2026-04-05 22:47:59.567956796,10190,20104,2.0,UPI,Cancelled,778,20,1244.8
505209,2026-04-05 23:39:41.638163816,10238,20061,3.0,Cash on Delivery,Delivered,7110,5,20263.5
505210,2026-04-06 00:31:23.708370838,10099,20041,5.0,Credit Card,Delivered,36528,10,164376.0
505211,2026-04-06 01:23:05.778577858,10384,20052,1.0,Cash on Delivery,Delivered,1561,20,1248.8
505212,2026-04-06 02:14:47.848784878,10020,20023,3.0,UPI,Delivered,2698,20,6475.2
505213,2026-04-06 03:06:29.918991900,10150,20042,1.0,Credit Card,Delivered,51100,0,51100.0
505214,2026-04-06 03:58:11.989198920,10428,20098,5.0,UPI,Delivered,1112,5,5282.0
505215,2026-04-06 04:49:54.059405942,10012,20064,2.0,Credit Card,Delivered,3045,15,5176.5
505216,2026-04-06 05:41:36.129612962,10594,20045,2.0,UPI,Returned,19570,5,37183.0
505217,2026-04-06 06:33:18.199819982,10243,20013,4.0,UPI,Returned,24693,0,98772.0
505218,2026-04-06 07:25:00.270027004,10240,20095,1.0,Credit Card,Returned,1791,5,1701.45
505219,2026-04-06 08:16:42.340234024,10322,20017,2.0,Debit Card,Delivered,1945,0,3890.0
505220,2026-04-06 09:08:24.410441044,10384,20076,4.0,Credit Card,Delivered,6747,20,21590.4
505221,2026-04-06 10:00:06.480648066,10276,20032,4.0,Credit Card,Returned,14051,10,50583.6
505222,2026-04-06 10:51:48.550855086,10531,20029,1.0,Credit Card,Delivered,11176,0,11176.0
505223,2026-04-06 11:43:30.621062106,10578,20018,4.0,Credit Card,Delivered,3166,5,12030.8
505224,2026-04-06 12:35:12.691269128,10121,20040,1.0,Debit Card,Cancelled,9982,0,9982.0
505225,2026-04-06 13:26:54.761476148,10425,20071,1.0,Net Banking,Delivered,4484,15,3811.4
505226,2026-04-06 14:18:36.831683168,10181,20044,4.0,Net Banking,Delivered,32508,5,123530.4
505227,2026-04-06 15:10:18.901890190,10598,20003,2.0,UPI,Delivered,53620,0,107240.0
505228,2026-04-06 16:02:00.972097210,10152,20028,2.0,Credit Card,Delivered,8241,5,15657.9
505229,2026-04-06 16:53:43.042304230,10178,20017,2.0,Net Banking,Delivered,1945,0,3890.0
505230,2026-04-06 17:45:25.112511252,10429,20042,5.0,Cash on Delivery,Returned,51100,0,255500.0
505231,2026-04-06 18:37:07.182718272,10474,20094,1.0,Credit Card,Returned,4584,20,3667.2
505232,2026-04-06 19:28:49.252925292,10078,20101,1.0,Credit Card,Delivered,2343,10,2108.7
505233,2026-04-06 20:20:31.323132314,10334,20104,2.0,Debit Card,Delivered,778,5,1478.2
505234,2026-04-06 21:12:13.393339334,10208,20012,4.0,Cash on Delivery,Delivered,15742,5,59819.6
505235,2026-04-06 22:03:55.463546356,10368,20051,2.0,Credit Card,Delivered,1170,5,2223.0
505236,2026-04-06 22:55:37.533753376,10335,20005,3.0,UPI,Delivered,55986,0,167958.0
505237,2026-04-06 23:47:19.603960396,10592,20052,4.0,Net Banking,Delivered,1561,0,6244.0
505238,2026-04-07 00:39:01.674167418,10561,20060,5.0,Debit Card,Delivered,4824,15,20502.0
505239,2026-04-07 01:30:43.744374438,10393,20081,2.0,UPI,Cancelled,14773,20,23636.8
505240,2026-04-07 02:22:25.814581458,10408,20035,2.0,UPI,Delivered,15331,0,30662.0
505241,2026-04-07 03:14:07.884788480,10540,20004,1.0,Credit Card,Delivered,68919,20,55135.2
505242,2026-04-07 04:05:49.954995500,10111,20048,1.0,Debit Card,Delivered,23385,0,23385.0
505243,2026-04-07 04:57:32.025202520,10436,20045,2.0,Net Banking,Delivered,19570,5,37183.0
505244,2026-04-07 05:49:14.095409542,10464,20065,3.0,UPI,Cancelled,1731,15,4414.05
505245,2026-04-07 06:40:56.165616562,10077,20011,4.0,UPI,Cancelled,32685,0,130740.0
505246,2026-04-07 07:32:38.235823582,10529,20064,2.0,Debit Card,Delivered,3045,20,4872.0
505247,2026-04-07 08:24:20.306030604,10420,20042,2.0,UPI,Delivered,51100,20,81760.0
505248,2026-04-07 09:16:02.376237624,10209,20077,4.0,Credit Card,Cancelled,4744,0,18976.0
505249,2026-04-07 10:07:44.446444644,10291,20103,1.0,Credit Card,Delivered,2822,20,2257.6
505250,2026-04-07 10:59:26.516651666,10294,20024,1.0,UPI,Delivered,4109,0,4109.0
505251,2026-04-07 11:51:08.586858686,10552,20079,5.0,Net Banking,Delivered,3686,5,17508.5
505252,2026-04-07 12:42:50.657065706,10582,20014,2.0,UPI,Delivered,13717,0,27434.0
505253,2026-04-07 13:34:32.727272728,10485,20103,1.0,Debit Card,Delivered,2822,10,2539.8
505254,2026-04-07 14:26:14.797479748,10392,20051,1.0,Debit Card,Delivered,1170,0,1170.0
505255,2026-04-07 15:17:56.867686770,10063,20078,1.0,Credit Card,Delivered,7034,5,6682.3
505256,2026-04-07 16:09:38.937893790,10549,20081,1.0,Net Banking,Returned,14773,15,12557.05
505257,2026-04-07 17:01:21.008100810,10081,20064,2.0,UPI,Delivered,3045,0,6090.0
505258,2026-04-07 17:53:03.078307832,10101,20040,4.0,Net Banking,Delivered,9982,15,33938.8
505259,2026-04-07 18:44:45.148514852,10042,20079,3.0,UPI,Delivered,3686,10,9952.2
505260,2026-04-07 19:36:27.218721872,10569,20050,5.0,Cash on Delivery,Returned,1390,0,6950.0
505261,2026-04-07 20:28:09.288928894,10296,20069,4.0,UPI,Delivered,3824,10,13766.4
505262,2026-04-07 21:19:51.359135914,10142,20064,1.0,Credit Card,Delivered,3045,0,3045.0
505263,2026-04-07 22:11:33.429342934,10049,20049,1.0,UPI,Delivered,578,5,549.1
505264,2026-04-07 23:03:15.499549956,10248,20013,1.0,Credit Card,Delivered,24693,10,22223.7
505265,2026-04-07 23:54:57.569756976,10435,20031,4.0,UPI,Delivered,16301,15,55423.4
505266,2026-04-08 00:46:39.639963996,10597,20098,1.0,UPI,Delivered,1112,0,1112.0
505267,2026-04-08 01:38:21.710171018,10332,20055,3.0,UPI,Cancelled,1081,5,3080.85
505268,2026-04-08 02:30:03.780378038,10365,20067,2.0,UPI,Cancelled,2588,5,4917.2
505269,2026-04-08 03:21:45.850585058,10502,20027,5.0,Debit Card,Cancelled,7598,20,30392.0
505270,2026-04-08 04:13:27.920792080,10542,20074,2.0,Credit Card,Delivered,5850,15,9945.0
505271,2026-04-08 05:05:09.990999100,10168,20051,5.0,UPI,Returned,1170,0,5850.0
505272,2026-04-08 05:56:52.061206122,10596,20023,1.0,Cash on Delivery,Delivered,2698,0,2698.0
505273,2026-04-08 06:48:34.131413142,10312,20016,4.0,Debit Card,Returned,24382,20,78022.4
505274,2026-04-08 07:40:16.201620162,10559,20042,2.0,,Delivered,51100,0,102200.0
505275,2026-04-08 08:31:58.271827184,10071,20059,1.0,Credit Card,Delivered,5868,0,5868.0
505276,2026-04-08 09:23:40.342034204,10059,20030,1.0,Credit Card,Returned,6241,0,6241.0
505277,2026-04-08 10:15:22.412241224,10531,20026,1.0,Credit Card,Delivered,9415,0,9415.0
505278,2026-04-08 11:07:04.482448246,10404,20029,1.0,Net Banking,Cancelled,11176,0,11176.0
505279,2026-04-08 11:58:46.552655266,10106,20031,5.0,Credit Card,Delivered,16301,10,73354.5
505280,2026-04-08 12:50:28.622862286,10537,20077,1.0,Cash on Delivery,Delivered,4744,5,4506.8
505281,2026-04-08 13:42:10.693069308,10062,20052,2.0,Debit Card,Cancelled,1561,0,3122.0
505282,2026-04-08 14:33:52.763276328,10410,20049,2.0,Cash on Delivery,Delivered,578,10,1040.4
505283,2026-04-08 15:25:34.833483348,10124,20017,2.0,Credit Card,Delivered,1945,0,3890.0
505284,2026-04-08 16:17:16.903690370,10043,20057,3.0,Debit Card,Delivered,4302,5,12260.7
505285,2026-04-08 17:08:58.973897390,10484,20101,5.0,Debit Card,Returned,2343,15,9957.75
505286,2026-04-08 18:00:41.044104410,10509,20078,5.0,Debit Card,Delivered,7034,0,35170.0
505287,2026-04-08 18:52:23.114311432,10064,20047,4.0,UPI,Delivered,20791,0,83164.0
505288,2026-04-08 19:44:05.184518452,10056,20032,2.0,UPI,Delivered,14051,20,22481.6
505289,2026-04-08 20:35:47.254725472,10369,20037,3.0,UPI,Delivered,4164,15,10618.2
505290,2026-04-08 21:27:29.324932494,10018,20003,1.0,UPI,Delivered,53620,15,45577.0
505291,2026-04-08 22:19:11.395139514,10448,20004,5.0,Cash on Delivery,Cancelled,68919,0,344595.0
505292,2026-04-08 23:10:53.465346536,10550,20081,1.0,Debit Card,Delivered,14773,0,14773.0
505293,2026-04-09 00:02:35.535553556,10451,20088,1.0,UPI,Delivered,7259,0,7259.0
505294,2026-04-09 00:54:17.605760576,10139,20101,4.0,Credit Card,Delivered,2343,0,9372.0
505295,2026-04-09 01:45:59.675967598,10115,20066,4.0,UPI,Returned,1710,0,6840.0
505296,2026-04-09 02:37:41.746174618,10409,20097,1.0,Net Banking,Delivered,3648,0,3648.0
505297,2026-04-09 03:29:23.816381638,10037,20044,5.0,Cash on Delivery,Delivered,32508,5,154413.0
505298,2026-04-09 04:21:05.886588660,10323,20027,1.0,UPI,Delivered,7598,10,6838.2
505299,2026-04-09 05:12:47.956795680,10270,20026,1.0,Credit Card,Cancelled,9415,0,9415.0
505300,2026-04-09 06:04:30.027002700,10447,20025,5.0,Cash on Delivery,Delivered,5959,15,25325.75
505301,2026-04-09 06:56:12.097209722,10122,20078,1.0,Debit Card,Delivered,7034,0,7034.0
505302,2026-04-09 07:47:54.167416742,10458,20002,1.0,Net Banking,Cancelled,66297,5,62982.15
505303,2026-04-09 08:39:36.237623762,10420,20099,4.0,UPI,Delivered,4248,0,16992.0
505304,2026-04-09 09:31:18.307830784,10144,20081,2.0,UPI,Cancelled,14773,0,29546.0
505305,2026-04-09 10:23:00.378037804,10215,20040,2.0,Debit Card,Cancelled,9982,0,19964.0
505306,2026-04-09 11:14:42.448244824,10040,20073,5.0,UPI,Delivered,5411,0,27055.0
505307,2026-04-09 12:06:24.518451846,10270,20015,1.0,Net Banking,Delivered,27789,10,25010.1
505308,2026-04-09 12:58:06.588658866,10157,20045,5.0,Debit Card,Delivered,19570,0,97850.0
505309,2026-04-09 13:49:48.658865888,10069,20012,1.0,UPI,Delivered,15742,5,14954.9
505310,2026-04-09 14:41:30.729072908,10336,20012,2.0,Credit Card,Returned,15742,0,31484.0
505311,2026-04-09 15:33:12.799279928,10341,20001,1.0,Net Banking,Delivered,63388,0,63388.0
505312,2026-04-09 16:24:54.869486950,10052,20083,1.0,Cash on Delivery,Delivered,9080,0,9080.0
505313,2026-04-09 17:16:36.939693970,10112,20078,1.0,UPI,Cancelled,7034,0,7034.0
505314,2026-04-09 18:08:19.009900990,10050,20093,2.0,Net Banking,Cancelled,2351,5,4466.9
505315,2026-04-09 19:00:01.080108012,10408,20103,5.0,UPI,Returned,2822,20,11288.0
505316,2026-04-09 19:51:43.150315032,10203,20101,1.0,Cash on Delivery,Delivered,2343,10,2108.7
505317,2026-04-09 20:43:25.220522052,10043,20104,3.0,Debit Card,Delivered,778,0,2334.0
505318,2026-04-09 21:35:07.290729074,10115,20002,4.0,UPI,Returned,66297,15,225409.8
505319,2026-04-09 22:26:49.360936094,10586,20082,3.0,Debit Card,Cancelled,7271,20,17450.4
505320,2026-04-09 23:18:31.431143114,10154,20076,5.0,Debit Card,Cancelled,6747,15,28674.75
505321,2026-04-10 00:10:13.501350136,10411,20017,1.0,Debit Card,Returned,1945,0,1945.0
505322,2026-04-10 01:01:55.571557156,10282,20015,1.0,UPI,Delivered,27789,0,27789.0
505323,2026-04-10 01:53:37.641764176,10110,20102,2.0,Debit Card,Delivered,2774,20,4438.4
505324,2026-04-10 02:45:19.711971198,10185,20092,2.0,Net Banking,Delivered,803,20,1284.8
505325,2026-04-10 03:37:01.782178218,10009,20035,1.0,UPI,Returned,15331,0,15331.0
505326,2026-04-10 04:28:43.852385238,10449,20008,1.0,UPI,Delivered,36276,5,34462.2
505327,2026-04-10 05:20:25.922592260,10201,20035,4.0,Cash on Delivery,Delivered,15331,5,58257.8
505328,2026-04-10 06:12:07.992799280,10300,20001,1.0,Debit Card,Cancelled,63388,20,50710.4
505329,2026-04-10 07:03:50.063006302,10092,20072,5.0,Credit Card,Returned,3499,0,17495.0
505330,2026-04-10 07:55:32.133213322,10495,20040,1.0,Net Banking,Delivered,9982,10,8983.8
505331,2026-04-10 08:47:14.203420342,10132,20006,2.0,UPI,Delivered,34232,20,54771.2
505332,2026-04-10 09:38:56.273627364,10340,20102,2.0,Net Banking,Cancelled,2774,0,5548.0
505333,2026-04-10 10:30:38.343834384,10524,20086,5.0,Credit Card,Returned,13579,0,67895.0
505334,2026-04-10 11:22:20.414041404,10428,20095,4.0,UPI,Delivered,1791,0,7164.0
505335,2026-04-10 12:14:02.484248426,10362,20104,1.0,Cash on Delivery,Delivered,778,15,661.3
505336,2026-04-10 13:05:44.554455446,10533,20002,3.0,Debit Card,Returned,66297,0,198891.0
505337,2026-04-10 13:57:26.624662466,10106,20081,1.0,UPI,Delivered,14773,0,14773.0
505338,2026-04-10 14:49:08.694869488,10579,20082,4.0,Cash on Delivery,Delivered,7271,5,27629.8
505339,2026-04-10 15:40:50.765076508,10334,20082,4.0,Cash on Delivery,Returned,7271,5,27629.8
505340,2026-04-10 16:32:32.835283528,10246,20028,1.0,Net Banking,Delivered,8241,0,8241.0
505341,2026-04-10 17:24:14.905490550,10154,20041,1.0,UPI,Cancelled,36528,15,31048.8
505342,2026-04-10 18:15:56.975697570,10447,20097,4.0,UPI,Returned,3648,5,13862.4
505343,2026-04-10 19:07:39.045904590,10586,20007,5.0,Debit Card,Delivered,22213,5,105511.75
505344,2026-04-10 19:59:21.116111612,10415,20067,2.0,Cash on Delivery,Delivered,2588,0,5176.0
505345,2026-04-10 20:51:03.186318632,10020,20083,1.0,UPI,Delivered,9080,10,8172.0
505346,2026-04-10 21:42:45.256525652,10282,20083,2.0,Credit Card,Delivered,9080,15,15436.0
505347,2026-04-10 22:34:27.326732674,10440,20063,4.0,UPI,Cancelled,7613,15,25884.2
505348,2026-04-10 23:26:09.396939694,10239,20080,2.0,Credit Card,Delivered,8370,0,16740.0
505349,2026-04-11 00:17:51.467146716,10464,20095,1.0,Debit Card,Delivered,1791,5,1701.45
505350,2026-04-11 01:09:33.537353736,10425,20080,1.0,UPI,Delivered,8370,0,8370.0
505351,2026-04-11 02:01:15.607560756,10041,20013,1.0,Debit Card,Delivered,24693,0,24693.0
505352,2026-04-11 02:52:57.677767778,10335,20026,2.0,Debit Card,Cancelled,9415,20,15064.0
505353,2026-04-11 03:44:39.747974798,10104,20032,2.0,Credit Card,Delivered,14051,0,28102.0
505354,2026-04-11 04:36:21.818181818,10292,20036,2.0,Cash on Delivery,Delivered,17380,0,34760.0
505355,2026-04-11 05:28:03.888388840,10231,20038,5.0,UPI,Delivered,9637,15,40957.25
505356,2026-04-11 06:19:45.958595860,10485,20023,3.0,UPI,Returned,2698,10,7284.6
505357,2026-04-11 07:11:28.028802880,10521,20072,2.0,Credit Card,Returned,3499,0,6998.0
505358,2026-04-11 08:03:10.099009902,10277,20012,1.0,Credit Card,Delivered,15742,0,15742.0
505359,2026-04-11 08:54:52.169216922,10323,20082,3.0,UPI,Delivered,7271,10,19631.7
505360,2026-04-11 09:46:34.239423942,10376,20069,5.0,Cash on Delivery,Returned,3824,20,15296.0
505361,2026-04-11 10:38:16.309630964,10394,20100,1.0,UPI,Delivered,2214,0,2214.0
505362,2026-04-11 11:29:58.379837984,10382,20001,1.0,UPI,Returned,63388,0,63388.0
505363,2026-04-11 12:21:40.450045004,10470,20031,1.0,Net Banking,Delivered,16301,20,13040.8
505364,2026-04-11 13:13:22.520252026,10590,20094,1.0,Cash on Delivery,Delivered,4584,15,3896.4
505365,2026-04-11 14:05:04.590459046,10497,20052,1.0,Credit Card,Returned,1561,10,1404.9
505366,2026-04-11 14:56:46.660666068,10081,20059,2.0,UPI,Delivered,5868,0,11736.0
505367,2026-04-11 15:48:28.730873088,10286,20004,4.0,UPI,Delivered,68919,5,261892.2
505368,2026-04-11 16:40:10.801080108,10277,20080,5.0,UPI,Cancelled,8370,0,41850.0
505369,2026-04-11 17:31:52.871287130,10306,20027,1.0,Credit Card,Delivered,7598,15,6458.3
505370,2026-04-11 18:23:34.941494150,10318,20101,3.0,Debit Card,Delivered,2343,5,6677.55
505371,2026-04-11 19:15:17.011701170,10431,20039,1.0,Credit Card,Cancelled,5898,15,5013.3
505372,2026-04-11 20:06:59.081908192,10253,20020,1.0,Credit Card,Returned,1219,20,975.2
505373,2026-04-11 20:58:41.152115212,10159,20062,2.0,Debit Card,Delivered,2317,0,4634.0
505374,2026-04-11 21:50:23.222322232,10275,20050,3.0,UPI,Delivered,1390,20,3336.0
505375,2026-04-11 22:42:05.292529254,10513,20049,2.0,UPI,Cancelled,578,0,1156.0
505376,2026-04-11 23:33:47.362736274,10187,20099,1.0,Net Banking,Delivered,4248,0,4248.0
505377,2026-04-12 00:25:29.432943294,10013,20038,2.0,UPI,Delivered,9637,5,18310.3
505378,2026-04-12 01:17:11.503150316,10586,20042,1.0,UPI,Delivered,51100,0,51100.0
505379,2026-04-12 02:08:53.573357336,10118,20065,1.0,UPI,Cancelled,1731,0,1731.0
505380,2026-04-12 03:00:35.643564356,10362,20018,1.0,Credit Card,Delivered,3166,10,2849.4
505381,2026-04-12 03:52:17.713771378,10481,20087,2.0,Debit Card,Delivered,9356,0,18712.0
505382,2026-04-12 04:43:59.783978398,10165,20024,1.0,Credit Card,Delivered,4109,10,3698.1
505383,2026-04-12 05:35:41.854185418,10205,20026,3.0,Credit Card,Delivered,9415,0,28245.0
505384,2026-04-12 06:27:23.924392440,10169,20002,1.0,Credit Card,Delivered,66297,0,66297.0
505385,2026-04-12 07:19:05.994599460,10090,20036,1.0,UPI,Delivered,17380,0,17380.0
505386,2026-04-12 08:10:48.064806482,10092,20061,5.0,Net Banking,Delivered,7110,20,28440.0
505387,2026-04-12 09:02:30.135013502,10113,20074,3.0,Cash on Delivery,Delivered,5850,0,17550.0
505388,2026-04-12 09:54:12.205220522,10275,20094,2.0,Credit Card,Delivered,4584,5,8709.6
505389,2026-04-12 10:45:54.275427544,10319,20081,1.0,UPI,Returned,14773,0,14773.0
505390,2026-04-12 11:37:36.345634564,10010,20034,1.0,Net Banking,Delivered,6711,20,5368.8
505391,2026-04-12 12:29:18.415841584,10508,20086,5.0,UPI,Delivered,13579,0,67895.0
505392,2026-04-12 13:21:00.486048606,10406,20021,4.0,UPI,Returned,11517,0,46068.0
505393,2026-04-12 14:12:42.556255626,10043,20022,5.0,Cash on Delivery,Delivered,9827,5,46678.25
505394,2026-04-12 15:04:24.626462646,10506,20038,4.0,UPI,Delivered,9637,20,30838.4
505395,2026-04-12 15:56:06.696669668,10019,20057,1.0,UPI,Delivered,4302,0,4302.0
505396,2026-04-12 16:47:48.766876688,10337,20022,4.0,Credit Card,Delivered,9827,15,33411.8
505397,2026-04-12 17:39:30.837083708,10280,20094,2.0,Credit Card,Cancelled,4584,0,9168.0
505398,2026-04-12 18:31:12.907290730,10302,20029,3.0,Credit Card,Delivered,11176,0,33528.0
505399,2026-04-12 19:22:54.977497750,10574,20041,2.0,UPI,Returned,36528,15,62097.6
505400,2026-04-12 20:14:37.047704770,10557,20063,3.0,Debit Card,Delivered,7613,0,22839.0
505401,2026-04-12 21:06:19.117911792,10168,20045,4.0,UPI,Delivered,19570,10,70452.0
505402,2026-04-12 21:58:01.188118812,10348,20043,5.0,Cash on Delivery,Delivered,21634,0,108170.0
505403,2026-04-12 22:49:43.258325834,10576,20103,2.0,UPI,Delivered,2822,20,4515.2
505404,2026-04-12 23:41:25.328532854,10438,20046,1.0,UPI,Delivered,18692,0,18692.0
505405,2026-04-13 00:33:07.398739874,10533,20012,2.0,Credit Card,Cancelled,15742,20,25187.2
505406,2026-04-13 01:24:49.468946896,10261,20076,2.0,UPI,Delivered,6747,0,13494.0
505407,2026-04-13 02:16:31.539153916,10170,20074,1.0,Debit Card,Returned,5850,10,5265.0
505408,2026-04-13 03:08:13.609360936,10307,20023,3.0,UPI,Delivered,2698,0,8094.0
505409,2026-04-13 03:59:55.679567958,10491,20089,1.0,Credit Card,Delivered,507,15,430.95
505410,2026-04-13 04:51:37.749774978,10558,20041,2.0,UPI,Returned,36528,10,65750.4
505411,2026-04-13 05:43:19.819981998,10412,20016,3.0,Credit Card,Delivered,24382,0,73146.0
505412,2026-04-13 06:35:01.890189020,10424,20018,5.0,UPI,Delivered,3166,0,15830.0
505413,2026-04-13 07:26:43.960396040,10308,20075,2.0,UPI,Cancelled,7740,10,13932.0
505414,2026-04-13 08:18:26.030603060,10192,20023,5.0,UPI,Cancelled,2698,5,12815.5
505415,2026-04-13 09:10:08.100810082,10254,20049,4.0,Net Banking,Delivered,578,5,2196.4
505416,2026-04-13 10:01:50.171017102,10299,20077,1.0,Debit Card,Cancelled,4744,0,4744.0
505417,2026-04-13 10:53:32.241224122,10490,20089,4.0,UPI,Returned,507,10,1825.2
505418,2026-04-13 11:45:14.311431144,10334,20051,1.0,UPI,Delivered,1170,20,936.0
505419,2026-04-13 12:36:56.381638164,10476,20095,3.0,UPI,Returned,1791,0,5373.0
505420,2026-04-13 13:28:38.451845184,10017,20032,1.0,UPI,Delivered,14051,10,12645.9
505421,2026-04-13 14:20:20.522052206,10455,20091,2.0,Credit Card,Returned,412,20,659.2
505422,2026-04-13 15:12:02.592259226,10305,20027,3.0,Credit Card,Returned,7598,0,22794.0
505423,2026-04-13 16:03:44.662466248,10599,20007,5.0,Cash on Delivery,Returned,22213,0,111065.0
505424,2026-04-13 16:55:26.732673268,10284,20076,5.0,Net Banking,Delivered,6747,5,32048.25
505425,2026-04-13 17:47:08.802880288,10288,20079,4.0,UPI,Returned,3686,15,12532.4
505426,2026-04-13 18:38:50.873087310,10077,20097,2.0,UPI,Delivered,3648,10,6566.4
505427,2026-04-13 19:30:32.943294330,10485,20096,5.0,UPI,Delivered,3065,20,12260.0
505428,2026-04-13 20:22:15.013501350,10421,20011,1.0,UPI,Returned,32685,5,31050.75
505429,2026-04-13 21:13:57.083708372,10518,20065,5.0,Credit Card,Returned,1731,20,6924.0
505430,2026-04-13 22:05:39.153915392,10056,20074,1.0,UPI,Delivered,5850,5,5557.5
505431,2026-04-13 22:57:21.224122412,10127,20063,2.0,UPI,Delivered,7613,0,15226.0
505432,2026-04-13 23:49:03.294329434,10527,20002,5.0,UPI,Delivered,66297,10,298336.5
505433,2026-04-14 00:40:45.364536454,10026,20005,3.0,Debit Card,Delivered,55986,0,167958.0
505434,2026-04-14 01:32:27.434743474,10305,20070,4.0,UPI,Delivered,4368,10,15724.8
505435,2026-04-14 02:24:09.504950496,10243,20090,3.0,Cash on Delivery,Delivered,691,10,1865.7
505436,2026-04-14 03:15:51.575157516,10564,20019,2.0,Credit Card,Delivered,1265,0,2530.0
505437,2026-04-14 04:07:33.645364536,10515,20005,1.0,UPI,Delivered,55986,5,53186.7
505438,2026-04-14 04:59:15.715571558,10539,20043,5.0,Credit Card,Delivered,21634,0,108170.0
505439,2026-04-14 05:50:57.785778578,10174,20033,3.0,Credit Card,Delivered,16169,0,48507.0
505440,2026-04-14 06:42:39.855985598,10353,20103,3.0,Credit Card,Delivered,2822,10,7619.4
505441,2026-04-14 07:34:21.926192620,10421,20097,2.0,Credit Card,Delivered,3648,10,6566.4
505442,2026-04-14 08:26:03.996399640,10581,20059,5.0,UPI,Cancelled,5868,0,29340.0
505443,2026-04-14 09:17:46.066606662,10005,20099,2.0,UPI,Delivered,4248,20,6796.8
505444,2026-04-14 10:09:28.136813682,10587,20024,1.0,UPI,Delivered,4109,15,3492.65
505445,2026-04-14 11:01:10.207020702,10214,20104,1.0,Debit Card,Delivered,778,0,778.0
505446,2026-04-14 11:52:52.277227724,10077,20047,3.0,Debit Card,Returned,20791,5,59254.35
505447,2026-04-14 12:44:34.347434744,10370,20050,3.0,Debit Card,Delivered,1390,0,4170.0
505448,2026-04-14 13:36:16.417641764,10469,20006,1.0,Cash on Delivery,Returned,34232,0,34232.0
505449,2026-04-14 14:27:58.487848786,10078,20019,3.0,Credit Card,Cancelled,1265,10,3415.5
505450,2026-04-14 15:19:40.558055806,10025,20021,5.0,Cash on Delivery,Returned,11517,20,46068.0
505451,2026-04-14 16:11:22.628262826,10538,20051,2.0,Credit Card,Delivered,1170,10,2106.0
505452,2026-04-14 17:03:04.698469848,10561,20020,5.0,Credit Card,Delivered,1219,0,6095.0
505453,2026-04-14 17:54:46.768676868,10094,20011,1.0,Debit Card,Cancelled,32685,20,26148.0
505454,2026-04-14 18:46:28.838883888,10543,20063,2.0,UPI,Delivered,7613,5,14464.7
505455,2026-04-14 19:38:10.909090910,10546,20091,2.0,UPI,Cancelled,412,15,700.4
505456,2026-04-14 20:29:52.979297930,10599,20008,1.0,Credit Card,Delivered,36276,10,32648.4
505457,2026-04-14 21:21:35.049504950,10130,20059,1.0,UPI,Cancelled,5868,0,5868.0
505458,2026-04-14 22:13:17.119711972,10348,20100,2.0,UPI,Delivered,2214,0,4428.0
505459,2026-04-14 23:04:59.189918992,10597,20043,1.0,Net Banking,Delivered,21634,10,19470.6
505460,2026-04-14 23:56:41.260126014,10542,20020,1.0,Credit Card,Delivered,1219,20,975.2
505461,2026-04-15 00:48:23.330333034,10363,20009,1.0,UPI,Delivered,18553,20,14842.4
505462,2026-04-15 01:40:05.400540054,10119,20098,2.0,UPI,Cancelled,1112,20,1779.2
505463,2026-04-15 02:31:47.470747076,10051,20043,5.0,Cash on Delivery,Delivered,21634,0,108170.0
505464,2026-04-15 03:23:29.540954096,10156,20011,2.0,Cash on Delivery,Delivered,32685,20,52296.0
505465,2026-04-15 04:15:11.611161116,10040,20091,2.0,Debit Card,Delivered,412,0,824.0
505466,2026-04-15 05:06:53.681368138,10118,20084,2.0,UPI,Delivered,7386,0,14772.0
505467,2026-04-15 05:58:35.751575158,10045,20074,2.0,UPI,Returned,5850,10,10530.0
505468,2026-04-15 06:50:17.821782178,10458,20009,1.0,UPI,Delivered,18553,0,18553.0
505469,2026-04-15 07:41:59.891989200,10354,20009,4.0,Net Banking,Delivered,18553,0,74212.0
505470,2026-04-15 08:33:41.962196220,10311,20023,2.0,Credit Card,Delivered,2698,0,5396.0
505471,2026-04-15 09:25:24.032403240,10486,20017,2.0,Debit Card,Returned,1945,20,3112.0
505472,2026-04-15 10:17:06.102610262,10247,20056,1.0,UPI,Cancelled,1999,0,1999.0
505473,2026-04-15 11:08:48.172817282,10242,20041,5.0,Net Banking,Delivered,36528,0,182640.0
505474,2026-04-15 12:00:30.243024302,10125,20080,2.0,Credit Card,Delivered,8370,10,15066.0
505475,2026-04-15 12:52:12.313231324,10267,20011,1.0,Credit Card,Cancelled,32685,0,32685.0
505476,2026-04-15 13:43:54.383438344,10105,20076,1.0,Credit Card,Delivered,6747,0,6747.0
505477,2026-04-15 14:35:36.453645364,10354,20098,1.0,Credit Card,Delivered,1112,20,889.6
505478,2026-04-15 15:27:18.523852386,10599,20014,4.0,Cash on Delivery,Cancelled,13717,5,52124.6
505479,2026-04-15 16:19:00.594059406,10320,20068,1.0,Credit Card,Returned,1337,0,1337.0
505480,2026-04-15 17:10:42.664266428,10180,20053,1.0,Cash on Delivery,Returned,2733,20,2186.4
505481,2026-04-15 18:02:24.734473448,10413,20010,2.0,Credit Card,Cancelled,24340,0,48680.0
505482,2026-04-15 18:54:06.804680468,10493,20031,2.0,UPI,Delivered,16301,10,29341.8
505483,2026-04-15 19:45:48.874887490,10284,20082,5.0,UPI,Delivered,7271,0,36355.0
505484,2026-04-15 20:37:30.945094510,10151,20091,4.0,UPI,Delivered,412,0,1648.0
505485,2026-04-15 21:29:13.015301530,10429,20039,3.0,Net Banking,Delivered,5898,20,14155.2
505486,2026-04-15 22:20:55.085508552,10113,20012,1.0,UPI,Delivered,15742,0,15742.0
505487,2026-04-15 23:12:37.155715572,10599,20026,3.0,UPI,Delivered,9415,20,22596.0
505488,2026-04-16 00:04:19.225922592,10191,20088,2.0,UPI,Delivered,7259,0,14518.0
505489,2026-04-16 00:56:01.296129614,10211,20060,1.0,Debit Card,Delivered,4824,0,4824.0
505490,2026-04-16 01:47:43.366336634,10437,20045,1.0,Cash on Delivery,Delivered,19570,20,15656.0
505491,2026-04-16 02:39:25.436543654,10008,20002,5.0,Net Banking,Delivered,66297,15,281762.25
505492,2026-04-16 03:31:07.506750676,10122,20082,2.0,UPI,Delivered,7271,0,14542.0
505493,2026-04-16 04:22:49.576957696,10076,20049,2.0,Credit Card,Returned,578,15,982.6
505494,2026-04-16 05:14:31.647164716,10235,20057,4.0,UPI,Returned,4302,5,16347.6
505495,2026-04-16 06:06:13.717371738,10333,20088,1.0,Cash on Delivery,Delivered,7259,0,7259.0
505496,2026-04-16 06:57:55.787578758,10108,20059,1.0,UPI,Delivered,5868,0,5868.0
505497,2026-04-16 07:49:37.857785780,10207,20097,5.0,Cash on Delivery,Delivered,3648,0,18240.0
505498,2026-04-16 08:41:19.927992800,10464,20059,4.0,Net Banking,Delivered,5868,5,22298.4
505499,2026-04-16 09:33:01.998199820,10564,20036,2.0,Debit Card,Delivered,17380,20,27808.0
505500,2026-04-16 10:24:44.068406842,10009,20096,5.0,Debit Card,Cancelled,3065,5,14558.75
505501,2026-04-16 11:16:26.138613862,10377,20067,1.0,UPI,Delivered,2588,0,2588.0
505502,2026-04-16 12:08:08.208820882,10016,20080,3.0,UPI,Cancelled,8370,10,22599.0
505503,2026-04-16 12:59:50.279027904,10313,20024,1.0,Credit Card,Cancelled,4109,5,3903.55
505504,2026-04-16 13:51:32.349234924,10528,20070,3.0,UPI,Delivered,4368,0,13104.0
505505,2026-04-16 14:43:14.419441944,10479,20059,1.0,Debit Card,Delivered,5868,0,5868.0
505506,2026-04-16 15:34:56.489648966,10140,20011,1.0,Credit Card,Delivered,32685,10,29416.5
505507,2026-04-16 16:26:38.559855986,10156,20027,4.0,Cash on Delivery,Delivered,7598,5,28872.4
505508,2026-04-16 17:18:20.630063006,10471,20095,1.0,Net Banking,Cancelled,1791,5,1701.45
505509,2026-04-16 18:10:02.700270028,10492,20060,2.0,UPI,Delivered,4824,0,9648.0
505510,2026-04-16 19:01:44.770477048,10169,20081,5.0,UPI,Delivered,14773,0,73865.0
505511,2026-04-16 19:53:26.840684068,10002,20018,5.0,Credit Card,Returned,3166,0,15830.0
505512,2026-04-16 20:45:08.910891090,10267,20023,2.0,UPI,Delivered,2698,10,4856.4
505513,2026-04-16 21:36:50.981098110,10372,20098,1.0,Debit Card,Delivered,1112,0,1112.0
505514,2026-04-16 22:28:33.051305130,10267,20044,1.0,Debit Card,Returned,32508,0,32508.0
505515,2026-04-16 23:20:15.121512152,10561,20093,2.0,Debit Card,Cancelled,2351,20,3761.6
505516,2026-04-17 00:11:57.191719172,10489,20085,1.0,Credit Card,Delivered,11910,0,11910.0
505517,2026-04-17 01:03:39.261926194,10473,20036,3.0,Net Banking,Delivered,17380,0,52140.0
505518,2026-04-17 01:55:21.332133214,10013,20099,5.0,Debit Card,Cancelled,4248,20,16992.0
505519,2026-04-17 02:47:03.402340234,10513,20081,2.0,Cash on Delivery,Cancelled,14773,0,29546.0
505520,2026-04-17 03:38:45.472547256,10454,20014,2.0,Net Banking,Delivered,13717,0,27434.0
505521,2026-04-17 04:30:27.542754276,10239,20010,2.0,Debit Card,Delivered,24340,0,48680.0
505522,2026-04-17 05:22:09.612961296,10354,20014,1.0,UPI,Delivered,13717,0,13717.0
505523,2026-04-17 06:13:51.683168318,10495,20077,2.0,Net Banking,Returned,4744,0,9488.0
505524,2026-04-17 07:05:33.753375338,10544,20015,5.0,UPI,Cancelled,27789,20,111156.0
505525,2026-04-17 07:57:15.823582358,10331,20030,3.0,Credit Card,Returned,6241,15,15914.55
505526,2026-04-17 08:48:57.893789380,10025,20046,4.0,Credit Card,Cancelled,18692,0,74768.0
505527,2026-04-17 09:40:39.963996400,10372,20015,4.0,UPI,Delivered,27789,0,111156.0
505528,2026-04-17 10:32:22.034203420,10409,20035,2.0,UPI,Delivered,15331,10,27595.8
505529,2026-04-17 11:24:04.104410442,10036,20071,1.0,UPI,Delivered,4484,10,4035.6
505530,2026-04-17 12:15:46.174617462,10491,20102,5.0,Net Banking,Delivered,2774,15,11789.5
505531,2026-04-17 13:07:28.244824482,10121,20049,2.0,Debit Card,Returned,578,5,1098.2
505532,2026-04-17 13:59:10.315031504,10535,20078,3.0,Cash on Delivery,Cancelled,7034,0,21102.0
505533,2026-04-17 14:50:52.385238524,10331,20056,3.0,Net Banking,Delivered,1999,20,4797.6
505534,2026-04-17 15:42:34.455445544,10194,20049,1.0,Credit Card,Cancelled,578,0,578.0
505535,2026-04-17 16:34:16.525652566,10036,20055,1.0,Net Banking,Returned,1081,15,918.85
505536,2026-04-17 17:25:58.595859586,10011,20100,1.0,Credit Card,Delivered,2214,15,1881.9
505537,2026-04-17 18:17:40.666066608,10445,20007,1.0,UPI,Returned,22213,0,22213.0
505538,2026-04-17 19:09:22.736273628,10227,20054,4.0,Cash on Delivery,Delivered,1287,5,4890.6
505539,2026-04-17 20:01:04.806480648,10505,20006,5.0,Cash on Delivery,Delivered,34232,15,145486.0
505540,2026-04-17 20:52:46.876687670,10139,20092,5.0,UPI,Delivered,803,0,4015.0
505541,2026-04-17 21:44:28.946894690,10553,20063,1.0,Net Banking,Delivered,7613,15,6471.05
505542,2026-04-17 22:36:11.017101710,10565,20005,2.0,UPI,Delivered,55986,5,106373.4
505543,2026-04-17 23:27:53.087308732,10062,20065,1.0,Cash on Delivery,Delivered,1731,20,1384.8
505544,2026-04-18 00:19:35.157515752,10389,20046,1.0,Debit Card,Cancelled,18692,20,14953.6
505545,2026-04-18 01:11:17.227722772,10564,20005,2.0,UPI,Delivered,55986,20,89577.6
505546,2026-04-18 02:02:59.297929794,10194,20102,4.0,Net Banking,Delivered,2774,0,11096.0
505547,2026-04-18 02:54:41.368136814,10041,20040,1.0,Credit Card,Delivered,9982,15,8484.7
505548,2026-04-18 03:46:23.438343834,10526,20003,3.0,UPI,Delivered,53620,15,136731.0
505549,2026-04-18 04:38:05.508550856,10285,20064,1.0,Net Banking,Cancelled,3045,5,2892.75
505550,2026-04-18 05:29:47.578757876,10017,20040,4.0,Net Banking,Cancelled,9982,0,39928.0
505551,2026-04-18 06:21:29.648964896,10505,20069,1.0,Credit Card,Delivered,3824,0,3824.0
505552,2026-04-18 07:13:11.719171918,10408,20017,2.0,Debit Card,Cancelled,1945,5,3695.5
505553,2026-04-18 08:04:53.789378938,10043,20087,1.0,UPI,Cancelled,9356,20,7484.8
505554,2026-04-18 08:56:35.859585960,10156,20044,2.0,UPI,Cancelled,32508,20,52012.8
505555,2026-04-18 09:48:17.929792980,10011,20044,2.0,Debit Card,Delivered,32508,20,52012.8
505556,2026-04-18 10:40:00.000000000,10573,20084,2.0,UPI,Delivered,7386,20,11817.6
505557,2026-04-18 11:31:42.070207022,10015,20058,4.0,Credit Card,Delivered,3049,0,12196.0
505558,2026-04-18 12:23:24.140414042,10478,20001,5.0,Cash on Delivery,Delivered,63388,20,253552.0
505559,2026-04-18 13:15:06.210621062,10307,20061,1.0,Net Banking,Delivered,7110,5,6754.5
505560,2026-04-18 14:06:48.280828084,10350,20068,5.0,Credit Card,Delivered,1337,0,6685.0
505561,2026-04-18 14:58:30.351035104,10487,20033,2.0,Credit Card,Delivered,16169,0,32338.0
505562,2026-04-18 15:50:12.421242124,10537,20019,1.0,Cash on Delivery,Delivered,1265,0,1265.0
505563,2026-04-18 16:41:54.491449146,10077,20006,2.0,Net Banking,Delivered,34232,0,68464.0
505564,2026-04-18 17:33:36.561656166,10011,20089,3.0,UPI,Cancelled,507,0,1521.0
505565,2026-04-18 18:25:18.631863186,10075,20001,1.0,Credit Card,Returned,63388,0,63388.0
505566,2026-04-18 19:17:00.702070208,10410,20061,2.0,UPI,Delivered,7110,5,13509.0
505567,2026-04-18 20:08:42.772277228,10342,20087,2.0,UPI,Delivered,9356,0,18712.0
505568,2026-04-18 21:00:24.842484248,10051,20037,1.0,UPI,Delivered,4164,10,3747.6
505569,2026-04-18 21:52:06.912691270,10141,20021,2.0,Debit Card,Delivered,11517,15,19578.9
505570,2026-04-18 22:43:48.982898290,10323,20075,2.0,Net Banking,Delivered,7740,0,15480.0
505571,2026-04-18 23:35:31.053105310,10439,20066,1.0,Cash on Delivery,Cancelled,1710,0,1710.0
505572,2026-04-19 00:27:13.123312332,10207,20002,5.0,Credit Card,Delivered,66297,0,331485.0
505573,2026-04-19 01:18:55.193519352,10570,20061,2.0,Credit Card,Cancelled,7110,10,12798.0
505574,2026-04-19 02:10:37.263726374,10596,20001,3.0,UPI,Delivered,63388,0,190164.0
505575,2026-04-19 03:02:19.333933394,10460,20042,1.0,UPI,Delivered,51100,10,45990.0
505576,2026-04-19 03:54:01.404140414,10273,20032,1.0,UPI,Delivered,14051,15,11943.35
505577,2026-04-19 04:45:43.474347436,10527,20087,5.0,Cash on Delivery,Delivered,9356,15,39763.0
505578,2026-04-19 05:37:25.544554456,10437,20102,5.0,UPI,Delivered,2774,10,12483.0
505579,2026-04-19 06:29:07.614761476,10312,20073,5.0,Debit Card,Delivered,5411,0,27055.0
505580,2026-04-19 07:20:49.684968498,10267,20077,1.0,UPI,Cancelled,4744,15,4032.4
505581,2026-04-19 08:12:31.755175518,10500,20003,4.0,Credit Card,Delivered,53620,0,214480.0
505582,2026-04-19 09:04:13.825382538,10335,20007,1.0,Net Banking,Returned,22213,0,22213.0
505583,2026-04-19 09:55:55.895589560,10110,20081,1.0,Cash on Delivery,Delivered,14773,10,13295.7
505584,2026-04-19 10:47:37.965796580,10600,20045,1.0,UPI,Delivered,19570,15,16634.5
505585,2026-04-19 11:39:20.036003600,10042,20053,4.0,Cash on Delivery,Delivered,2733,10,9838.8
505586,2026-04-19 12:31:02.106210622,10418,20072,2.0,UPI,Returned,3499,0,6998.0
505587,2026-04-19 13:22:44.176417642,10394,20037,2.0,Net Banking,Delivered,4164,5,7911.6
505588,2026-04-19 14:14:26.246624662,10352,20071,5.0,UPI,Cancelled,4484,0,22420.0
505589,2026-04-19 15:06:08.316831684,10032,20076,1.0,Credit Card,Returned,6747,5,6409.65
505590,2026-04-19 15:57:50.387038704,10296,20025,1.0,Debit Card,Returned,5959,15,5065.15
505591,2026-04-19 16:49:32.457245726,10536,20072,5.0,Net Banking,Delivered,3499,20,13996.0
505592,2026-04-19 17:41:14.527452746,10144,20018,2.0,Net Banking,Delivered,3166,0,6332.0
505593,2026-04-19 18:32:56.597659766,10415,20033,4.0,UPI,Delivered,16169,0,64676.0
505594,2026-04-19 19:24:38.667866788,10516,20082,2.0,Net Banking,Delivered,7271,20,11633.6
505595,2026-04-19 20:16:20.738073808,10572,20103,1.0,UPI,Returned,2822,0,2822.0
505596,2026-04-19 21:08:02.808280828,10310,20007,2.0,UPI,Cancelled,22213,0,44426.0
505597,2026-04-19 21:59:44.878487850,10189,20068,5.0,UPI,Delivered,1337,20,5348.0
505598,2026-04-19 22:51:26.948694870,10420,20060,1.0,UPI,Delivered,4824,20,3859.2
505599,2026-04-19 23:43:09.018901890,10292,20064,1.0,UPI,Cancelled,3045,15,2588.25
505600,2026-04-20 00:34:51.089108912,10377,20082,1.0,Debit Card,Delivered,7271,20,5816.8
505601,2026-04-20 01:26:33.159315932,10446,20008,2.0,UPI,Returned,36276,0,72552.0
505602,2026-04-20 02:18:15.229522952,10427,20077,3.0,Credit Card,Delivered,4744,0,14232.0
505603,2026-04-20 03:09:57.299729974,10146,20030,1.0,UPI,Delivered,6241,20,4992.8
505604,2026-04-20 04:01:39.369936994,10454,20017,5.0,Debit Card,Cancelled,1945,5,9238.75
505605,2026-04-20 04:53:21.440144014,10326,20047,1.0,UPI,Cancelled,20791,0,20791.0
505606,2026-04-20 05:45:03.510351036,10559,20003,1.0,UPI,Delivered,53620,5,50939.0
505607,2026-04-20 06:36:45.580558056,10396,20066,5.0,Debit Card,Delivered,1710,15,7267.5
505608,2026-04-20 07:28:27.650765076,10536,20059,2.0,Cash on Delivery,Delivered,5868,5,11149.2
505609,2026-04-20 08:20:09.720972098,10588,20054,2.0,Cash on Delivery,Returned,1287,10,2316.6
505610,2026-04-20 09:11:51.791179118,10597,20004,2.0,UPI,Delivered,68919,5,130946.1
505611,2026-04-20 10:03:33.861386140,10447,20080,1.0,Cash on Delivery,Cancelled,8370,5,7951.5
505612,2026-04-20 10:55:15.931593160,10359,20004,2.0,Debit Card,Returned,68919,20,110270.4
505613,2026-04-20 11:46:58.001800180,10071,20028,4.0,Cash on Delivery,Delivered,8241,20,26371.2
505614,2026-04-20 12:38:40.072007202,10232,20042,1.0,UPI,Delivered,51100,0,51100.0
505615,2026-04-20 13:30:22.142214222,10286,20074,5.0,UPI,Delivered,5850,15,24862.5
505616,2026-04-20 14:22:04.212421242,10469,20043,1.0,UPI,Delivered,21634,15,18388.9
505617,2026-04-20 15:13:46.282628264,10354,20085,5.0,Net Banking,Delivered,11910,0,59550.0
505618,2026-04-20 16:05:28.352835284,10264,20098,5.0,UPI,Cancelled,1112,15,4726.0
505619,2026-04-20 16:57:10.423042304,10088,20080,5.0,UPI,Delivered,8370,10,37665.0
505620,2026-04-20 17:48:52.493249326,10430,20005,3.0,Credit Card,Cancelled,55986,15,142764.3
505621,2026-04-20 18:40:34.563456346,10260,20081,5.0,Cash on Delivery,Delivered,14773,15,62785.25
505622,2026-04-20 19:32:16.633663366,10022,20022,4.0,Credit Card,Returned,9827,20,31446.4
505623,2026-04-20 20:23:58.703870388,10171,20093,3.0,Debit Card,Delivered,2351,5,6700.35
505624,2026-04-20 21:15:40.774077408,10528,20102,5.0,UPI,Delivered,2774,0,13870.0
505625,2026-04-20 22:07:22.844284428,10072,20009,1.0,Cash on Delivery,Delivered,18553,0,18553.0
505626,2026-04-20 22:59:04.914491450,10244,20011,4.0,UPI,Returned,32685,0,130740.0
505627,2026-04-20 23:50:46.984698470,10308,20073,5.0,UPI,Delivered,5411,0,27055.0
505628,2026-04-21 00:42:29.054905490,10051,20015,3.0,Credit Card,Delivered,27789,10,75030.3
505629,2026-04-21 01:34:11.125112512,10100,20101,1.0,UPI,Delivered,2343,20,1874.4
505630,2026-04-21 02:25:53.195319532,10565,20057,1.0,Debit Card,Delivered,4302,15,3656.7
505631,2026-04-21 03:17:35.265526554,10355,20060,1.0,Debit Card,Delivered,4824,5,4582.8
505632,2026-04-21 04:09:17.335733574,10127,20090,2.0,UPI,Cancelled,691,5,1312.9
505633,2026-04-21 05:00:59.405940594,10102,20023,2.0,UPI,Delivered,2698,5,5126.2
505634,2026-04-21 05:52:41.476147616,10256,20058,4.0,UPI,Delivered,3049,0,12196.0
505635,2026-04-21 06:44:23.546354636,10435,20104,1.0,UPI,Delivered,778,10,700.2
505636,2026-04-21 07:36:05.616561656,10439,20003,1.0,Cash on Delivery,Delivered,53620,20,42896.0
505637,2026-04-21 08:27:47.686768678,10118,20019,2.0,Debit Card,Delivered,1265,0,2530.0
505638,2026-04-21 09:19:29.756975698,10436,20016,1.0,UPI,Delivered,24382,0,24382.0
505639,2026-04-21 10:11:11.827182718,10538,20035,5.0,UPI,Returned,15331,0,76655.0
505640,2026-04-21 11:02:53.897389740,10136,20014,1.0,Net Banking,Delivered,13717,15,11659.45
505641,2026-04-21 11:54:35.967596760,10016,20018,2.0,Net Banking,Delivered,3166,0,6332.0
505642,2026-04-21 12:46:18.037803780,10576,20089,5.0,Cash on Delivery,Delivered,507,10,2281.5
505643,2026-04-21 13:38:00.108010802,10314,20049,2.0,UPI,Delivered,578,0,1156.0
505644,2026-04-21 14:29:42.178217822,10466,20038,4.0,Credit Card,Cancelled,9637,5,36620.6
505645,2026-04-21 15:21:24.248424842,10193,20044,2.0,UPI,Returned,32508,20,52012.8
505646,2026-04-21 16:13:06.318631864,10180,20101,4.0,Net Banking,Delivered,2343,20,7497.6
505647,2026-04-21 17:04:48.388838884,10136,20052,3.0,Credit Card,Cancelled,1561,0,4683.0
505648,2026-04-21 17:56:30.459045906,10131,20049,2.0,Debit Card,Cancelled,578,10,1040.4
505649,2026-04-21 18:48:12.529252926,10283,20097,1.0,UPI,Delivered,3648,0,3648.0
505650,2026-04-21 19:39:54.599459946,10064,20004,5.0,Debit Card,Delivered,68919,15,292905.75
505651,2026-04-21 20:31:36.669666968,10506,20050,1.0,UPI,Delivered,1390,5,1320.5
505652,2026-04-21 21:23:18.739873988,10307,20078,1.0,Net Banking,Delivered,7034,15,5978.9
505653,2026-04-21 22:15:00.810081008,10550,20054,3.0,UPI,Returned,1287,20,3088.8
505654,2026-04-21 23:06:42.880288030,10302,20091,4.0,Net Banking,Delivered,412,0,1648.0
505655,2026-04-21 23:58:24.950495050,10182,20093,2.0,UPI,Delivered,2351,0,4702.0
505656,2026-04-22 00:50:07.020702070,10309,20035,2.0,Debit Card,Delivered,15331,0,30662.0
505657,2026-04-22 01:41:49.090909092,10093,20086,2.0,Debit Card,Delivered,13579,0,27158.0
505658,2026-04-22 02:33:31.161116112,10495,20026,5.0,Credit Card,Cancelled,9415,0,47075.0
505659,2026-04-22 03:25:13.231323132,10433,20025,1.0,UPI,Delivered,5959,15,5065.15
505660,2026-04-22 04:16:55.301530154,10089,20102,4.0,UPI,Delivered,2774,20,8876.8
505661,2026-04-22 05:08:37.371737174,10350,20002,1.0,UPI,Delivered,66297,5,62982.15
505662,2026-04-22 06:00:19.441944194,10323,20037,3.0,Debit Card,Delivered,4164,5,11867.4
505663,2026-04-22 06:52:01.512151216,10121,20066,3.0,UPI,Delivered,1710,10,4617.0
505664,2026-04-22 07:43:43.582358236,10074,20044,3.0,UPI,Cancelled,32508,20,78019.2
505665,2026-04-22 08:35:25.652565256,10457,20088,2.0,UPI,Returned,7259,0,14518.0
505666,2026-04-22 09:27:07.722772278,10159,20027,3.0,UPI,Delivered,7598,5,21654.3
505667,2026-04-22 10:18:49.792979298,10312,20058,2.0,UPI,Returned,3049,20,4878.4
505668,2026-04-22 11:10:31.863186320,10149,20014,2.0,Debit Card,Returned,13717,0,27434.0
505669,2026-04-22 12:02:13.933393340,10393,20022,5.0,UPI,Delivered,9827,10,44221.5
505670,2026-04-22 12:53:56.003600360,10030,20019,3.0,Cash on Delivery,Delivered,1265,0,3795.0
505671,2026-04-22 13:45:38.073807382,10216,20078,3.0,Debit Card,Returned,7034,15,17936.7
505672,2026-04-22 14:37:20.144014402,10329,20022,5.0,Credit Card,Delivered,9827,10,44221.5
505673,2026-04-22 15:29:02.214221422,10264,20070,1.0,Net Banking,Cancelled,4368,20,3494.4
505674,2026-04-22 16:20:44.284428444,10368,20036,2.0,Debit Card,Delivered,17380,0,34760.0
505675,2026-04-22 17:12:26.354635464,10109,20059,3.0,Credit Card,Returned,5868,15,14963.4
505676,2026-04-22 18:04:08.424842484,10266,20091,3.0,UPI,Delivered,412,15,1050.6
505677,2026-04-22 18:55:50.495049506,10454,20090,1.0,Debit Card,Returned,691,0,691.0
505678,2026-04-22 19:47:32.565256526,10201,20002,4.0,UPI,Delivered,66297,15,225409.8
505679,2026-04-22 20:39:14.635463546,10095,20082,1.0,Credit Card,Returned,7271,10,6543.9
505680,2026-04-22 21:30:56.705670568,10509,20100,2.0,UPI,Cancelled,2214,10,3985.2
505681,2026-04-22 22:22:38.775877588,10467,20070,3.0,Credit Card,Delivered,4368,5,12448.8
505682,2026-04-22 23:14:20.846084608,10409,20020,1.0,Debit Card,Delivered,1219,15,1036.15
505683,2026-04-23 00:06:02.916291630,10479,20070,1.0,UPI,Delivered,4368,0,4368.0
505684,2026-04-23 00:57:44.986498650,10468,20067,3.0,UPI,Delivered,2588,0,7764.0
505685,2026-04-23 01:49:27.056705672,10448,20069,1.0,Net Banking,Delivered,3824,0,3824.0
505686,2026-04-23 02:41:09.126912692,10306,20045,4.0,UPI,Delivered,19570,15,66538.0
505687,2026-04-23 03:32:51.197119712,10012,20055,5.0,UPI,Delivered,1081,0,5405.0
505688,2026-04-23 04:24:33.267326734,10359,20068,1.0,UPI,Cancelled,1337,0,1337.0
505689,2026-04-23 05:16:15.337533754,10164,20049,3.0,Cash on Delivery,Returned,578,20,1387.2
505690,2026-04-23 06:07:57.407740774,10464,20081,1.0,Debit Card,Cancelled,14773,0,14773.0
505691,2026-04-23 06:59:39.477947796,10282,20074,5.0,Credit Card,Returned,5850,15,24862.5
505692,2026-04-23 07:51:21.548154816,10544,20032,1.0,Net Banking,Delivered,14051,0,14051.0
505693,2026-04-23 08:43:03.618361836,10358,20064,5.0,Debit Card,Returned,3045,10,13702.5
505694,2026-04-23 09:34:45.688568858,10331,20079,4.0,Net Banking,Cancelled,3686,20,11795.2
505695,2026-04-23 10:26:27.758775878,10552,20051,1.0,Debit Card,Cancelled,1170,15,994.5
505696,2026-04-23 11:18:09.828982898,10286,20075,4.0,Net Banking,Delivered,7740,0,30960.0
505697,2026-04-23 12:09:51.899189920,10226,20014,3.0,Debit Card,Delivered,13717,10,37035.9
505698,2026-04-23 13:01:33.969396940,10223,20041,3.0,UPI,Returned,36528,15,93146.4
505699,2026-04-23 13:53:16.039603960,10526,20074,2.0,UPI,Delivered,5850,15,9945.0
505700,2026-04-23 14:44:58.109810982,10454,20094,1.0,UPI,Delivered,4584,0,4584.0
505701,2026-04-23 15:36:40.180018002,10099,20068,3.0,Credit Card,Delivered,1337,0,4011.0
505702,2026-04-23 16:28:22.250225022,10296,20070,1.0,Cash on Delivery,Delivered,4368,5,4149.6
505703,2026-04-23 17:20:04.320432044,10223,20036,1.0,Debit Card,Delivered,17380,0,17380.0
505704,2026-04-23 18:11:46.390639064,10389,20073,1.0,Debit Card,Cancelled,5411,15,4599.35
505705,2026-04-23 19:03:28.460846086,10032,20038,1.0,Debit Card,Cancelled,9637,10,8673.3
505706,2026-04-23 19:55:10.531053106,10429,20006,1.0,Cash on Delivery,Delivered,34232,5,32520.4
505707,2026-04-23 20:46:52.601260126,10446,20026,1.0,Debit Card,Delivered,9415,15,8002.75
505708,2026-04-23 21:38:34.671467148,10136,20064,5.0,UPI,Delivered,3045,0,15225.0
505709,2026-04-23 22:30:16.741674168,10091,20101,4.0,Credit Card,Delivered,2343,15,7966.2
505710,2026-04-23 23:21:58.811881188,10377,20052,5.0,Credit Card,Cancelled,1561,5,7414.75
505711,2026-04-24 00:13:40.882088210,10155,20090,1.0,UPI,Delivered,691,20,552.8
505712,2026-04-24 01:05:22.952295230,10565,20081,5.0,UPI,Delivered,14773,10,66478.5
505713,2026-04-24 01:57:05.022502250,10466,20059,2.0,UPI,Delivered,5868,15,9975.6
505714,2026-04-24 02:48:47.092709272,10574,20084,4.0,UPI,Delivered,7386,0,29544.0
505715,2026-04-24 03:40:29.162916292,10321,20042,4.0,UPI,Cancelled,51100,0,204400.0
505716,2026-04-24 04:32:11.233123312,10564,20047,1.0,Cash on Delivery,Delivered,20791,5,19751.45
505717,2026-04-24 05:23:53.303330334,10009,20077,3.0,UPI,Returned,4744,0,14232.0
505718,2026-04-24 06:15:35.373537354,10174,20067,3.0,Net Banking,Delivered,2588,0,7764.0
505719,2026-04-24 07:07:17.443744374,10002,20055,2.0,UPI,Delivered,1081,5,2053.9
505720,2026-04-24 07:58:59.513951396,10407,20046,2.0,Cash on Delivery,Returned,18692,0,37384.0
505721,2026-04-24 08:50:41.584158416,10307,20102,1.0,Debit Card,Cancelled,2774,10,2496.6
505722,2026-04-24 09:42:23.654365436,10173,20007,1.0,Cash on Delivery,Delivered,22213,10,19991.7
505723,2026-04-24 10:34:05.724572458,10183,20006,5.0,Credit Card,Delivered,34232,5,162602.0
505724,2026-04-24 11:25:47.794779478,10387,20050,3.0,Debit Card,Delivered,1390,15,3544.5
505725,2026-04-24 12:17:29.864986500,10109,20004,2.0,UPI,Delivered,68919,0,137838.0
505726,2026-04-24 13:09:11.935193520,10309,20036,3.0,Credit Card,Delivered,17380,15,44319.0
505727,2026-04-24 14:00:54.005400540,10369,20060,2.0,Debit Card,Delivered,4824,5,9165.6
505728,2026-04-24 14:52:36.075607562,10144,20043,1.0,UPI,Returned,21634,10,19470.6
505729,2026-04-24 15:44:18.145814582,10138,20022,5.0,UPI,Cancelled,9827,15,41764.75
505730,2026-04-24 16:36:00.216021602,10213,20030,5.0,Net Banking,Delivered,6241,0,31205.0
505731,2026-04-24 17:27:42.286228624,10356,20063,1.0,UPI,Returned,7613,0,7613.0
505732,2026-04-24 18:19:24.356435644,10153,20099,4.0,Debit Card,Delivered,4248,15,14443.2
505733,2026-04-24 19:11:06.426642664,10228,20082,2.0,UPI,Delivered,7271,10,13087.8
505734,2026-04-24 20:02:48.496849686,10327,20057,3.0,UPI,Returned,4302,0,12906.0
505735,2026-04-24 20:54:30.567056706,10113,20015,1.0,UPI,Cancelled,27789,0,27789.0
505736,2026-04-24 21:46:12.637263726,10342,20026,2.0,Credit Card,Delivered,9415,15,16005.5
505737,2026-04-24 22:37:54.707470748,10083,20046,1.0,Net Banking,Returned,18692,5,17757.4
505738,2026-04-24 23:29:36.777677768,10086,20026,4.0,Net Banking,Returned,9415,20,30128.0
505739,2026-04-25 00:21:18.847884788,10143,20072,2.0,UPI,Returned,3499,10,6298.2
505740,2026-04-25 01:13:00.918091810,10172,20039,1.0,UPI,Returned,5898,0,5898.0
505741,2026-04-25 02:04:42.988298830,10018,20087,3.0,Net Banking,Delivered,9356,0,28068.0
505742,2026-04-25 02:56:25.058505852,10577,20028,5.0,UPI,Delivered,8241,20,32964.0
505743,2026-04-25 03:48:07.128712872,10185,20052,1.0,UPI,Delivered,1561,15,1326.85
505744,2026-04-25 04:39:49.198919892,10483,20075,3.0,Credit Card,Cancelled,7740,10,20898.0
505745,2026-04-25 05:31:31.269126914,10542,20022,3.0,Net Banking,Delivered,9827,10,26532.9
505746,2026-04-25 06:23:13.339333934,10481,20080,2.0,UPI,Returned,8370,0,16740.0
505747,2026-04-25 07:14:55.409540954,10499,20061,4.0,UPI,Returned,7110,0,28440.0
505748,2026-04-25 08:06:37.479747976,10061,20068,1.0,Cash on Delivery,Delivered,1337,15,1136.45
505749,2026-04-25 08:58:19.549954996,10224,20048,5.0,Cash on Delivery,Delivered,23385,20,93540.0
505750,2026-04-25 09:50:01.620162016,10448,20098,2.0,Debit Card,Delivered,1112,20,1779.2
505751,2026-04-25 10:41:43.690369038,10346,20081,1.0,Debit Card,Delivered,14773,15,12557.05
505752,2026-04-25 11:33:25.760576058,10004,20020,5.0,Cash on Delivery,Delivered,1219,20,4876.0
505753,2026-04-25 12:25:07.830783078,10341,20058,4.0,Debit Card,Returned,3049,5,11586.2
505754,2026-04-25 13:16:49.900990100,10483,20094,4.0,Net Banking,Cancelled,4584,0,18336.0
505755,2026-04-25 14:08:31.971197120,10498,20030,1.0,Credit Card,Delivered,6241,0,6241.0
505756,2026-04-25 15:00:14.041404140,10231,20056,4.0,UPI,Delivered,1999,0,7996.0
505757,2026-04-25 15:51:56.111611162,10142,20079,3.0,Net Banking,Delivered,3686,5,10505.1
505758,2026-04-25 16:43:38.181818182,10186,20029,5.0,Debit Card,Returned,11176,0,55880.0
505759,2026-04-25 17:35:20.252025202,10178,20054,1.0,UPI,Returned,1287,0,1287.0
505760,2026-04-25 18:27:02.322232224,10208,20058,5.0,Debit Card,Delivered,3049,20,12196.0
505761,2026-04-25 19:18:44.392439244,10182,20019,3.0,Net Banking,Delivered,1265,0,3795.0
505762,2026-04-25 20:10:26.462646266,10275,20019,1.0,UPI,Cancelled,1265,0,1265.0
505763,2026-04-25 21:02:08.532853286,10025,20059,1.0,Debit Card,Delivered,5868,10,5281.2
505764,2026-04-25 21:53:50.603060306,10166,20019,5.0,UPI,Delivered,1265,20,5060.0
505765,2026-04-25 22:45:32.673267328,10189,20099,3.0,Debit Card,Delivered,4248,20,10195.2
505766,2026-04-25 23:37:14.743474348,10093,20055,1.0,Cash on Delivery,Delivered,1081,15,918.85
505767,2026-04-26 00:28:56.813681368,10527,20074,1.0,Net Banking,Delivered,5850,0,5850.0
505768,2026-04-26 01:20:38.883888390,10406,20042,4.0,Net Banking,Cancelled,51100,0,204400.0
505769,2026-04-26 02:12:20.954095410,10548,20032,1.0,Debit Card,Delivered,14051,15,11943.35
505770,2026-04-26 03:04:03.024302430,10337,20051,1.0,Credit Card,Delivered,1170,20,936.0
505771,2026-04-26 03:55:45.094509452,10066,20074,2.0,Debit Card,Delivered,5850,10,10530.0
505772,2026-04-26 04:47:27.164716472,10543,20042,4.0,UPI,Returned,51100,20,163520.0
505773,2026-04-26 05:39:09.234923492,10275,20030,1.0,Credit Card,Delivered,6241,10,5616.9
505774,2026-04-26 06:30:51.305130514,10411,20015,3.0,Credit Card,Delivered,27789,0,83367.0
505775,2026-04-26 07:22:33.375337534,10229,20057,3.0,Credit Card,Delivered,4302,15,10970.1
505776,2026-04-26 08:14:15.445544554,10297,20071,2.0,Credit Card,Delivered,4484,15,7622.8
505777,2026-04-26 09:05:57.515751576,10294,20055,3.0,UPI,Returned,1081,0,3243.0
505778,2026-04-26 09:57:39.585958596,10171,20027,1.0,UPI,Delivered,7598,10,6838.2
505779,2026-04-26 10:49:21.656165618,10333,20026,2.0,UPI,Delivered,9415,10,16947.0
505780,2026-04-26 11:41:03.726372638,10441,20040,1.0,Credit Card,Delivered,9982,0,9982.0
505781,2026-04-26 12:32:45.796579658,10013,20037,3.0,UPI,Cancelled,4164,0,12492.0
505782,2026-04-26 13:24:27.866786680,10079,20022,4.0,Cash on Delivery,Delivered,9827,0,39308.0
505783,2026-04-26 14:16:09.936993700,10506,20098,4.0,UPI,Returned,1112,0,4448.0
505784,2026-04-26 15:07:52.007200720,10342,20035,1.0,Net Banking,Cancelled,15331,5,14564.45
505785,2026-04-26 15:59:34.077407742,10585,20027,5.0,UPI,Cancelled,7598,5,36090.5
505786,2026-04-26 16:51:16.147614762,10363,20064,2.0,Net Banking,Delivered,3045,20,4872.0
505787,2026-04-26 17:42:58.217821782,10393,20084,1.0,Debit Card,Delivered,7386,0,7386.0
505788,2026-04-26 18:34:40.288028804,10540,20049,2.0,Cash on Delivery,Delivered,578,15,982.6
505789,2026-04-26 19:26:22.358235824,10397,20070,2.0,Net Banking,Delivered,4368,0,8736.0
505790,2026-04-26 20:18:04.428442844,10198,20010,2.0,Debit Card,Cancelled,24340,0,48680.0
505791,2026-04-26 21:09:46.498649866,10317,20056,3.0,UPI,Delivered,1999,0,5997.0
505792,2026-04-26 22:01:28.568856886,10142,20007,2.0,Credit Card,Delivered,22213,0,44426.0
505793,2026-04-26 22:53:10.639063906,10201,20015,1.0,UPI,Delivered,27789,0,27789.0
505794,2026-04-26 23:44:52.709270928,10409,20062,2.0,Cash on Delivery,Delivered,2317,0,4634.0
505795,2026-04-27 00:36:34.779477948,10090,20022,1.0,Net Banking,Delivered,9827,0,9827.0
505796,2026-04-27 01:28:16.849684968,10404,20004,1.0,UPI,Cancelled,68919,0,68919.0
505797,2026-04-27 02:19:58.919891990,10351,20019,1.0,Debit Card,Returned,1265,0,1265.0
505798,2026-04-27 03:11:40.990099010,10186,20081,5.0,UPI,Returned,14773,0,73865.0
505799,2026-04-27 04:03:23.060306032,10027,20062,2.0,Debit Card,Delivered,2317,0,4634.0
505800,2026-04-27 04:55:05.130513052,10423,20040,1.0,Debit Card,Delivered,9982,10,8983.8
505801,2026-04-27 05:46:47.200720072,10495,20102,1.0,Credit Card,Delivered,2774,10,2496.6
505802,2026-04-27 06:38:29.270927094,10439,20041,4.0,Net Banking,Delivered,36528,0,146112.0
505803,2026-04-27 07:30:11.341134114,10253,20092,3.0,UPI,Cancelled,803,10,2168.1
505804,2026-04-27 08:21:53.411341134,10393,20036,4.0,Net Banking,Delivered,17380,20,55616.0
505805,2026-04-27 09:13:35.481548156,10249,20003,2.0,Debit Card,Returned,53620,20,85792.0
505806,2026-04-27 10:05:17.551755176,10215,20012,5.0,UPI,Delivered,15742,0,78710.0
505807,2026-04-27 10:56:59.621962196,10197,20029,3.0,Credit Card,Cancelled,11176,20,26822.4
505808,2026-04-27 11:48:41.692169218,10127,20020,2.0,UPI,Delivered,1219,0,2438.0
505809,2026-04-27 12:40:23.762376240,10582,20017,1.0,Credit Card,Delivered,1945,20,1556.0
505810,2026-04-27 13:32:05.832583260,10400,20040,1.0,Cash on Delivery,Delivered,9982,0,9982.0
505811,2026-04-27 14:23:47.902790280,10105,20102,4.0,UPI,Delivered,2774,10,9986.4
505812,2026-04-27 15:15:29.972997300,10520,20021,5.0,UPI,Delivered,11517,15,48947.25
505813,2026-04-27 16:07:12.043204320,10091,20025,3.0,Credit Card,Delivered,5959,0,17877.0
505814,2026-04-27 16:58:54.113411340,10357,20104,2.0,UPI,Delivered,778,15,1322.6
505815,2026-04-27 17:50:36.183618364,10100,20021,1.0,UPI,Delivered,11517,0,11517.0
505816,2026-04-27 18:42:18.253825384,10217,20087,3.0,Debit Card,Delivered,9356,10,25261.2
505817,2026-04-27 19:34:00.324032404,10396,20065,1.0,Credit Card,Cancelled,1731,20,1384.8
505818,2026-04-27 20:25:42.394239424,10600,20097,2.0,Net Banking,Delivered,3648,0,7296.0
505819,2026-04-27 21:17:24.464446444,10596,20058,1.0,Credit Card,Cancelled,3049,20,2439.2
505820,2026-04-27 22:09:06.534653464,10538,20062,4.0,Debit Card,Delivered,2317,10,8341.2
505821,2026-04-27 23:00:48.604860488,10142,20024,5.0,Credit Card,Delivered,4109,5,19517.75
505822,2026-04-27 23:52:30.675067508,10057,20060,1.0,UPI,Delivered,4824,0,4824.0
505823,2026-04-28 00:44:12.745274528,10544,20070,1.0,Credit Card,Returned,4368,5,4149.6
505824,2026-04-28 01:35:54.815481548,10554,20103,5.0,Debit Card,Cancelled,2822,20,11288.0
505825,2026-04-28 02:27:36.885688568,10168,20011,1.0,Cash on Delivery,Delivered,32685,0,32685.0
505826,2026-04-28 03:19:18.955895592,10012,20017,2.0,UPI,Delivered,1945,20,3112.0
505827,2026-04-28 04:11:01.026102612,10389,20003,1.0,Credit Card,Delivered,53620,0,53620.0
505828,2026-04-28 05:02:43.096309632,10046,20083,2.0,Debit Card,Returned,9080,20,14528.0
505829,2026-04-28 05:54:25.166516652,10025,20009,1.0,UPI,Cancelled,18553,5,17625.35
505830,2026-04-28 06:46:07.236723672,10563,20096,1.0,Net Banking,Cancelled,3065,20,2452.0
505831,2026-04-28 07:37:49.306930692,10298,20038,2.0,UPI,Delivered,9637,0,19274.0
505832,2026-04-28 08:29:31.377137716,10068,20030,1.0,Net Banking,Delivered,6241,0,6241.0
505833,2026-04-28 09:21:13.447344736,10393,20102,4.0,Credit Card,Delivered,2774,5,10541.2
505834,2026-04-28 10:12:55.517551756,10222,20075,2.0,UPI,Delivered,7740,15,13158.0
505835,2026-04-28 11:04:37.587758776,10322,20057,2.0,Debit Card,Delivered,4302,15,7313.4
505836,2026-04-28 11:56:19.657965796,10540,20093,2.0,UPI,Delivered,2351,15,3996.7
505837,2026-04-28 12:48:01.728172816,10143,20079,4.0,Debit Card,Delivered,3686,15,12532.4
505838,2026-04-28 13:39:43.798379840,10388,20067,4.0,Net Banking,Delivered,2588,15,8799.2
505839,2026-04-28 14:31:25.868586860,10498,20034,1.0,Credit Card,Delivered,6711,20,5368.8
505840,2026-04-28 15:23:07.938793880,10255,20103,3.0,UPI,Returned,2822,0,8466.0
505841,2026-04-28 16:14:50.009000900,10583,20075,2.0,Credit Card,Cancelled,7740,0,15480.0
505842,2026-04-28 17:06:32.079207920,10269,20099,4.0,Credit Card,Delivered,4248,0,16992.0
505843,2026-04-28 17:58:14.149414940,10276,20101,4.0,Debit Card,Delivered,2343,5,8903.4
505844,2026-04-28 18:49:56.219621964,10531,20058,3.0,Debit Card,Cancelled,3049,0,9147.0
505845,2026-04-28 19:41:38.289828984,10382,20038,3.0,Credit Card,Returned,9637,10,26019.9
505846,2026-04-28 20:33:20.360036004,10522,20099,1.0,Debit Card,Delivered,4248,5,4035.6
505847,2026-04-28 21:25:02.430243024,10475,20104,4.0,Debit Card,Cancelled,778,10,2800.8
505848,2026-04-28 22:16:44.500450044,10428,20013,3.0,Debit Card,Returned,24693,10,66671.1
505849,2026-04-28 23:08:26.570657068,10145,20067,1.0,UPI,Returned,2588,20,2070.4
505850,2026-04-29 00:00:08.640864088,10240,20063,1.0,Credit Card,Delivered,7613,0,7613.0
505851,2026-04-29 00:51:50.711071108,10519,20078,2.0,Credit Card,Returned,7034,0,14068.0
505852,2026-04-29 01:43:32.781278128,10370,20102,1.0,Net Banking,Cancelled,2774,0,2774.0
505853,2026-04-29 02:35:14.851485148,10169,20027,3.0,Net Banking,Cancelled,7598,0,22794.0
505854,2026-04-29 03:26:56.921692168,10197,20102,2.0,Net Banking,Delivered,2774,15,4715.8
505855,2026-04-29 04:18:38.991899192,10466,20067,1.0,UPI,Delivered,2588,0,2588.0
505856,2026-04-29 05:10:21.062106212,10107,20009,2.0,Debit Card,Returned,18553,0,37106.0
505857,2026-04-29 06:02:03.132313232,10068,20054,4.0,Net Banking,Returned,1287,5,4890.6
505858,2026-04-29 06:53:45.202520252,10460,20014,4.0,UPI,Delivered,13717,0,54868.0
505859,2026-04-29 07:45:27.272727272,10174,20100,1.0,UPI,Delivered,2214,0,2214.0
505860,2026-04-29 08:37:09.342934292,10460,20080,4.0,UPI,Delivered,8370,10,30132.0
505861,2026-04-29 09:28:51.413141316,10321,20095,1.0,Debit Card,Delivered,1791,0,1791.0
505862,2026-04-29 10:20:33.483348336,10599,20063,5.0,Credit Card,Delivered,7613,15,32355.25
505863,2026-04-29 11:12:15.553555356,10315,20042,4.0,UPI,Delivered,51100,0,204400.0
505864,2026-04-29 12:03:57.623762376,10521,20045,1.0,Credit Card,Delivered,19570,0,19570.0
505865,2026-04-29 12:55:39.693969396,10511,20099,3.0,Net Banking,Delivered,4248,0,12744.0
505866,2026-04-29 13:47:21.764176420,10128,20016,2.0,Net Banking,Delivered,24382,0,48764.0
505867,2026-04-29 14:39:03.834383440,10598,20093,5.0,Debit Card,Delivered,2351,10,10579.5
505868,2026-04-29 15:30:45.904590460,10448,20044,1.0,Cash on Delivery,Returned,32508,5,30882.6
505869,2026-04-29 16:22:27.974797480,10065,20062,5.0,Debit Card,Returned,2317,0,11585.0
505870,2026-04-29 17:14:10.045004500,10004,20070,4.0,Net Banking,Delivered,4368,0,17472.0
505871,2026-04-29 18:05:52.115211520,10163,20009,1.0,Credit Card,Cancelled,18553,20,14842.4
505872,2026-04-29 18:57:34.185418544,10010,20016,2.0,Net Banking,Delivered,24382,15,41449.4
505873,2026-04-29 19:49:16.255625564,10215,20017,3.0,Cash on Delivery,Delivered,1945,10,5251.5
505874,2026-04-29 20:40:58.325832584,10598,20081,1.0,Debit Card,Delivered,14773,20,11818.4
505875,2026-04-29 21:32:40.396039604,10288,20008,5.0,Credit Card,Delivered,36276,0,181380.0
505876,2026-04-29 22:24:22.466246624,10015,20064,1.0,UPI,Delivered,3045,15,2588.25
505877,2026-04-29 23:16:04.536453644,10297,20012,1.0,UPI,Delivered,15742,0,15742.0
505878,2026-04-30 00:07:46.606660668,10132,20080,2.0,UPI,Delivered,8370,10,15066.0
505879,2026-04-30 00:59:28.676867688,10514,20102,2.0,UPI,Delivered,2774,0,5548.0
505880,2026-04-30 01:51:10.747074708,10055,20044,1.0,Credit Card,Delivered,32508,0,32508.0
505881,2026-04-30 02:42:52.817281728,10463,20023,5.0,UPI,Delivered,2698,0,13490.0
505882,2026-04-30 03:34:34.887488748,10268,20047,1.0,Cash on Delivery,Delivered,20791,0,20791.0
505883,2026-04-30 04:26:16.957695772,10012,20072,1.0,Debit Card,Cancelled,3499,10,3149.1
505884,2026-04-30 05:17:59.027902792,10404,20076,2.0,Net Banking,Delivered,6747,15,11469.9
505885,2026-04-30 06:09:41.098109812,10274,20067,5.0,Credit Card,Delivered,2588,20,10352.0
505886,2026-04-30 07:01:23.168316832,10463,20061,1.0,UPI,Delivered,7110,20,5688.0
505887,2026-04-30 07:53:05.238523852,10371,20066,2.0,UPI,Delivered,1710,0,3420.0
505888,2026-04-30 08:44:47.308730872,10473,20023,5.0,Net Banking,Delivered,2698,20,10792.0
505889,2026-04-30 09:36:29.378937896,10277,20022,5.0,UPI,Delivered,9827,0,49135.0
505890,2026-04-30 10:28:11.449144916,10005,20097,1.0,Debit Card,Delivered,3648,20,2918.4
505891,2026-04-30 11:19:53.519351936,10079,20061,2.0,UPI,Delivered,7110,20,11376.0
505892,2026-04-30 12:11:35.589558956,10276,20090,4.0,UPI,,691,20,2211.2
505893,2026-04-30 13:03:17.659765976,10239,20066,3.0,UPI,Delivered,1710,5,4873.5
505894,2026-04-30 13:54:59.729972996,10477,20048,3.0,Credit Card,Delivered,23385,15,59631.75
505895,2026-04-30 14:46:41.800180020,10247,20060,4.0,UPI,Delivered,4824,0,19296.0
505896,2026-04-30 15:38:23.870387040,10517,20072,2.0,Net Banking,Delivered,3499,0,6998.0
505897,2026-04-30 16:30:05.940594060,10113,20020,1.0,UPI,Delivered,1219,5,1158.05
505898,2026-04-30 17:21:48.010801080,10231,20049,3.0,UPI,Delivered,578,0,1734.0
505899,2026-04-30 18:13:30.081008100,10454,20076,3.0,UPI,Delivered,6747,0,20241.0
505900,2026-04-30 19:05:12.151215120,10075,20010,4.0,Cash on Delivery,Delivered,24340,0,97360.0
505901,2026-04-30 19:56:54.221422144,10193,20008,5.0,Debit Card,Delivered,36276,0,181380.0
505902,2026-04-30 20:48:36.291629164,10452,20017,1.0,Debit Card,Delivered,1945,15,1653.25
505903,2026-04-30 21:40:18.361836184,10354,20062,5.0,Credit Card,Delivered,2317,20,9268.0
505904,2026-04-30 22:32:00.432043204,10467,20025,1.0,Net Banking,Cancelled,5959,15,5065.15
505905,2026-04-30 23:23:42.502250224,10310,20046,5.0,UPI,Delivered,18692,10,84114.0
505906,2026-05-01 00:15:24.572457248,10516,20014,1.0,Net Banking,Delivered,13717,20,10973.6
505907,2026-05-01 01:07:06.642664268,10527,20027,3.0,Net Banking,Delivered,7598,0,22794.0
505908,2026-05-01 01:58:48.712871288,10585,20002,3.0,UPI,Delivered,66297,20,159112.8
505909,2026-05-01 02:50:30.783078308,10074,20084,3.0,UPI,Cancelled,7386,20,17726.4
505910,2026-05-01 03:42:12.853285328,10355,20049,5.0,Credit Card,Cancelled,578,0,2890.0
505911,2026-05-01 04:33:54.923492348,10069,20019,2.0,UPI,Delivered,1265,0,2530.0
505912,2026-05-01 05:25:36.993699372,10138,20055,1.0,UPI,Returned,1081,0,1081.0
505913,2026-05-01 06:17:19.063906392,10181,20098,2.0,Credit Card,Returned,1112,0,2224.0
505914,2026-05-01 07:09:01.134113412,10388,20086,1.0,UPI,Returned,13579,0,13579.0
505915,2026-05-01 08:00:43.204320432,10259,20092,2.0,Debit Card,Delivered,803,20,1284.8
505916,2026-05-01 08:52:25.274527452,10519,20043,2.0,Credit Card,Cancelled,21634,0,43268.0
505917,2026-05-01 09:44:07.344734472,10180,20038,1.0,Debit Card,Delivered,9637,10,8673.3
505918,2026-05-01 10:35:49.414941496,10371,20033,3.0,Credit Card,Delivered,16169,20,38805.6
505919,2026-05-01 11:27:31.485148516,10458,20032,1.0,Credit Card,Delivered,14051,15,11943.35
505920,2026-05-01 12:19:13.555355536,10589,20096,1.0,Credit Card,Returned,3065,5,2911.75
505921,2026-05-01 13:10:55.625562556,10148,20015,2.0,Cash on Delivery,Returned,27789,0,55578.0
505922,2026-05-01 14:02:37.695769576,10441,20089,5.0,Credit Card,Delivered,507,0,2535.0
505923,2026-05-01 14:54:19.765976600,10051,20096,1.0,Debit Card,Delivered,3065,0,3065.0
505924,2026-05-01 15:46:01.836183620,10327,20088,1.0,Net Banking,Delivered,7259,20,5807.2
505925,2026-05-01 16:37:43.906390640,10249,20066,1.0,Debit Card,Cancelled,1710,20,1368.0
505926,2026-05-01 17:29:25.976597660,10576,20089,2.0,UPI,Delivered,507,0,1014.0
505927,2026-05-01 18:21:08.046804680,10465,20004,1.0,UPI,Returned,68919,0,68919.0
505928,2026-05-01 19:12:50.117011700,10557,20085,2.0,Credit Card,Delivered,11910,15,20247.0
505929,2026-05-01 20:04:32.187218724,10511,20054,4.0,Debit Card,Delivered,1287,20,4118.4
505930,2026-05-01 20:56:14.257425744,10247,20100,1.0,Debit Card,Cancelled,2214,20,1771.2
505931,2026-05-01 21:47:56.327632764,10441,20009,5.0,Debit Card,Delivered,18553,15,78850.25
505932,2026-05-01 22:39:38.397839784,10019,20097,2.0,UPI,Delivered,3648,5,6931.2
505933,2026-05-01 23:31:20.468046804,10335,20060,3.0,Debit Card,Delivered,4824,0,14472.0
505934,2026-05-02 00:23:02.538253824,10029,20011,2.0,Debit Card,Delivered,32685,0,65370.0
505935,2026-05-02 01:14:44.608460848,10435,20053,5.0,Cash on Delivery,Returned,2733,20,10932.0
505936,2026-05-02 02:06:26.678667868,10581,20004,3.0,Debit Card,Returned,68919,20,165405.6
505937,2026-05-02 02:58:08.748874888,10409,20009,5.0,Credit Card,Delivered,18553,20,74212.0
505938,2026-05-02 03:49:50.819081908,10504,20056,1.0,Debit Card,Returned,1999,10,1799.1
505939,2026-05-02 04:41:32.889288928,10141,20085,1.0,Debit Card,Returned,11910,20,9528.0
505940,2026-05-02 05:33:14.959495952,10597,20012,3.0,UPI,Cancelled,15742,0,47226.0
505941,2026-05-02 06:24:57.029702972,10331,20028,1.0,Credit Card,Delivered,8241,0,8241.0
505942,2026-05-02 07:16:39.099909992,10405,20041,1.0,UPI,Returned,36528,0,36528.0
505943,2026-05-02 08:08:21.170117012,10463,20057,1.0,UPI,Returned,4302,10,3871.8
505944,2026-05-02 09:00:03.240324032,10384,20001,1.0,Debit Card,Delivered,63388,0,63388.0
505945,2026-05-02 09:51:45.310531052,10191,20067,1.0,Credit Card,Delivered,2588,0,2588.0
505946,2026-05-02 10:43:27.380738076,10367,20052,3.0,Debit Card,Delivered,1561,0,4683.0
505947,2026-05-02 11:35:09.450945096,10393,20101,2.0,Credit Card,Delivered,2343,0,4686.0
505948,2026-05-02 12:26:51.521152116,10515,20032,1.0,Net Banking,Delivered,14051,0,14051.0
505949,2026-05-02 13:18:33.591359136,10289,20052,1.0,Debit Card,Delivered,1561,20,1248.8
505950,2026-05-02 14:10:15.661566156,10302,20009,5.0,Debit Card,Cancelled,18553,0,92765.0
505951,2026-05-02 15:01:57.731773176,10302,20096,5.0,Credit Card,Returned,3065,20,12260.0
505952,2026-05-02 15:53:39.801980200,10069,20087,1.0,Cash on Delivery,Delivered,9356,0,9356.0
505953,2026-05-02 16:45:21.872187220,10055,20037,2.0,Credit Card,Delivered,4164,0,8328.0
505954,2026-05-02 17:37:03.942394240,10013,20048,1.0,Net Banking,Delivered,23385,0,23385.0
505955,2026-05-02 18:28:46.012601260,10400,20090,1.0,Credit Card,Cancelled,691,10,621.9
505956,2026-05-02 19:20:28.082808280,10252,20031,2.0,UPI,Delivered,16301,0,32602.0
505957,2026-05-02 20:12:10.153015300,10520,20025,5.0,Debit Card,Delivered,5959,20,23836.0
505958,2026-05-02 21:03:52.223222324,10422,20026,2.0,Credit Card,Delivered,9415,0,18830.0
505959,2026-05-02 21:55:34.293429344,10085,20074,5.0,UPI,Delivered,5850,10,26325.0
505960,2026-05-02 22:47:16.363636364,10061,20022,4.0,Credit Card,Delivered,9827,5,37342.6
505961,2026-05-02 23:38:58.433843384,10220,20010,4.0,UPI,Delivered,24340,0,97360.0
505962,2026-05-03 00:30:40.504050404,10553,20018,4.0,Cash on Delivery,Delivered,3166,10,11397.6
505963,2026-05-03 01:22:22.574257428,10030,20103,4.0,Debit Card,Cancelled,2822,0,11288.0
505964,2026-05-03 02:14:04.644464448,10113,20091,1.0,UPI,Cancelled,412,15,350.2
505965,2026-05-03 03:05:46.714671468,10018,20100,5.0,Debit Card,Delivered,2214,5,10516.5
505966,2026-05-03 03:57:28.784878488,10249,20029,5.0,Debit Card,Delivered,11176,0,55880.0
505967,2026-05-03 04:49:10.855085508,10594,20046,2.0,Debit Card,Cancelled,18692,20,29907.2
505968,2026-05-03 05:40:52.925292528,10411,20052,3.0,Credit Card,Returned,1561,0,4683.0
505969,2026-05-03 06:32:34.995499552,10297,20055,5.0,UPI,Cancelled,1081,0,5405.0
505970,2026-05-03 07:24:17.065706572,10087,20003,1.0,UPI,Delivered,53620,10,48258.0
505971,2026-05-03 08:15:59.135913592,10214,20063,1.0,Debit Card,Returned,7613,0,7613.0
505972,2026-05-03 09:07:41.206120612,10315,20005,5.0,Debit Card,Cancelled,55986,5,265933.5
505973,2026-05-03 09:59:23.276327632,10165,20029,2.0,Debit Card,Cancelled,11176,15,18999.2
505974,2026-05-03 10:51:05.346534652,10424,20031,3.0,UPI,Delivered,16301,20,39122.4
505975,2026-05-03 11:42:47.416741676,10589,20071,2.0,Net Banking,Delivered,4484,15,7622.8
505976,2026-05-03 12:34:29.486948696,10124,20094,2.0,Credit Card,Delivered,4584,0,9168.0
505977,2026-05-03 13:26:11.557155716,10152,20073,1.0,Debit Card,Delivered,5411,20,4328.8
505978,2026-05-03 14:17:53.627362736,10076,20046,1.0,UPI,Delivered,18692,0,18692.0
505979,2026-05-03 15:09:35.697569756,10436,20055,1.0,Debit Card,Delivered,1081,15,918.85
505980,2026-05-03 16:01:17.767776780,10278,20054,2.0,Cash on Delivery,Delivered,1287,0,2574.0
505981,2026-05-03 16:52:59.837983800,10171,20016,1.0,UPI,Delivered,24382,10,21943.8
505982,2026-05-03 17:44:41.908190820,10132,20100,4.0,Net Banking,Delivered,2214,20,7084.8
505983,2026-05-03 18:36:23.978397840,10043,20096,1.0,Debit Card,Returned,3065,20,2452.0
505984,2026-05-03 19:28:06.048604860,10286,20025,3.0,UPI,Returned,5959,10,16089.3
505985,2026-05-03 20:19:48.118811880,10410,20012,1.0,UPI,Delivered,15742,10,14167.8
505986,2026-05-03 21:11:30.189018904,10142,20018,1.0,Debit Card,Delivered,3166,0,3166.0
505987,2026-05-03 22:03:12.259225924,10001,20066,2.0,UPI,Delivered,1710,10,3078.0
505988,2026-05-03 22:54:54.329432944,10284,20004,4.0,UPI,Delivered,68919,0,275676.0
505989,2026-05-03 23:46:36.399639964,10406,20011,4.0,Net Banking,Delivered,32685,0,130740.0
505990,2026-05-04 00:38:18.469846984,10207,20068,2.0,Credit Card,Delivered,1337,20,2139.2
505991,2026-05-04 01:30:00.540054004,10151,20016,2.0,Debit Card,Returned,24382,5,46325.8
505992,2026-05-04 02:21:42.610261028,10093,20008,3.0,Debit Card,Delivered,36276,15,92503.8
505993,2026-05-04 03:13:24.680468048,10448,20003,3.0,Credit Card,Delivered,53620,0,160860.0
505994,2026-05-04 04:05:06.750675068,10517,20074,3.0,Debit Card,Delivered,5850,0,17550.0
505995,2026-05-04 04:56:48.820882088,10462,20038,1.0,UPI,Returned,9637,20,7709.6
505996,2026-05-04 05:48:30.891089108,10311,20030,2.0,UPI,Delivered,6241,20,9985.6
505997,2026-05-04 06:40:12.961296132,10435,20067,4.0,Debit Card,Delivered,2588,0,10352.0
505998,2026-05-04 07:31:55.031503152,10239,20018,2.0,Cash on Delivery,Delivered,3166,20,5065.6
505999,2026-05-04 08:23:37.101710172,10015,20055,1.0,Credit Card,Delivered,1081,0,1081.0
506000,2026-05-04 09:15:19.171917192,10221,20051,3.0,Cash on Delivery,Delivered,1170,0,3510.0
506001,2026-05-04 10:07:01.242124212,10423,20071,1.0,Debit Card,Returned,4484,20,3587.2
506002,2026-05-04 10:58:43.312331232,10389,20065,2.0,Credit Card,Delivered,1731,5,3288.9
506003,2026-05-04 11:50:25.382538256,10595,20071,2.0,Credit Card,Delivered,4484,15,7622.8
506004,2026-05-04 12:42:07.452745276,10599,20023,3.0,UPI,Delivered,2698,0,8094.0
506005,2026-05-04 13:33:49.522952296,10146,20015,5.0,Debit Card,Delivered,27789,15,118103.25
506006,2026-05-04 14:25:31.593159316,10006,20056,3.0,UPI,Cancelled,1999,0,5997.0
506007,2026-05-04 15:17:13.663366336,10165,20006,5.0,Credit Card,Returned,34232,10,154044.0
506008,2026-05-04 16:08:55.733573356,10526,20048,1.0,UPI,Delivered,23385,10,21046.5
506009,2026-05-04 17:00:37.803780380,10489,20066,4.0,Cash on Delivery,Delivered,1710,0,6840.0
506010,2026-05-04 17:52:19.873987400,10060,20086,2.0,UPI,Returned,13579,20,21726.4
506011,2026-05-04 18:44:01.944194420,10097,20068,3.0,Credit Card,Delivered,1337,0,4011.0
506012,2026-05-04 19:35:44.014401440,10339,20104,1.0,UPI,Delivered,778,0,778.0
506013,2026-05-04 20:27:26.084608460,10397,20058,2.0,UPI,Returned,3049,15,5183.3
506014,2026-05-04 21:19:08.154815484,10590,20047,1.0,UPI,Returned,20791,20,16632.8
506015,2026-05-04 22:10:50.225022504,10454,20026,3.0,Debit Card,Delivered,9415,20,22596.0
506016,2026-05-04 23:02:32.295229524,10128,20071,1.0,Debit Card,Delivered,4484,5,4259.8
506017,2026-05-04 23:54:14.365436544,10023,20085,1.0,Credit Card,Returned,11910,0,11910.0
506018,2026-05-05 00:45:56.435643564,10381,20034,1.0,Net Banking,Returned,6711,15,5704.35
506019,2026-05-05 01:37:38.505850584,10333,20008,1.0,UPI,Returned,36276,0,36276.0
506020,2026-05-05 02:29:20.576057608,10554,20002,5.0,Net Banking,Cancelled,66297,10,298336.5
506021,2026-05-05 03:21:02.646264628,10346,20066,5.0,UPI,Delivered,1710,0,8550.0
506022,2026-05-05 04:12:44.716471648,10301,20069,1.0,Net Banking,Delivered,3824,0,3824.0
506023,2026-05-05 05:04:26.786678668,10183,20013,5.0,Cash on Delivery,Delivered,24693,5,117291.75
506024,2026-05-05 05:56:08.856885688,10052,20003,2.0,Net Banking,Delivered,53620,20,85792.0
506025,2026-05-05 06:47:50.927092708,10526,20069,1.0,UPI,Delivered,3824,0,3824.0
506026,2026-05-05 07:39:32.997299732,10496,20042,5.0,Credit Card,Returned,51100,15,217175.0
506027,2026-05-05 08:31:15.067506752,10098,20044,1.0,Net Banking,Delivered,32508,0,32508.0
506028,2026-05-05 09:22:57.137713772,10423,20028,1.0,Credit Card,Delivered,8241,10,7416.9
506029,2026-05-05 10:14:39.207920792,10219,20075,1.0,UPI,Delivered,7740,0,7740.0
506030,2026-05-05 11:06:21.278127812,10263,20078,1.0,Credit Card,Delivered,7034,0,7034.0
506031,2026-05-05 11:58:03.348334832,10510,20006,2.0,UPI,Cancelled,34232,5,65040.8
506032,2026-05-05 12:49:45.418541856,10506,20010,1.0,Credit Card,Returned,24340,0,24340.0
506033,2026-05-05 13:41:27.488748876,10115,20058,1.0,UPI,Returned,3049,10,2744.1
506034,2026-05-05 14:33:09.558955896,10185,20063,1.0,Debit Card,Delivered,7613,0,7613.0
506035,2026-05-05 15:24:51.629162916,10493,20016,3.0,Credit Card,Returned,24382,0,73146.0
506036,2026-05-05 16:16:33.699369936,10551,20017,4.0,UPI,Delivered,1945,0,7780.0
506037,2026-05-05 17:08:15.769576960,10048,20071,1.0,UPI,Returned,4484,0,4484.0
506038,2026-05-05 17:59:57.839783980,10501,20048,3.0,Cash on Delivery,Delivered,23385,0,70155.0
506039,2026-05-05 18:51:39.909991000,10294,20013,1.0,Credit Card,Delivered,24693,0,24693.0
506040,2026-05-05 19:43:21.980198020,10355,20064,5.0,Debit Card,Cancelled,3045,0,15225.0
506041,2026-05-05 20:35:04.050405040,10046,20008,1.0,Debit Card,Delivered,36276,10,32648.4
506042,2026-05-05 21:26:46.120612060,10409,20024,4.0,Debit Card,Delivered,4109,5,15614.2
506043,2026-05-05 22:18:28.190819084,10407,20075,4.0,Credit Card,Delivered,7740,0,30960.0
506044,2026-05-05 23:10:10.261026104,10398,20024,1.0,Debit Card,Delivered,4109,10,3698.1
506045,2026-05-06 00:01:52.331233124,10475,20007,1.0,UPI,Delivered,22213,20,17770.4
506046,2026-05-06 00:53:34.401440144,10568,20100,1.0,Credit Card,Delivered,2214,5,2103.3
506047,2026-05-06 01:45:16.471647164,10510,20024,2.0,UPI,Returned,4109,0,8218.0
506048,2026-05-06 02:36:58.541854184,10447,20054,2.0,Cash on Delivery,Cancelled,1287,0,2574.0
506049,2026-05-06 03:28:40.612061208,10589,20086,3.0,Credit Card,Returned,13579,15,34626.45
506050,2026-05-06 04:20:22.682268228,10405,20103,,UPI,Delivered,2822,0,5644.0
506051,2026-05-06 05:12:04.752475248,10404,20085,4.0,Debit Card,Returned,11910,0,47640.0
506052,2026-05-06 06:03:46.822682268,10326,20036,2.0,UPI,Returned,17380,5,33022.0
506053,2026-05-06 06:55:28.892889288,10462,20089,1.0,Credit Card,Delivered,507,10,456.3
506054,2026-05-06 07:47:10.963096312,10043,20002,1.0,Net Banking,Delivered,66297,10,59667.3
506055,2026-05-06 08:38:53.033303332,10304,20034,3.0,Debit Card,Delivered,6711,10,18119.7
506056,2026-05-06 09:30:35.103510352,10256,20021,1.0,Debit Card,Cancelled,11517,20,9213.6
506057,2026-05-06 10:22:17.173717372,10548,20055,1.0,Credit Card,Delivered,1081,0,1081.0
506058,2026-05-06 11:13:59.243924392,10044,20093,1.0,Credit Card,Returned,2351,5,2233.45
506059,2026-05-06 12:05:41.314131412,10387,20081,3.0,UPI,Delivered,14773,0,44319.0
506060,2026-05-06 12:57:23.384338436,10111,20104,1.0,Debit Card,Delivered,778,0,778.0
506061,2026-05-06 13:49:05.454545456,10531,20015,2.0,Credit Card,Delivered,27789,0,55578.0
506062,2026-05-06 14:40:47.524752476,10512,20079,3.0,UPI,Delivered,3686,10,9952.2
506063,2026-05-06 15:32:29.594959496,10142,20076,5.0,UPI,Cancelled,6747,5,32048.25
506064,2026-05-06 16:24:11.665166516,10524,20048,2.0,UPI,Delivered,23385,0,46770.0
506065,2026-05-06 17:15:53.735373536,10299,20011,5.0,UPI,Delivered,32685,20,130740.0
506066,2026-05-06 18:07:35.805580560,10583,20011,2.0,UPI,Delivered,32685,0,65370.0
506067,2026-05-06 18:59:17.875787580,10438,20095,4.0,Credit Card,Cancelled,1791,10,6447.6
506068,2026-05-06 19:50:59.945994600,10021,20031,1.0,Credit Card,Returned,16301,20,13040.8
506069,2026-05-06 20:42:42.016201620,10122,20067,5.0,Credit Card,Returned,2588,10,11646.0
506070,2026-05-06 21:34:24.086408640,10243,20099,1.0,UPI,Returned,4248,15,3610.8
506071,2026-05-06 22:26:06.156615664,10127,20052,1.0,Credit Card,Delivered,1561,0,1561.0
506072,2026-05-06 23:17:48.226822684,10080,20022,1.0,Net Banking,Delivered,9827,20,7861.6
506073,2026-05-07 00:09:30.297029704,10587,20051,3.0,UPI,Delivered,1170,5,3334.5
506074,2026-05-07 01:01:12.367236724,10522,20024,3.0,UPI,Delivered,4109,0,12327.0
506075,2026-05-07 01:52:54.437443744,10261,20019,1.0,Credit Card,Returned,1265,15,1075.25
506076,2026-05-07 02:44:36.507650764,10130,20085,5.0,UPI,Returned,11910,5,56572.5
506077,2026-05-07 03:36:18.577857788,10110,20036,1.0,UPI,Returned,17380,0,17380.0
506078,2026-05-07 04:28:00.648064808,10550,20072,2.0,Credit Card,Returned,3499,0,6998.0
506079,2026-05-07 05:19:42.718271828,10199,20076,2.0,Credit Card,Delivered,6747,0,13494.0
506080,2026-05-07 06:11:24.788478848,10008,20058,2.0,Net Banking,Delivered,3049,0,6098.0
506081,2026-05-07 07:03:06.858685868,10239,20057,3.0,Net Banking,Cancelled,4302,0,12906.0
506082,2026-05-07 07:54:48.928892888,10273,20019,5.0,Credit Card,Cancelled,1265,0,6325.0
506083,2026-05-07 08:46:30.999099912,10374,20056,3.0,Credit Card,Delivered,1999,0,5997.0
506084,2026-05-07 09:38:13.069306932,10204,20079,5.0,Cash on Delivery,Delivered,3686,20,14744.0
506085,2026-05-07 10:29:55.139513952,10554,20021,4.0,Credit Card,Delivered,11517,20,36854.4
506086,2026-05-07 11:21:37.209720972,10387,20025,1.0,Cash on Delivery,Delivered,5959,20,4767.2
506087,2026-05-07 12:13:19.279927992,10592,20072,2.0,Debit Card,Delivered,3499,0,6998.0
506088,2026-05-07 13:05:01.350135012,10221,20103,1.0,UPI,Delivered,2822,5,2680.9
506089,2026-05-07 13:56:43.420342036,10392,20041,5.0,UPI,Delivered,36528,0,182640.0
506090,2026-05-07 14:48:25.490549056,10220,20087,5.0,UPI,Delivered,9356,10,42102.0
506091,2026-05-07 15:40:07.560756076,10420,20020,5.0,Net Banking,Delivered,1219,0,6095.0
506092,2026-05-07 16:31:49.630963096,10448,20060,3.0,UPI,Delivered,4824,0,14472.0
506093,2026-05-07 17:23:31.701170116,10194,20099,4.0,Debit Card,Cancelled,4248,0,16992.0
506094,2026-05-07 18:15:13.771377140,10563,20046,4.0,Credit Card,Delivered,18692,5,71029.6
506095,2026-05-07 19:06:55.841584160,10515,20053,1.0,Net Banking,Delivered,2733,0,2733.0
506096,2026-05-07 19:58:37.911791180,10537,20017,1.0,Debit Card,Delivered,1945,5,1847.75
506097,2026-05-07 20:50:19.981998200,10131,20055,2.0,UPI,Delivered,1081,0,2162.0
506098,2026-05-07 21:42:02.052205220,10431,20061,2.0,UPI,Delivered,7110,5,13509.0
506099,2026-05-07 22:33:44.122412240,10064,20103,3.0,Credit Card,Cancelled,2822,0,8466.0
506100,2026-05-07 23:25:26.192619264,10064,20021,3.0,Net Banking,Returned,11517,0,34551.0
506101,2026-05-08 00:17:08.262826284,10584,20039,5.0,Debit Card,Delivered,5898,0,29490.0
506102,2026-05-08 01:08:50.333033304,10092,20068,4.0,Credit Card,Cancelled,1337,0,5348.0
506103,2026-05-08 02:00:32.403240324,10519,20099,1.0,Net Banking,Delivered,4248,15,3610.8
506104,2026-05-08 02:52:14.473447344,10259,20025,1.0,Credit Card,Delivered,5959,0,5959.0
506105,2026-05-08 03:43:56.543654364,10183,20073,1.0,UPI,Delivered,5411,5,5140.45
506106,2026-05-08 04:35:38.613861388,10045,20092,3.0,Net Banking,Returned,803,10,2168.1
506107,2026-05-08 05:27:20.684068408,10406,20066,1.0,Credit Card,Delivered,1710,15,1453.5
506108,2026-05-08 06:19:02.754275428,10433,20045,5.0,Net Banking,Cancelled,19570,10,88065.0
506109,2026-05-08 07:10:44.824482448,10281,20025,1.0,Credit Card,Delivered,5959,0,5959.0
506110,2026-05-08 08:02:26.894689468,10486,20030,2.0,Credit Card,Delivered,6241,10,11233.8
506111,2026-05-08 08:54:08.964896492,10194,20006,4.0,UPI,Cancelled,34232,0,136928.0
506112,2026-05-08 09:45:51.035103512,10332,20016,1.0,Credit Card,Returned,24382,10,21943.8
506113,2026-05-08 10:37:33.105310532,10173,20046,1.0,UPI,Delivered,18692,20,14953.6
506114,2026-05-08 11:29:15.175517552,10350,20015,1.0,Debit Card,Returned,27789,0,27789.0
506115,2026-05-08 12:20:57.245724572,10082,20002,1.0,UPI,Delivered,66297,0,66297.0
506116,2026-05-08 13:12:39.315931592,10286,20073,2.0,UPI,Returned,5411,0,10822.0
506117,2026-05-08 14:04:21.386138616,10330,20008,3.0,UPI,Delivered,36276,5,103386.6
506118,2026-05-08 14:56:03.456345636,10334,20015,2.0,Credit Card,Delivered,27789,5,52799.1
506119,2026-05-08 15:47:45.526552656,10268,20062,2.0,Credit Card,Returned,2317,0,4634.0
506120,2026-05-08 16:39:27.596759676,10387,20096,2.0,Debit Card,Delivered,3065,20,4904.0
506121,2026-05-08 17:31:09.666966696,10308,20076,1.0,Debit Card,Delivered,6747,0,6747.0
506122,2026-05-08 18:22:51.737173716,10170,20004,1.0,Credit Card,Delivered,68919,5,65473.05
506123,2026-05-08 19:14:33.807380740,10130,20018,2.0,Credit Card,Delivered,3166,5,6015.4
506124,2026-05-08 20:06:15.877587760,10389,20077,4.0,UPI,Cancelled,4744,15,16129.6
506125,2026-05-08 20:57:57.947794780,10564,20077,2.0,Credit Card,Delivered,4744,5,9013.6
506126,2026-05-08 21:49:40.018001800,10452,20041,1.0,Net Banking,Returned,36528,0,36528.0
506127,2026-05-08 22:41:22.088208820,10384,20099,5.0,Credit Card,Cancelled,4248,0,21240.0
506128,2026-05-08 23:33:04.158415844,10553,20093,1.0,Cash on Delivery,Delivered,2351,0,2351.0
506129,2026-05-09 00:24:46.228622864,10540,20078,3.0,UPI,Cancelled,7034,5,20046.9
506130,2026-05-09 01:16:28.298829884,10304,20078,5.0,Debit Card,Delivered,7034,20,28136.0
506131,2026-05-09 02:08:10.369036904,10066,20082,5.0,Debit Card,Delivered,7271,0,36355.0
506132,2026-05-09 02:59:52.439243924,10381,20016,1.0,Debit Card,Delivered,24382,0,24382.0
506133,2026-05-09 03:51:34.509450944,10374,20073,1.0,Debit Card,Delivered,5411,5,5140.45
506134,2026-05-09 04:43:16.579657968,10167,20098,3.0,UPI,Returned,1112,0,3336.0
506135,2026-05-09 05:34:58.649864988,10510,20024,4.0,Debit Card,Cancelled,4109,15,13970.6
506136,2026-05-09 06:26:40.720072008,10522,20002,4.0,Credit Card,Delivered,66297,10,238669.2
506137,2026-05-09 07:18:22.790279028,10199,20038,2.0,Credit Card,Delivered,9637,10,17346.6
506138,2026-05-09 08:10:04.860486048,10287,20029,1.0,UPI,Delivered,11176,0,11176.0
506139,2026-05-09 09:01:46.930693068,10118,20099,3.0,UPI,Delivered,4248,0,12744.0
506140,2026-05-09 09:53:29.000900092,10108,20047,3.0,Cash on Delivery,Cancelled,20791,5,59254.35
506141,2026-05-09 10:45:11.071107112,10160,20069,2.0,UPI,Returned,3824,0,7648.0
506142,2026-05-09 11:36:53.141314132,10220,20103,3.0,Credit Card,Delivered,2822,0,8466.0
506143,2026-05-09 12:28:35.211521152,10164,20083,1.0,UPI,Delivered,9080,15,7718.0
506144,2026-05-09 13:20:17.281728172,10091,20078,4.0,Debit Card,Delivered,7034,20,22508.8
506145,2026-05-09 14:11:59.351935192,10269,20101,1.0,Debit Card,Delivered,2343,0,2343.0
506146,2026-05-09 15:03:41.422142216,10375,20072,4.0,Cash on Delivery,Returned,3499,10,12596.4
506147,2026-05-09 15:55:23.492349236,10196,20025,4.0,Credit Card,Delivered,5959,20,19068.8
506148,2026-05-09 16:47:05.562556256,10321,20076,3.0,UPI,Delivered,6747,15,17204.85
506149,2026-05-09 17:38:47.632763276,10163,20034,4.0,UPI,Cancelled,6711,15,22817.4
506150,2026-05-09 18:30:29.702970296,10423,20035,5.0,UPI,Delivered,15331,20,61324.0
506151,2026-05-09 19:22:11.773177320,10390,20068,1.0,Debit Card,Delivered,1337,0,1337.0
506152,2026-05-09 20:13:53.843384340,10577,20033,2.0,Cash on Delivery,Cancelled,16169,0,32338.0
506153,2026-05-09 21:05:35.913591360,10032,20003,3.0,UPI,Delivered,53620,15,136731.0
506154,2026-05-09 21:57:17.983798380,10512,20104,5.0,Credit Card,Cancelled,778,15,3306.5
506155,2026-05-09 22:49:00.054005400,10205,20060,3.0,Debit Card,Delivered,4824,0,14472.0
506156,2026-05-09 23:40:42.124212420,10040,20070,2.0,Credit Card,Delivered,4368,20,6988.8
506157,2026-05-10 00:32:24.194419444,10414,20085,2.0,Debit Card,Delivered,11910,0,23820.0
506158,2026-05-10 01:24:06.264626464,10104,20066,1.0,Credit Card,Delivered,1710,0,1710.0
506159,2026-05-10 02:15:48.334833484,10106,20064,1.0,UPI,Delivered,3045,20,2436.0
506160,2026-05-10 03:07:30.405040504,10588,20083,2.0,Credit Card,Delivered,9080,0,18160.0
506161,2026-05-10 03:59:12.475247524,10133,20031,5.0,Credit Card,Delivered,16301,15,69279.25
506162,2026-05-10 04:50:54.545454544,10329,20087,4.0,Debit Card,Delivered,9356,0,37424.0
506163,2026-05-10 05:42:36.615661568,10121,20076,3.0,UPI,Delivered,6747,5,19228.95
506164,2026-05-10 06:34:18.685868588,10075,20019,1.0,Credit Card,Delivered,1265,15,1075.25
506165,2026-05-10 07:26:00.756075608,10001,20016,3.0,Cash on Delivery,Delivered,24382,15,62174.1
506166,2026-05-10 08:17:42.826282628,10010,20092,2.0,Credit Card,Delivered,803,5,1525.7
506167,2026-05-10 09:09:24.896489648,10285,20094,3.0,UPI,Delivered,4584,0,13752.0
506168,2026-05-10 10:01:06.966696672,10261,20104,2.0,Cash on Delivery,Delivered,778,5,1478.2
506169,2026-05-10 10:52:49.036903692,10024,20011,3.0,UPI,Delivered,32685,15,83346.75
506170,2026-05-10 11:44:31.107110712,10210,20094,1.0,Debit Card,Delivered,4584,5,4354.8
506171,2026-05-10 12:36:13.177317732,10164,20090,1.0,UPI,Delivered,691,20,552.8
506172,2026-05-10 13:27:55.247524752,10343,20080,1.0,Net Banking,Delivered,8370,0,8370.0
506173,2026-05-10 14:19:37.317731772,10597,20052,5.0,UPI,Returned,1561,15,6634.25
506174,2026-05-10 15:11:19.387938796,10415,20053,1.0,Credit Card,Delivered,2733,15,2323.05
506175,2026-05-10 16:03:01.458145816,10552,20045,1.0,Cash on Delivery,Delivered,19570,5,18591.5
506176,2026-05-10 16:54:43.528352836,10116,20004,1.0,Credit Card,Delivered,68919,0,68919.0
506177,2026-05-10 17:46:25.598559856,10130,20053,4.0,UPI,Cancelled,2733,0,10932.0
506178,2026-05-10 18:38:07.668766876,10451,20025,1.0,UPI,Delivered,5959,15,5065.15
506179,2026-05-10 19:29:49.738973896,10187,20021,5.0,UPI,Delivered,11517,20,46068.0
506180,2026-05-10 20:21:31.809180920,10510,20006,5.0,UPI,Cancelled,34232,5,162602.0
506181,2026-05-10 21:13:13.879387940,10279,20048,3.0,Credit Card,Cancelled,23385,0,70155.0
506182,2026-05-10 22:04:55.949594960,10121,20005,1.0,Credit Card,Delivered,55986,15,47588.1
506183,2026-05-10 22:56:38.019801980,10507,20089,2.0,Cash on Delivery,Delivered,507,20,811.2
506184,2026-05-10 23:48:20.090009000,10331,20093,3.0,Debit Card,Delivered,2351,0,7053.0
506185,2026-05-11 00:40:02.160216024,10482,20084,1.0,Cash on Delivery,Returned,7386,0,7386.0
506186,2026-05-11 01:31:44.230423044,10272,20032,4.0,Credit Card,Cancelled,14051,15,47773.4
506187,2026-05-11 02:23:26.300630064,10076,20017,2.0,Credit Card,Returned,1945,0,3890.0
506188,2026-05-11 03:15:08.370837084,10409,20053,4.0,Credit Card,Delivered,2733,20,8745.6
506189,2026-05-11 04:06:50.441044104,10075,20071,2.0,UPI,Delivered,4484,0,8968.0
506190,2026-05-11 04:58:32.511251124,10398,20003,4.0,UPI,Delivered,53620,5,203756.0
506191,2026-05-11 05:50:14.581458148,10251,20090,1.0,Net Banking,Returned,691,5,656.45
506192,2026-05-11 06:41:56.651665168,10475,20046,1.0,Debit Card,Delivered,18692,0,18692.0
506193,2026-05-11 07:33:38.721872188,10523,20086,1.0,UPI,Cancelled,13579,0,13579.0
506194,2026-05-11 08:25:20.792079208,10245,20009,4.0,Credit Card,Delivered,18553,0,74212.0
506195,2026-05-11 09:17:02.862286228,10530,20045,5.0,UPI,Cancelled,19570,0,97850.0
506196,2026-05-11 10:08:44.932493248,10067,20048,5.0,Credit Card,Delivered,23385,0,116925.0
506197,2026-05-11 11:00:27.002700272,10065,20006,1.0,UPI,Delivered,34232,20,27385.6
506198,2026-05-11 11:52:09.072907292,10597,20074,1.0,Net Banking,Cancelled,5850,10,5265.0
506199,2026-05-11 12:43:51.143114312,10345,20097,1.0,Credit Card,Delivered,3648,0,3648.0
506200,2026-05-11 13:35:33.213321332,10271,20057,4.0,Credit Card,Delivered,4302,15,14626.8
506201,2026-05-11 14:27:15.283528352,10094,20042,1.0,Debit Card,Cancelled,51100,10,45990.0
506202,2026-05-11 15:18:57.353735376,10174,20067,2.0,Cash on Delivery,Delivered,2588,0,5176.0
506203,2026-05-11 16:10:39.423942396,10412,20038,3.0,Net Banking,Delivered,9637,0,28911.0
506204,2026-05-11 17:02:21.494149416,10494,20038,1.0,Credit Card,Returned,9637,15,8191.45
506205,2026-05-11 17:54:03.564356436,10550,20079,2.0,UPI,Delivered,3686,10,6634.8
506206,2026-05-11 18:45:45.634563456,10245,20062,3.0,Debit Card,Delivered,2317,10,6255.9
506207,2026-05-11 19:37:27.704770476,10273,20028,4.0,Net Banking,Delivered,8241,5,31315.8
506208,2026-05-11 20:29:09.774977500,10098,20043,1.0,Cash on Delivery,Delivered,21634,10,19470.6
506209,2026-05-11 21:20:51.845184520,10050,20087,2.0,Credit Card,Delivered,9356,20,14969.6
506210,2026-05-11 22:12:33.915391540,10263,20055,1.0,Debit Card,Returned,1081,0,1081.0
506211,2026-05-11 23:04:15.985598560,10348,20008,1.0,UPI,Cancelled,36276,0,36276.0
506212,2026-05-11 23:55:58.055805580,10063,20090,3.0,UPI,Delivered,691,15,1762.05
506213,2026-05-12 00:47:40.126012600,10246,20078,2.0,UPI,Cancelled,7034,5,13364.6
506214,2026-05-12 01:39:22.196219624,10385,20028,1.0,UPI,Delivered,8241,0,8241.0
506215,2026-05-12 02:31:04.266426644,10487,20101,1.0,Credit Card,Returned,2343,0,2343.0
506216,2026-05-12 03:22:46.336633664,10564,20099,5.0,UPI,Delivered,4248,15,18054.0
506217,2026-05-12 04:14:28.406840684,10205,20104,4.0,Debit Card,Cancelled,778,5,2956.4
506218,2026-05-12 05:06:10.477047704,10236,20040,5.0,Debit Card,Delivered,9982,15,42423.5
506219,2026-05-12 05:57:52.547254724,10525,20097,1.0,UPI,Cancelled,3648,0,3648.0
506220,2026-05-12 06:49:34.617461748,10416,20084,1.0,Debit Card,Delivered,7386,10,6647.4
506221,2026-05-12 07:41:16.687668768,10165,20091,1.0,UPI,Returned,412,10,370.8
506222,2026-05-12 08:32:58.757875788,10412,20057,1.0,UPI,Delivered,4302,5,4086.9
506223,2026-05-12 09:24:40.828082808,10095,20030,2.0,Cash on Delivery,Delivered,6241,0,12482.0
506224,2026-05-12 10:16:22.898289828,10270,20024,3.0,UPI,Cancelled,4109,0,12327.0
506225,2026-05-12 11:08:04.968496852,10184,20101,1.0,UPI,Delivered,2343,15,1991.55
506226,2026-05-12 11:59:47.038703872,10596,20053,2.0,Debit Card,Delivered,2733,0,5466.0
506227,2026-05-12 12:51:29.108910892,10021,20097,2.0,UPI,Returned,3648,0,7296.0
506228,2026-05-12 13:43:11.179117912,10515,20058,1.0,Credit Card,Returned,3049,20,2439.2
506229,2026-05-12 14:34:53.249324932,10169,20056,2.0,Debit Card,Cancelled,1999,10,3598.2
506230,2026-05-12 15:26:35.319531952,10022,20008,2.0,Debit Card,Delivered,36276,0,72552.0
506231,2026-05-12 16:18:17.389738976,10397,20042,5.0,Credit Card,Cancelled,51100,0,255500.0
506232,2026-05-12 17:09:59.459945996,10407,20058,1.0,Cash on Delivery,Delivered,3049,5,2896.55
506233,2026-05-12 18:01:41.530153016,10086,20012,1.0,UPI,Delivered,15742,10,14167.8
506234,2026-05-12 18:53:23.600360036,10023,20017,4.0,Credit Card,Returned,1945,5,7391.0
506235,2026-05-12 19:45:05.670567056,10067,20062,2.0,UPI,Delivered,2317,20,3707.2
506236,2026-05-12 20:36:47.740774076,10246,20026,2.0,UPI,Returned,9415,15,16005.5
506237,2026-05-12 21:28:29.810981100,10080,20073,3.0,Cash on Delivery,Delivered,5411,5,15421.35
506238,2026-05-12 22:20:11.881188120,10422,20048,5.0,Debit Card,Delivered,23385,0,116925.0
506239,2026-05-12 23:11:53.951395140,10047,20043,1.0,UPI,Cancelled,21634,0,21634.0
506240,2026-05-13 00:03:36.021602160,10474,20013,4.0,Credit Card,Delivered,24693,0,98772.0
506241,2026-05-13 00:55:18.091809180,10525,20043,3.0,UPI,Delivered,21634,10,58411.8
506242,2026-05-13 01:47:00.162016204,10431,20057,2.0,Debit Card,Delivered,4302,0,8604.0
506243,2026-05-13 02:38:42.232223224,10567,20060,4.0,UPI,Delivered,4824,0,19296.0
506244,2026-05-13 03:30:24.302430244,10564,20029,1.0,Cash on Delivery,Cancelled,11176,0,11176.0
506245,2026-05-13 04:22:06.372637264,10028,20003,4.0,UPI,Delivered,53620,5,203756.0
506246,2026-05-13 05:13:48.442844284,10206,20098,2.0,UPI,Delivered,1112,10,2001.6
506247,2026-05-13 06:05:30.513051304,10457,20100,5.0,Cash on Delivery,Delivered,2214,0,11070.0
506248,2026-05-13 06:57:12.583258328,10204,20095,2.0,Cash on Delivery,Cancelled,1791,0,3582.0
506249,2026-05-13 07:48:54.653465348,10443,20031,3.0,UPI,Delivered,16301,5,46457.85
506250,2026-05-13 08:40:36.723672368,10465,20063,2.0,Credit Card,Delivered,7613,0,15226.0
506251,2026-05-13 09:32:18.793879388,10599,20015,2.0,Cash on Delivery,Delivered,27789,20,44462.4
506252,2026-05-13 10:24:00.864086408,10198,20095,2.0,Debit Card,Returned,1791,0,3582.0
506253,2026-05-13 11:15:42.934293428,10209,20001,5.0,Debit Card,Delivered,63388,0,316940.0
506254,2026-05-13 12:07:25.004500452,10015,20049,4.0,Debit Card,Returned,578,0,2312.0
506255,2026-05-13 12:59:07.074707472,10172,20090,1.0,Cash on Delivery,Delivered,691,5,656.45
506256,2026-05-13 13:50:49.144914492,10169,20076,4.0,Credit Card,Delivered,6747,10,24289.2
506257,2026-05-13 14:42:31.215121512,10272,20090,2.0,UPI,Returned,691,0,1382.0
506258,2026-05-13 15:34:13.285328532,10253,20052,1.0,Credit Card,Returned,1561,15,1326.85
506259,2026-05-13 16:25:55.355535556,10514,20010,4.0,Debit Card,Delivered,24340,0,97360.0
506260,2026-05-13 17:17:37.425742576,10465,20001,1.0,Credit Card,Delivered,63388,0,63388.0
506261,2026-05-13 18:09:19.495949596,10438,20016,4.0,UPI,Cancelled,24382,10,87775.2
506262,2026-05-13 19:01:01.566156616,10004,20006,2.0,Debit Card,Returned,34232,15,58194.4
506263,2026-05-13 19:52:43.636363636,10283,20047,5.0,Credit Card,Delivered,20791,15,88361.75
506264,2026-05-13 20:44:25.706570656,10438,20006,2.0,Cash on Delivery,Delivered,34232,5,65040.8
506265,2026-05-13 21:36:07.776777680,10147,20020,1.0,UPI,Delivered,1219,20,975.2
506266,2026-05-13 22:27:49.846984700,10255,20044,4.0,Debit Card,Returned,32508,15,110527.2
506267,2026-05-13 23:19:31.917191720,10437,20077,3.0,Credit Card,Delivered,4744,0,14232.0
506268,2026-05-14 00:11:13.987398740,10477,20071,1.0,UPI,Delivered,4484,10,4035.6
506269,2026-05-14 01:02:56.057605760,10513,20007,1.0,Credit Card,Delivered,22213,0,22213.0
506270,2026-05-14 01:54:38.127812780,10258,20094,4.0,UPI,Returned,4584,0,18336.0
506271,2026-05-14 02:46:20.198019804,10240,20058,4.0,Net Banking,Delivered,3049,5,11586.2
506272,2026-05-14 03:38:02.268226824,10230,20037,1.0,Debit Card,Delivered,4164,10,3747.6
506273,2026-05-14 04:29:44.338433844,10402,20040,3.0,UPI,Delivered,9982,10,26951.4
506274,2026-05-14 05:21:26.408640864,10252,20089,1.0,Credit Card,Delivered,507,0,507.0
506275,2026-05-14 06:13:08.478847884,10241,20049,1.0,Cash on Delivery,Delivered,578,15,491.3
506276,2026-05-14 07:04:50.549054904,10101,20026,3.0,UPI,Delivered,9415,10,25420.5
506277,2026-05-14 07:56:32.619261928,10288,20045,4.0,Cash on Delivery,Cancelled,19570,15,66538.0
506278,2026-05-14 08:48:14.689468948,10143,20008,5.0,UPI,Delivered,36276,10,163242.0
506279,2026-05-14 09:39:56.759675968,10315,20016,2.0,UPI,Delivered,24382,20,39011.2
506280,2026-05-14 10:31:38.829882988,10534,20033,1.0,Credit Card,Delivered,16169,0,16169.0
506281,2026-05-14 11:23:20.900090008,10466,20023,2.0,UPI,Delivered,2698,0,5396.0
506282,2026-05-14 12:15:02.970297032,10287,20037,3.0,Net Banking,Delivered,4164,10,11242.8
506283,2026-05-14 13:06:45.040504052,10587,20007,5.0,Debit Card,Returned,22213,20,88852.0
506284,2026-05-14 13:58:27.110711072,10589,20064,1.0,Debit Card,Returned,3045,0,3045.0
506285,2026-05-14 14:50:09.180918092,10267,20012,3.0,Debit Card,Delivered,15742,20,37780.8
506286,2026-05-14 15:41:51.251125112,10459,20023,2.0,Debit Card,Cancelled,2698,15,4586.6
506287,2026-05-14 16:33:33.321332132,10206,20102,2.0,Debit Card,Delivered,2774,0,5548.0
506288,2026-05-14 17:25:15.391539156,10528,20001,1.0,Debit Card,Returned,63388,5,60218.6
506289,2026-05-14 18:16:57.461746176,10225,20030,1.0,Net Banking,Delivered,6241,0,6241.0
506290,2026-05-14 19:08:39.531953196,10155,20053,2.0,Credit Card,Cancelled,2733,10,4919.4
506291,2026-05-14 20:00:21.602160216,10081,20032,1.0,UPI,Cancelled,14051,15,11943.35
506292,2026-05-14 20:52:03.672367236,10506,20034,2.0,Credit Card,Returned,6711,0,13422.0
506293,2026-05-14 21:43:45.742574256,10179,20014,1.0,Credit Card,Delivered,13717,5,13031.15
506294,2026-05-14 22:35:27.812781280,10488,20045,4.0,UPI,Returned,19570,0,78280.0
506295,2026-05-14 23:27:09.882988300,10052,20079,1.0,Credit Card,Returned,3686,0,3686.0
506296,2026-05-15 00:18:51.953195320,10301,20062,2.0,Credit Card,Cancelled,2317,15,3938.9
506297,2026-05-15 01:10:34.023402340,10257,20097,1.0,UPI,Delivered,3648,0,3648.0
506298,2026-05-15 02:02:16.093609360,10264,20073,2.0,Net Banking,Delivered,5411,20,8657.6
506299,2026-05-15 02:53:58.163816384,10101,20083,2.0,Debit Card,Delivered,9080,10,16344.0
506300,2026-05-15 03:45:40.234023404,10045,20045,3.0,UPI,Cancelled,19570,0,58710.0
506301,2026-05-15 04:37:22.304230424,10208,20064,3.0,Cash on Delivery,Returned,3045,20,7308.0
506302,2026-05-15 05:29:04.374437444,10283,20061,5.0,Cash on Delivery,Cancelled,7110,0,35550.0
506303,2026-05-15 06:20:46.444644464,10477,20085,1.0,Net Banking,Delivered,11910,15,10123.5
506304,2026-05-15 07:12:28.514851484,10278,20053,4.0,UPI,Delivered,2733,0,10932.0
506305,2026-05-15 08:04:10.585058508,10148,20043,2.0,UPI,Returned,21634,20,34614.4
506306,2026-05-15 08:55:52.655265528,10158,20008,1.0,Credit Card,Delivered,36276,5,34462.2
506307,2026-05-15 09:47:34.725472548,10368,20090,5.0,Debit Card,Cancelled,691,5,3282.25
506308,2026-05-15 10:39:16.795679568,10262,20046,3.0,Debit Card,Delivered,18692,10,50468.4
506309,2026-05-15 11:30:58.865886588,10541,20084,1.0,Debit Card,Delivered,7386,15,6278.1
506310,2026-05-15 12:22:40.936093608,10264,20071,1.0,Debit Card,Delivered,4484,0,4484.0
506311,2026-05-15 13:14:23.006300632,10341,20001,3.0,Cash on Delivery,Delivered,63388,0,190164.0
506312,2026-05-15 14:06:05.076507652,10039,20068,3.0,Credit Card,Returned,1337,20,3208.8
506313,2026-05-15 14:57:47.146714672,10117,20051,1.0,Cash on Delivery,Delivered,1170,5,1111.5
506314,2026-05-15 15:49:29.216921692,10511,20025,3.0,Net Banking,Delivered,5959,0,17877.0
506315,2026-05-15 16:41:11.287128712,10207,20028,2.0,UPI,Delivered,8241,20,13185.6
506316,2026-05-15 17:32:53.357335736,10253,20067,5.0,Net Banking,Delivered,2588,0,12940.0
506317,2026-05-15 18:24:35.427542756,10355,20009,3.0,UPI,Delivered,18553,15,47310.15
506318,2026-05-15 19:16:17.497749776,10035,20064,5.0,UPI,Delivered,3045,0,15225.0
506319,2026-05-15 20:07:59.567956796,10304,20089,1.0,Cash on Delivery,Delivered,507,10,456.3
506320,2026-05-15 20:59:41.638163816,10208,20010,4.0,Credit Card,Cancelled,24340,0,97360.0
506321,2026-05-15 21:51:23.708370836,10090,20001,1.0,Credit Card,Cancelled,63388,0,63388.0
506322,2026-05-15 22:43:05.778577860,10252,20007,2.0,Cash on Delivery,Cancelled,22213,0,44426.0
506323,2026-05-15 23:34:47.848784880,10269,20076,5.0,UPI,Cancelled,6747,0,33735.0
506324,2026-05-16 00:26:29.918991900,10112,20089,4.0,UPI,Delivered,507,0,2028.0
506325,2026-05-16 01:18:11.989198920,10326,20103,1.0,UPI,Returned,2822,10,2539.8
506326,2026-05-16 02:09:54.059405940,10448,20003,1.0,Credit Card,Delivered,53620,15,45577.0
506327,2026-05-16 03:01:36.129612960,10161,20051,3.0,UPI,Delivered,1170,0,3510.0
506328,2026-05-16 03:53:18.199819984,10580,20006,5.0,UPI,Cancelled,34232,10,154044.0
506329,2026-05-16 04:45:00.270027004,10368,20039,2.0,Net Banking,Delivered,5898,0,11796.0
506330,2026-05-16 05:36:42.340234024,10464,20033,1.0,UPI,Delivered,16169,0,16169.0
506331,2026-05-16 06:28:24.410441044,10043,20064,1.0,Credit Card,Delivered,3045,15,2588.25
506332,2026-05-16 07:20:06.480648064,10461,20095,3.0,UPI,Delivered,1791,5,5104.35
506333,2026-05-16 08:11:48.550855088,10202,20084,3.0,Credit Card,Delivered,7386,0,22158.0
506334,2026-05-16 09:03:30.621062108,10427,20007,5.0,Debit Card,Delivered,22213,10,99958.5
506335,2026-05-16 09:55:12.691269128,10483,20025,2.0,Credit Card,Delivered,5959,0,11918.0
506336,2026-05-16 10:46:54.761476148,10151,20029,2.0,UPI,Returned,11176,0,22352.0
506337,2026-05-16 11:38:36.831683168,10156,20027,1.0,UPI,Delivered,7598,0,7598.0
506338,2026-05-16 12:30:18.901890188,10036,20037,4.0,UPI,Returned,4164,0,16656.0
506339,2026-05-16 13:22:00.972097212,10364,20064,5.0,UPI,Delivered,3045,0,15225.0
506340,2026-05-16 14:13:43.042304232,10465,20077,1.0,Credit Card,Cancelled,4744,15,4032.4
506341,2026-05-16 15:05:25.112511252,10247,20098,2.0,UPI,Delivered,1112,0,2224.0
506342,2026-05-16 15:57:07.182718272,10097,20074,1.0,UPI,Returned,5850,0,5850.0
506343,2026-05-16 16:48:49.252925292,10190,20032,3.0,UPI,Delivered,14051,0,42153.0
506344,2026-05-16 17:40:31.323132312,10242,20020,4.0,Net Banking,Cancelled,1219,15,4144.6
506345,2026-05-16 18:32:13.393339336,10550,20040,1.0,Credit Card,Delivered,9982,5,9482.9
506346,2026-05-16 19:23:55.463546356,10075,20084,5.0,Credit Card,Delivered,7386,15,31390.5
506347,2026-05-16 20:15:37.533753376,10206,20104,1.0,Credit Card,Delivered,778,5,739.1
506348,2026-05-16 21:07:19.603960396,10383,20041,4.0,Credit Card,Returned,36528,10,131500.8
506349,2026-05-16 21:59:01.674167416,10143,20019,3.0,UPI,Returned,1265,5,3605.25
506350,2026-05-16 22:50:43.744374436,10531,20001,1.0,Credit Card,Delivered,63388,10,57049.2
506351,2026-05-16 23:42:25.814581460,10546,20009,3.0,Credit Card,Delivered,18553,20,44527.2
506352,2026-05-17 00:34:07.884788480,10229,20067,1.0,UPI,Delivered,2588,10,2329.2
506353,2026-05-17 01:25:49.954995500,10448,20062,1.0,UPI,Delivered,2317,5,2201.15
506354,2026-05-17 02:17:32.025202520,10454,20067,1.0,Cash on Delivery,Delivered,2588,20,2070.4
506355,2026-05-17 03:09:14.095409540,10410,20003,3.0,Debit Card,Returned,53620,10,144774.0
506356,2026-05-17 04:00:56.165616564,10112,20046,4.0,UPI,Delivered,18692,20,59814.4
506357,2026-05-17 04:52:38.235823584,10030,20019,2.0,Cash on Delivery,Delivered,1265,10,2277.0
506358,2026-05-17 05:44:20.306030604,10209,20035,4.0,UPI,Delivered,15331,10,55191.6
506359,2026-05-17 06:36:02.376237624,10079,20065,1.0,UPI,Delivered,1731,5,1644.45
506360,2026-05-17 07:27:44.446444644,10176,20029,2.0,UPI,Delivered,11176,15,18999.2
506361,2026-05-17 08:19:26.516651664,10384,20069,4.0,Cash on Delivery,Delivered,3824,0,15296.0
506362,2026-05-17 09:11:08.586858688,10354,20031,2.0,UPI,Delivered,16301,5,30971.9
506363,2026-05-17 10:02:50.657065708,10126,20054,2.0,Net Banking,Delivered,1287,20,2059.2
506364,2026-05-17 10:54:32.727272728,10011,20048,1.0,Debit Card,Delivered,23385,0,23385.0
506365,2026-05-17 11:46:14.797479748,10136,20040,2.0,Credit Card,Delivered,9982,5,18965.8
506366,2026-05-17 12:37:56.867686768,10273,20014,4.0,UPI,Cancelled,13717,0,54868.0
506367,2026-05-17 13:29:38.937893788,10468,20060,4.0,UPI,Delivered,4824,5,18331.2
506368,2026-05-17 14:21:21.008100812,10220,20103,1.0,Debit Card,Returned,2822,0,2822.0
506369,2026-05-17 15:13:03.078307832,10172,20067,2.0,Credit Card,Returned,2588,5,4917.2
506370,2026-05-17 16:04:45.148514852,10331,20078,2.0,Credit Card,Delivered,7034,0,14068.0
506371,2026-05-17 16:56:27.218721872,10043,20084,5.0,UPI,Delivered,7386,15,31390.5
506372,2026-05-17 17:48:09.288928892,10136,20004,4.0,Debit Card,Delivered,68919,20,220540.8
506373,2026-05-17 18:39:51.359135916,10022,20083,4.0,Debit Card,Delivered,9080,5,34504.0
506374,2026-05-17 19:31:33.429342936,10316,20026,4.0,Credit Card,Delivered,9415,10,33894.0
506375,2026-05-17 20:23:15.499549956,10266,20070,1.0,Credit Card,Returned,4368,5,4149.6
506376,2026-05-17 21:14:57.569756976,10350,20103,2.0,UPI,Delivered,2822,0,5644.0
506377,2026-05-17 22:06:39.639963996,10371,20094,2.0,UPI,Delivered,4584,5,8709.6
506378,2026-05-17 22:58:21.710171016,10238,20044,2.0,UPI,Returned,32508,5,61765.2
506379,2026-05-17 23:50:03.780378040,10522,20088,5.0,Debit Card,Returned,7259,15,30850.75
506380,2026-05-18 00:41:45.850585060,10551,20065,5.0,UPI,Delivered,1731,10,7789.5
506381,2026-05-18 01:33:27.920792080,10067,20014,5.0,UPI,Returned,13717,0,68585.0
506382,2026-05-18 02:25:09.990999100,10553,20025,2.0,UPI,Returned,5959,10,10726.2
506383,2026-05-18 03:16:52.061206120,10119,20100,1.0,UPI,Returned,2214,20,1771.2
506384,2026-05-18 04:08:34.131413140,10150,20096,1.0,Credit Card,Returned,3065,0,3065.0
506385,2026-05-18 05:00:16.201620164,10318,20093,1.0,Debit Card,Delivered,2351,15,1998.35
506386,2026-05-18 05:51:58.271827184,10018,20040,3.0,Credit Card,Delivered,9982,5,28448.7
506387,2026-05-18 06:43:40.342034204,10219,20034,1.0,Credit Card,Delivered,6711,0,6711.0
506388,2026-05-18 07:35:22.412241224,10117,20084,3.0,Credit Card,Cancelled,7386,0,22158.0
506389,2026-05-18 08:27:04.482448244,10290,20003,5.0,Credit Card,Returned,53620,0,268100.0
506390,2026-05-18 09:18:46.552655268,10489,20094,1.0,Net Banking,Delivered,4584,10,4125.6
506391,2026-05-18 10:10:28.622862288,10555,20063,5.0,Net Banking,Delivered,7613,20,30452.0
506392,2026-05-18 11:02:10.693069308,10128,20066,2.0,Net Banking,Returned,1710,0,3420.0
506393,2026-05-18 11:53:52.763276328,10327,20046,4.0,Net Banking,Delivered,18692,0,74768.0
506394,2026-05-18 12:45:34.833483348,10285,20102,1.0,Net Banking,Cancelled,2774,10,2496.6
506395,2026-05-18 13:37:16.903690368,10250,20078,1.0,Credit Card,Delivered,7034,0,7034.0
506396,2026-05-18 14:28:58.973897392,10380,20006,5.0,Credit Card,Cancelled,34232,5,162602.0
506397,2026-05-18 15:20:41.044104412,10594,20055,5.0,Debit Card,Delivered,1081,0,5405.0
506398,2026-05-18 16:12:23.114311432,10244,20090,2.0,UPI,Returned,691,0,1382.0
506399,2026-05-18 17:04:05.184518452,10040,20008,1.0,UPI,Returned,36276,0,36276.0
506400,2026-05-18 17:55:47.254725472,10550,20077,1.0,Cash on Delivery,Cancelled,4744,5,4506.8
506401,2026-05-18 18:47:29.324932492,10560,20026,2.0,Credit Card,Returned,9415,5,17888.5
506402,2026-05-18 19:39:11.395139516,10194,20053,5.0,UPI,Returned,2733,0,13665.0
506403,2026-05-18 20:30:53.465346536,10301,20092,2.0,Credit Card,Delivered,803,15,1365.1
506404,2026-05-18 21:22:35.535553556,10518,20052,5.0,UPI,Delivered,1561,0,7805.0
506405,2026-05-18 22:14:17.605760576,10303,20004,2.0,UPI,Delivered,68919,10,124054.2
506406,2026-05-18 23:05:59.675967596,10289,20003,1.0,Credit Card,Delivered,53620,0,53620.0
506407,2026-05-18 23:57:41.746174616,10554,20077,2.0,Credit Card,Delivered,4744,0,9488.0
506408,2026-05-19 00:49:23.816381640,10498,20097,1.0,Credit Card,Delivered,3648,0,3648.0
506409,2026-05-19 01:41:05.886588660,10305,20031,1.0,UPI,Delivered,16301,5,15485.95
506410,2026-05-19 02:32:47.956795680,10097,20098,3.0,Credit Card,Delivered,1112,0,3336.0
506411,2026-05-19 03:24:30.027002700,10264,20048,1.0,UPI,Delivered,23385,0,23385.0
506412,2026-05-19 04:16:12.097209720,10406,20007,5.0,Credit Card,Delivered,22213,5,105511.75
506413,2026-05-19 05:07:54.167416744,10164,20056,4.0,Debit Card,Cancelled,1999,10,7196.4
506414,2026-05-19 05:59:36.237623764,10323,20102,4.0,UPI,Delivered,2774,15,9431.6
506415,2026-05-19 06:51:18.307830784,10396,20027,1.0,Cash on Delivery,Delivered,7598,0,7598.0
506416,2026-05-19 07:43:00.378037804,10052,20100,5.0,Debit Card,Delivered,2214,0,11070.0
506417,2026-05-19 08:34:42.448244824,10342,20068,2.0,UPI,Cancelled,1337,20,2139.2
506418,2026-05-19 09:26:24.518451844,10443,20042,3.0,Credit Card,Delivered,51100,15,130305.0
506419,2026-05-19 10:18:06.588658868,10129,20073,1.0,UPI,Delivered,5411,15,4599.35
506420,2026-05-19 11:09:48.658865888,10330,20042,4.0,UPI,Delivered,51100,20,163520.0
506421,2026-05-19 12:01:30.729072908,10426,20009,1.0,Cash on Delivery,Delivered,18553,10,16697.7
506422,2026-05-19 12:53:12.799279928,10027,20091,3.0,Debit Card,Delivered,412,20,988.8
506423,2026-05-19 13:44:54.869486948,10387,20039,1.0,Debit Card,Cancelled,5898,5,5603.1
506424,2026-05-19 14:36:36.939693968,10156,20059,5.0,Debit Card,Returned,5868,5,27873.0
506425,2026-05-19 15:28:19.009900992,10239,20078,3.0,Cash on Delivery,Delivered,7034,10,18991.8
506426,2026-05-19 16:20:01.080108012,10389,20009,2.0,Cash on Delivery,Delivered,18553,5,35250.7
506427,2026-05-19 17:11:43.150315032,10003,20076,2.0,UPI,Delivered,6747,5,12819.3
506428,2026-05-19 18:03:25.220522052,10011,20038,1.0,UPI,Returned,9637,0,9637.0
506429,2026-05-19 18:55:07.290729072,10268,20057,1.0,Credit Card,Delivered,4302,15,3656.7
506430,2026-05-19 19:46:49.360936096,10570,20048,4.0,UPI,Returned,23385,0,93540.0
506431,2026-05-19 20:38:31.431143116,10004,20081,4.0,Credit Card,Delivered,14773,20,47273.6
506432,2026-05-19 21:30:13.501350136,10474,20020,5.0,UPI,Delivered,1219,15,5180.75
506433,2026-05-19 22:21:55.571557156,10045,20012,1.0,Net Banking,Delivered,15742,20,12593.6
506434,2026-05-19 23:13:37.641764176,10294,20043,1.0,UPI,Cancelled,21634,10,19470.6
506435,2026-05-20 00:05:19.711971196,10259,20013,4.0,Net Banking,Returned,24693,10,88894.8
506436,2026-05-20 00:57:01.782178220,10281,20026,1.0,Credit Card,Delivered,9415,0,9415.0
506437,2026-05-20 01:48:43.852385240,10050,20069,1.0,UPI,Delivered,3824,10,3441.6
506438,2026-05-20 02:40:25.922592260,10453,20086,1.0,Net Banking,Delivered,13579,10,12221.1
506439,2026-05-20 03:32:07.992799280,10166,20073,5.0,Credit Card,Delivered,5411,0,27055.0
506440,2026-05-20 04:23:50.063006300,10463,20034,4.0,Debit Card,Delivered,6711,0,26844.0
506441,2026-05-20 05:15:32.133213320,10394,20085,1.0,Net Banking,Delivered,11910,0,11910.0
506442,2026-05-20 06:07:14.203420344,10331,20043,4.0,UPI,Returned,21634,0,86536.0
506443,2026-05-20 06:58:56.273627364,10186,20019,2.0,UPI,Cancelled,1265,10,2277.0
506444,2026-05-20 07:50:38.343834384,10392,20079,4.0,UPI,Delivered,3686,20,11795.2
506445,2026-05-20 08:42:20.414041404,10599,20054,2.0,UPI,Delivered,1287,20,2059.2
506446,2026-05-20 09:34:02.484248424,10554,20039,3.0,Cash on Delivery,Delivered,5898,5,16809.3
506447,2026-05-20 10:25:44.554455448,10550,20069,2.0,Net Banking,Returned,3824,20,6118.4
506448,2026-05-20 11:17:26.624662468,10132,20076,3.0,UPI,Cancelled,6747,0,20241.0
506449,2026-05-20 12:09:08.694869488,10352,20024,4.0,Debit Card,Delivered,4109,20,13148.8
506450,2026-05-20 13:00:50.765076508,10239,20013,2.0,Cash on Delivery,Delivered,24693,20,39508.8
506451,2026-05-20 13:52:32.835283528,10581,20054,1.0,UPI,Cancelled,1287,0,1287.0
506452,2026-05-20 14:44:14.905490548,10571,20006,1.0,UPI,Delivered,34232,0,34232.0
506453,2026-05-20 15:35:56.975697572,10521,20067,2.0,Net Banking,Cancelled,2588,10,4658.4
506454,2026-05-20 16:27:39.045904592,10098,20046,2.0,Debit Card,Delivered,18692,0,37384.0
506455,2026-05-20 17:19:21.116111612,10192,20023,4.0,UPI,Cancelled,2698,10,9712.8
506456,2026-05-20 18:11:03.186318632,10427,20063,1.0,Credit Card,Delivered,7613,0,7613.0
506457,2026-05-20 19:02:45.256525652,10450,20040,5.0,UPI,Cancelled,9982,5,47414.5
506458,2026-05-20 19:54:27.326732672,10211,20041,1.0,Debit Card,Delivered,36528,20,29222.4
506459,2026-05-20 20:46:09.396939696,10083,20023,2.0,Debit Card,Delivered,2698,0,5396.0
506460,2026-05-20 21:37:51.467146716,10083,20071,2.0,UPI,Returned,4484,0,8968.0
506461,2026-05-20 22:29:33.537353736,10411,20094,2.0,Net Banking,Delivered,4584,10,8251.2
506462,2026-05-20 23:21:15.607560756,10273,20065,1.0,Credit Card,Delivered,1731,10,1557.9
506463,2026-05-21 00:12:57.677767776,10295,20025,4.0,Debit Card,Delivered,5959,0,23836.0
506464,2026-05-21 01:04:39.747974796,10490,20087,1.0,Debit Card,Delivered,9356,0,9356.0
506465,2026-05-21 01:56:21.818181820,10011,20013,4.0,Credit Card,Delivered,24693,10,88894.8
506466,2026-05-21 02:48:03.888388840,10453,20031,2.0,UPI,Returned,16301,10,29341.8
506467,2026-05-21 03:39:45.958595860,10165,20004,5.0,UPI,Delivered,68919,20,275676.0
506468,2026-05-21 04:31:28.028802880,10559,20089,5.0,Debit Card,Delivered,507,20,2028.0
506469,2026-05-21 05:23:10.099009900,10574,20005,4.0,Debit Card,Cancelled,55986,15,190352.4
506470,2026-05-21 06:14:52.169216924,10302,20057,2.0,UPI,Delivered,4302,0,8604.0
506471,2026-05-21 07:06:34.239423944,10190,20020,2.0,Cash on Delivery,Delivered,1219,0,2438.0
506472,2026-05-21 07:58:16.309630964,10140,20023,3.0,Net Banking,Returned,2698,10,7284.6
506473,2026-05-21 08:49:58.379837984,10109,20064,3.0,UPI,Returned,3045,5,8678.25
506474,2026-05-21 09:41:40.450045004,10600,20084,4.0,UPI,Delivered,7386,0,29544.0
506475,2026-05-21 10:33:22.520252024,10113,20002,2.0,Credit Card,Cancelled,66297,5,125964.3
506476,2026-05-21 11:25:04.590459048,10268,20017,2.0,UPI,Delivered,1945,15,3306.5
506477,2026-05-21 12:16:46.660666068,10288,20030,1.0,Cash on Delivery,Delivered,6241,15,5304.85
506478,2026-05-21 13:08:28.730873088,10408,20099,1.0,Debit Card,Delivered,4248,20,3398.4
506479,2026-05-21 14:00:10.801080108,10506,20007,4.0,UPI,Delivered,22213,0,88852.0
506480,2026-05-21 14:51:52.871287128,10335,20019,5.0,Credit Card,Returned,1265,20,5060.0
506481,2026-05-21 15:43:34.941494148,10455,20042,2.0,UPI,Delivered,51100,5,97090.0
506482,2026-05-21 16:35:17.011701172,10341,20034,1.0,Credit Card,Delivered,6711,0,6711.0
506483,2026-05-21 17:26:59.081908192,10263,20006,1.0,UPI,Delivered,34232,20,27385.6
506484,2026-05-21 18:18:41.152115212,10095,20057,1.0,Net Banking,Delivered,4302,0,4302.0
506485,2026-05-21 19:10:23.222322232,10126,20064,3.0,Debit Card,Delivered,3045,0,9135.0
506486,2026-05-21 20:02:05.292529252,10260,20019,3.0,Cash on Delivery,Delivered,1265,15,3225.75
506487,2026-05-21 20:53:47.362736276,10028,20072,1.0,UPI,Delivered,3499,15,2974.15
506488,2026-05-21 21:45:29.432943296,10190,20006,1.0,Credit Card,Delivered,34232,0,34232.0
506489,2026-05-21 22:37:11.503150316,10278,20077,1.0,Net Banking,Cancelled,4744,20,3795.2
506490,2026-05-21 23:28:53.573357336,10284,20027,3.0,UPI,Returned,7598,15,19374.9
506491,2026-05-22 00:20:35.643564356,10489,20024,2.0,UPI,Delivered,4109,15,6985.3
506492,2026-05-22 01:12:17.713771376,10581,20021,1.0,Cash on Delivery,Delivered,11517,0,11517.0
506493,2026-05-22 02:03:59.783978400,10438,20091,3.0,Debit Card,Delivered,412,20,988.8
506494,2026-05-22 02:55:41.854185420,10048,20053,4.0,Net Banking,Cancelled,2733,0,10932.0
506495,2026-05-22 03:47:23.924392440,10246,20072,2.0,Credit Card,Delivered,3499,15,5948.3
506496,2026-05-22 04:39:05.994599460,10438,20022,1.0,Credit Card,Delivered,9827,15,8352.95
506497,2026-05-22 05:30:48.064806480,10357,20006,1.0,Credit Card,Delivered,34232,5,32520.4
506498,2026-05-22 06:22:30.135013500,10275,20004,4.0,Credit Card,Cancelled,68919,0,275676.0
506499,2026-05-22 07:14:12.205220524,10262,20046,2.0,UPI,Delivered,18692,5,35514.8
506500,2026-05-22 08:05:54.275427544,10244,20034,1.0,Net Banking,Delivered,6711,0,6711.0
506501,2026-05-22 08:57:36.345634564,10348,20080,1.0,Credit Card,Cancelled,8370,0,8370.0
506502,2026-05-22 09:49:18.415841584,10108,20082,4.0,Credit Card,Delivered,7271,0,29084.0
506503,2026-05-22 10:41:00.486048604,10311,20033,5.0,Net Banking,Delivered,16169,0,80845.0
506504,2026-05-22 11:32:42.556255628,10124,20046,2.0,Debit Card,Cancelled,18692,10,33645.6
506505,2026-05-22 12:24:24.626462648,10409,20040,1.0,UPI,Delivered,9982,10,8983.8
506506,2026-05-22 13:16:06.696669668,10519,20071,2.0,Debit Card,Delivered,4484,15,7622.8
506507,2026-05-22 14:07:48.766876688,10305,20066,4.0,Credit Card,Returned,1710,0,6840.0
506508,2026-05-22 14:59:30.837083708,10233,20068,2.0,UPI,Delivered,1337,15,2272.9
506509,2026-05-22 15:51:12.907290728,10565,20006,1.0,UPI,Delivered,34232,0,34232.0
506510,2026-05-22 16:42:54.977497752,10396,20036,1.0,Debit Card,Delivered,17380,5,16511.0
506511,2026-05-22 17:34:37.047704772,10257,20101,1.0,Debit Card,Delivered,2343,15,1991.55
506512,2026-05-22 18:26:19.117911792,10018,20036,2.0,Cash on Delivery,Returned,17380,0,34760.0
506513,2026-05-22 19:18:01.188118812,10010,20019,2.0,UPI,Cancelled,1265,0,2530.0
506514,2026-05-22 20:09:43.258325832,10133,20021,2.0,Credit Card,Delivered,11517,15,19578.9
506515,2026-05-22 21:01:25.328532852,10142,20003,4.0,UPI,Cancelled,53620,0,214480.0
506516,2026-05-22 21:53:07.398739876,10433,20082,1.0,Cash on Delivery,Cancelled,7271,0,7271.0
506517,2026-05-22 22:44:49.468946896,10301,20001,5.0,Net Banking,Delivered,63388,10,285246.0
506518,2026-05-22 23:36:31.539153916,10600,20062,1.0,Cash on Delivery,Returned,2317,5,2201.15
506519,2026-05-23 00:28:13.609360936,10325,20042,2.0,Credit Card,Delivered,51100,0,102200.0
506520,2026-05-23 01:19:55.679567956,10542,20010,1.0,UPI,Delivered,24340,20,19472.0
506521,2026-05-23 02:11:37.749774980,10332,20092,1.0,Credit Card,Cancelled,803,5,762.85
506522,2026-05-23 03:03:19.819982000,10215,20078,4.0,UPI,Delivered,7034,0,28136.0
506523,2026-05-23 03:55:01.890189020,10429,20086,1.0,UPI,Delivered,13579,0,13579.0
506524,2026-05-23 04:46:43.960396040,10270,20098,2.0,UPI,Returned,1112,10,2001.6
506525,2026-05-23 05:38:26.030603060,10165,20095,2.0,UPI,Delivered,1791,15,3044.7
506526,2026-05-23 06:30:08.100810080,10284,20073,2.0,UPI,Returned,5411,15,9198.7
506527,2026-05-23 07:21:50.171017104,10399,20056,2.0,Cash on Delivery,Cancelled,1999,10,3598.2
506528,2026-05-23 08:13:32.241224124,10226,20073,2.0,Debit Card,Delivered,5411,20,8657.6
506529,2026-05-23 09:05:14.311431144,10423,20047,5.0,Debit Card,Cancelled,20791,10,93559.5
506530,2026-05-23 09:56:56.381638164,10589,20019,1.0,UPI,Delivered,1265,0,1265.0
506531,2026-05-23 10:48:38.451845184,10247,20041,2.0,Debit Card,Delivered,36528,0,73056.0
506532,2026-05-23 11:40:20.522052204,10178,20049,1.0,Credit Card,Delivered,578,0,578.0
506533,2026-05-23 12:32:02.592259228,10242,20005,4.0,UPI,Delivered,55986,15,190352.4
506534,2026-05-23 13:23:44.662466248,10503,20089,4.0,Credit Card,Delivered,507,0,2028.0
506535,2026-05-23 14:15:26.732673268,10108,20095,4.0,UPI,Delivered,1791,0,7164.0
506536,2026-05-23 15:07:08.802880288,10585,20044,1.0,Net Banking,Delivered,32508,5,30882.6
506537,2026-05-23 15:58:50.873087308,10249,20052,1.0,Net Banking,Returned,1561,5,1482.95
506538,2026-05-23 16:50:32.943294328,10505,20088,2.0,UPI,Delivered,7259,0,14518.0
506539,2026-05-23 17:42:15.013501352,10473,20048,2.0,Debit Card,Cancelled,23385,0,46770.0
506540,2026-05-23 18:33:57.083708372,10471,20072,1.0,UPI,Cancelled,3499,20,2799.2
506541,2026-05-23 19:25:39.153915392,10546,20054,5.0,UPI,Cancelled,1287,0,6435.0
506542,2026-05-23 20:17:21.224122412,10111,20029,5.0,Debit Card,Cancelled,11176,0,55880.0
506543,2026-05-23 21:09:03.294329432,10357,20083,2.0,Debit Card,Delivered,9080,0,18160.0
506544,2026-05-23 22:00:45.364536456,10060,20021,4.0,Debit Card,Delivered,11517,0,46068.0
506545,2026-05-23 22:52:27.434743476,10180,20024,2.0,UPI,Returned,4109,0,8218.0
506546,2026-05-23 23:44:09.504950496,10025,20072,3.0,Credit Card,Delivered,3499,15,8922.45
506547,2026-05-24 00:35:51.575157516,10410,20074,4.0,UPI,Delivered,5850,0,23400.0
506548,2026-05-24 01:27:33.645364536,10365,20100,1.0,UPI,Returned,2214,0,2214.0
506549,2026-05-24 02:19:15.715571556,10445,20074,1.0,UPI,Delivered,5850,0,5850.0
506550,2026-05-24 03:10:57.785778580,10106,20003,2.0,UPI,Delivered,53620,10,96516.0
506551,2026-05-24 04:02:39.855985600,10200,20089,5.0,UPI,Returned,507,20,2028.0
506552,2026-05-24 04:54:21.926192620,10406,20044,2.0,UPI,Returned,32508,0,65016.0
506553,2026-05-24 05:46:03.996399640,10496,20001,2.0,Debit Card,Delivered,63388,5,120437.2
506554,2026-05-24 06:37:46.066606660,10532,20061,1.0,UPI,Delivered,7110,0,7110.0
506555,2026-05-24 07:29:28.136813680,10045,20018,2.0,UPI,Delivered,3166,10,5698.8
506556,2026-05-24 08:21:10.207020704,10242,20044,1.0,Cash on Delivery,Delivered,32508,10,29257.2
506557,2026-05-24 09:12:52.277227724,10007,20049,1.0,Net Banking,Delivered,578,0,578.0
506558,2026-05-24 10:04:34.347434744,10492,20008,5.0,UPI,Delivered,36276,10,163242.0
506559,2026-05-24 10:56:16.417641764,10074,20089,2.0,UPI,Returned,507,0,1014.0
506560,2026-05-24 11:47:58.487848784,10494,20054,1.0,UPI,Cancelled,1287,5,1222.65
506561,2026-05-24 12:39:40.558055808,10094,20101,1.0,Cash on Delivery,Delivered,2343,20,1874.4
506562,2026-05-24 13:31:22.628262828,10010,20049,2.0,UPI,Delivered,578,20,924.8
506563,2026-05-24 14:23:04.698469848,10528,20062,1.0,UPI,Delivered,2317,0,2317.0
506564,2026-05-24 15:14:46.768676868,10264,20085,2.0,Debit Card,Delivered,11910,0,23820.0
506565,2026-05-24 16:06:28.838883888,10255,20023,2.0,Debit Card,Delivered,2698,15,4586.6
506566,2026-05-24 16:58:10.909090908,10389,20095,5.0,UPI,Cancelled,1791,0,8955.0
506567,2026-05-24 17:49:52.979297932,10165,20020,1.0,UPI,Returned,1219,10,1097.1
506568,2026-05-24 18:41:35.049504952,10415,20104,1.0,Credit Card,Delivered,778,5,739.1
506569,2026-05-24 19:33:17.119711972,10258,20067,2.0,UPI,Returned,2588,0,5176.0
506570,2026-05-24 20:24:59.189918992,10164,20054,3.0,UPI,Delivered,1287,0,3861.0
506571,2026-05-24 21:16:41.260126012,10237,20022,1.0,Net Banking,Delivered,9827,15,8352.95
506572,2026-05-24 22:08:23.330333032,10004,20060,1.0,Debit Card,Delivered,4824,0,4824.0
506573,2026-05-24 23:00:05.400540056,10181,20058,1.0,Debit Card,Cancelled,3049,15,2591.65
506574,2026-05-24 23:51:47.470747076,10355,20103,4.0,Debit Card,Delivered,2822,0,11288.0
506575,2026-05-25 00:43:29.540954096,10083,20087,1.0,Credit Card,Delivered,9356,20,7484.8
506576,2026-05-25 01:35:11.611161116,10072,20051,5.0,UPI,Delivered,1170,10,5265.0
506577,2026-05-25 02:26:53.681368136,10394,20041,2.0,Debit Card,Delivered,36528,5,69403.2
506578,2026-05-25 03:18:35.751575160,10257,20041,5.0,UPI,Delivered,36528,0,182640.0
506579,2026-05-25 04:10:17.821782180,10082,20040,1.0,UPI,Delivered,9982,0,9982.0
506580,2026-05-25 05:01:59.891989200,10449,20002,2.0,UPI,Returned,66297,10,119334.6
506581,2026-05-25 05:53:41.962196220,10466,20004,1.0,Debit Card,Delivered,68919,10,62027.1
506582,2026-05-25 06:45:24.032403240,10021,20079,4.0,Credit Card,Delivered,3686,0,14744.0
506583,2026-05-25 07:37:06.102610260,10122,20027,2.0,Credit Card,Delivered,7598,0,15196.0
506584,2026-05-25 08:28:48.172817284,10223,20043,1.0,Credit Card,Delivered,21634,10,19470.6
506585,2026-05-25 09:20:30.243024304,10439,20073,3.0,Net Banking,Delivered,5411,0,16233.0
506586,2026-05-25 10:12:12.313231324,10045,20064,5.0,UPI,Delivered,3045,5,14463.75
506587,2026-05-25 11:03:54.383438344,10484,20038,3.0,Credit Card,Delivered,9637,10,26019.9
506588,2026-05-25 11:55:36.453645364,10192,20079,4.0,Debit Card,Returned,3686,15,12532.4
506589,2026-05-25 12:47:18.523852384,10076,20017,1.0,Debit Card,Returned,1945,0,1945.0
506590,2026-05-25 13:39:00.594059408,10519,20050,2.0,Credit Card,,1390,10,2502.0
506591,2026-05-25 14:30:42.664266428,10053,20011,4.0,UPI,Delivered,32685,20,104592.0
506592,2026-05-25 15:22:24.734473448,10078,20056,2.0,Cash on Delivery,Delivered,1999,20,3198.4
506593,2026-05-25 16:14:06.804680468,10570,20010,2.0,Credit Card,Cancelled,24340,20,38944.0
506594,2026-05-25 17:05:48.874887488,10312,20098,4.0,Net Banking,Delivered,1112,0,4448.0
506595,2026-05-25 17:57:30.945094508,10278,20069,2.0,Debit Card,Returned,3824,0,7648.0
506596,2026-05-25 18:49:13.015301532,10413,20026,1.0,Net Banking,Delivered,9415,20,7532.0
506597,2026-05-25 19:40:55.085508552,10379,20064,1.0,UPI,Delivered,3045,0,3045.0
506598,2026-05-25 20:32:37.155715572,10369,20037,4.0,Credit Card,Delivered,4164,0,16656.0
506599,2026-05-25 21:24:19.225922592,10014,20054,1.0,UPI,Cancelled,1287,5,1222.65
506600,2026-05-25 22:16:01.296129612,10332,20018,3.0,UPI,Delivered,3166,10,8548.2
506601,2026-05-25 23:07:43.366336636,10168,20053,2.0,UPI,Delivered,2733,0,5466.0
506602,2026-05-25 23:59:25.436543656,10485,20012,2.0,Credit Card,Cancelled,15742,10,28335.6
506603,2026-05-26 00:51:07.506750676,10304,20016,1.0,Credit Card,Delivered,24382,0,24382.0
506604,2026-05-26 01:42:49.576957696,10075,20061,1.0,Debit Card,Delivered,7110,0,7110.0
506605,2026-05-26 02:34:31.647164716,10532,20053,3.0,UPI,Cancelled,2733,20,6559.2
506606,2026-05-26 03:26:13.717371736,10171,20031,1.0,UPI,Delivered,16301,0,16301.0
506607,2026-05-26 04:17:55.787578760,10163,20007,1.0,UPI,Delivered,22213,0,22213.0
506608,2026-05-26 05:09:37.857785780,10562,20045,5.0,Debit Card,Delivered,19570,5,92957.5
506609,2026-05-26 06:01:19.927992800,10466,20097,1.0,UPI,Delivered,3648,0,3648.0
506610,2026-05-26 06:53:01.998199820,10516,20074,2.0,Debit Card,Delivered,5850,0,11700.0
506611,2026-05-26 07:44:44.068406840,10398,20007,1.0,UPI,Returned,22213,0,22213.0
506612,2026-05-26 08:36:26.138613860,10547,20098,3.0,Credit Card,Cancelled,1112,0,3336.0
506613,2026-05-26 09:28:08.208820884,10070,20045,1.0,Debit Card,Cancelled,19570,0,19570.0
506614,2026-05-26 10:19:50.279027904,10360,20060,2.0,Credit Card,Cancelled,4824,20,7718.4
506615,2026-05-26 11:11:32.349234924,10177,20001,2.0,Debit Card,Delivered,63388,15,107759.6
506616,2026-05-26 12:03:14.419441944,10240,20033,3.0,Cash on Delivery,Delivered,16169,0,48507.0
506617,2026-05-26 12:54:56.489648964,10143,20082,1.0,UPI,Delivered,7271,15,6180.35
506618,2026-05-26 13:46:38.559855988,10124,20035,2.0,UPI,Delivered,15331,20,24529.6
506619,2026-05-26 14:38:20.630063008,10266,20018,2.0,Cash on Delivery,Returned,3166,0,6332.0
506620,2026-05-26 15:30:02.700270028,10551,20010,1.0,Net Banking,Delivered,24340,0,24340.0
506621,2026-05-26 16:21:44.770477048,10382,20097,1.0,Debit Card,Returned,3648,0,3648.0
506622,2026-05-26 17:13:26.840684068,10210,20085,3.0,UPI,Delivered,11910,20,28584.0
506623,2026-05-26 18:05:08.910891088,10261,20005,2.0,UPI,Delivered,55986,20,89577.6
506624,2026-05-26 18:56:50.981098112,10318,20097,2.0,Net Banking,Delivered,3648,10,6566.4
506625,2026-05-26 19:48:33.051305132,10147,20086,5.0,Debit Card,Cancelled,13579,10,61105.5
506626,2026-05-26 20:40:15.121512152,10313,20038,2.0,UPI,Returned,9637,0,19274.0
506627,2026-05-26 21:31:57.191719172,10418,20069,4.0,UPI,Delivered,3824,5,14531.2
506628,2026-05-26 22:23:39.261926192,10146,20027,5.0,Net Banking,Returned,7598,0,37990.0
506629,2026-05-26 23:15:21.332133212,10351,20026,2.0,Credit Card,Delivered,9415,0,18830.0
506630,2026-05-27 00:07:03.402340236,10426,20075,1.0,Cash on Delivery,Delivered,7740,15,6579.0
506631,2026-05-27 00:58:45.472547256,10312,20022,2.0,Credit Card,Returned,9827,5,18671.3
506632,2026-05-27 01:50:27.542754276,10176,20037,1.0,UPI,Delivered,4164,0,4164.0
506633,2026-05-27 02:42:09.612961296,10333,20038,3.0,UPI,Cancelled,9637,0,28911.0
506634,2026-05-27 03:33:51.683168316,10476,20016,1.0,Credit Card,Delivered,24382,10,21943.8
506635,2026-05-27 04:25:33.753375340,10134,20087,5.0,UPI,Delivered,9356,5,44441.0
506636,2026-05-27 05:17:15.823582360,10345,20071,3.0,UPI,Delivered,4484,0,13452.0
506637,2026-05-27 06:08:57.893789380,10409,20090,2.0,UPI,Cancelled,691,10,1243.8
506638,2026-05-27 07:00:39.963996400,10193,20055,1.0,UPI,Delivered,1081,0,1081.0
506639,2026-05-27 07:52:22.034203420,10233,20019,1.0,Net Banking,Delivered,1265,0,1265.0
506640,2026-05-27 08:44:04.104410440,10534,20030,3.0,UPI,Returned,6241,20,14978.4
506641,2026-05-27 09:35:46.174617464,10219,20037,4.0,Credit Card,Delivered,4164,10,14990.4
506642,2026-05-27 10:27:28.244824484,10359,20098,1.0,Debit Card,Delivered,1112,0,1112.0
506643,2026-05-27 11:19:10.315031504,10090,20025,1.0,UPI,Delivered,5959,15,5065.15
506644,2026-05-27 12:10:52.385238524,10556,20073,1.0,Credit Card,Delivered,5411,0,5411.0
506645,2026-05-27 13:02:34.455445544,10359,20013,4.0,Net Banking,Delivered,24693,15,83956.2
506646,2026-05-27 13:54:16.525652564,10457,20100,2.0,Credit Card,Delivered,2214,0,4428.0
506647,2026-05-27 14:45:58.595859588,10362,20068,1.0,Credit Card,Delivered,1337,5,1270.15
506648,2026-05-27 15:37:40.666066608,10214,20045,1.0,Net Banking,Returned,19570,10,17613.0
506649,2026-05-27 16:29:22.736273628,10205,20036,1.0,Cash on Delivery,Delivered,17380,0,17380.0
506650,2026-05-27 17:21:04.806480648,10421,20037,4.0,Net Banking,Delivered,4164,0,16656.0
506651,2026-05-27 18:12:46.876687668,10516,20024,4.0,Credit Card,Delivered,4109,10,14792.4
506652,2026-05-27 19:04:28.946894688,10077,20063,2.0,Debit Card,Delivered,7613,0,15226.0
506653,2026-05-27 19:56:11.017101712,10508,20091,3.0,Credit Card,Returned,412,15,1050.6
506654,2026-05-27 20:47:53.087308732,10499,20026,1.0,UPI,Returned,9415,5,8944.25
506655,2026-05-27 21:39:35.157515752,10066,20078,2.0,,Delivered,7034,0,14068.0
506656,2026-05-27 22:31:17.227722772,10065,20059,1.0,Net Banking,Delivered,5868,15,4987.8
506657,2026-05-27 23:22:59.297929792,10418,20081,4.0,UPI,Delivered,14773,20,47273.6
506658,2026-05-28 00:14:41.368136816,10506,20081,2.0,Cash on Delivery,Cancelled,14773,0,29546.0
506659,2026-05-28 01:06:23.438343836,10237,20005,4.0,Cash on Delivery,Cancelled,55986,20,179155.2
506660,2026-05-28 01:58:05.508550856,10385,20003,2.0,UPI,Delivered,53620,0,107240.0
506661,2026-05-28 02:49:47.578757876,10600,20096,2.0,UPI,Returned,3065,10,5517.0
506662,2026-05-28 03:41:29.648964896,10194,20017,5.0,Cash on Delivery,Delivered,1945,0,9725.0
506663,2026-05-28 04:33:11.719171916,10136,20060,5.0,UPI,Cancelled,4824,0,24120.0
506664,2026-05-28 05:24:53.789378940,10595,20079,2.0,Debit Card,Returned,3686,20,5897.6
506665,2026-05-28 06:16:35.859585960,10169,20053,1.0,UPI,Returned,2733,10,2459.7
506666,2026-05-28 07:08:17.929792980,10284,20001,3.0,UPI,Cancelled,63388,0,190164.0
506667,2026-05-28 08:00:00.000000000,10266,20002,1.0,UPI,Cancelled,66297,0,66297.0
506668,2026-05-28 08:51:42.070207020,10314,20070,2.0,UPI,Delivered,4368,15,7425.6
506669,2026-05-28 09:43:24.140414040,10162,20094,4.0,Cash on Delivery,Cancelled,4584,0,18336.0
506670,2026-05-28 10:35:06.210621064,10408,20036,5.0,UPI,Delivered,17380,10,78210.0
506671,2026-05-28 11:26:48.280828084,10416,20057,2.0,UPI,Delivered,4302,0,8604.0
506672,2026-05-28 12:18:30.351035104,10121,20098,2.0,Debit Card,Delivered,1112,20,1779.2
506673,2026-05-28 13:10:12.421242124,10289,20086,4.0,Cash on Delivery,Delivered,13579,15,46168.6
506674,2026-05-28 14:01:54.491449144,10035,20057,1.0,Credit Card,Delivered,4302,0,4302.0
506675,2026-05-28 14:53:36.561656168,10133,20069,1.0,Debit Card,Delivered,3824,5,3632.8
506676,2026-05-28 15:45:18.631863188,10593,20100,1.0,UPI,Delivered,2214,0,2214.0
506677,2026-05-28 16:37:00.702070208,10304,20083,1.0,Net Banking,Cancelled,9080,5,8626.0
506678,2026-05-28 17:28:42.772277228,10374,20044,5.0,Debit Card,Delivered,32508,0,162540.0
506679,2026-05-28 18:20:24.842484248,10534,20073,1.0,Cash on Delivery,Delivered,5411,0,5411.0
506680,2026-05-28 19:12:06.912691268,10429,20035,1.0,Debit Card,Cancelled,15331,15,13031.35
506681,2026-05-28 20:03:48.982898292,10476,20096,2.0,Cash on Delivery,Cancelled,3065,0,6130.0
506682,2026-05-28 20:55:31.053105312,10428,20010,2.0,Credit Card,Cancelled,24340,0,48680.0
506683,2026-05-28 21:47:13.123312332,10300,20024,4.0,Debit Card,Delivered,4109,5,15614.2
506684,2026-05-28 22:38:55.193519352,10380,20036,5.0,Debit Card,Delivered,17380,0,86900.0
506685,2026-05-28 23:30:37.263726372,10174,20022,2.0,UPI,Cancelled,9827,5,18671.3
506686,2026-05-29 00:22:19.333933392,10535,20062,1.0,Cash on Delivery,Delivered,2317,10,2085.3
506687,2026-05-29 01:14:01.404140416,10108,20075,1.0,Debit Card,Delivered,7740,0,7740.0
506688,2026-05-29 02:05:43.474347436,10531,20093,5.0,Net Banking,Delivered,2351,0,11755.0
506689,2026-05-29 02:57:25.544554456,10528,20053,1.0,UPI,Delivered,2733,0,2733.0
506690,2026-05-29 03:49:07.614761476,10086,20065,5.0,Net Banking,Delivered,1731,5,8222.25
506691,2026-05-29 04:40:49.684968496,10427,20063,1.0,UPI,Delivered,7613,0,7613.0
506692,2026-05-29 05:32:31.755175520,10594,20001,4.0,Cash on Delivery,Returned,63388,0,253552.0
506693,2026-05-29 06:24:13.825382540,10344,20074,3.0,UPI,Delivered,5850,15,14917.5
506694,2026-05-29 07:15:55.895589560,10205,20003,3.0,Debit Card,Delivered,53620,5,152817.0
506695,2026-05-29 08:07:37.965796580,10528,20057,3.0,UPI,Returned,4302,5,12260.7
506696,2026-05-29 08:59:20.036003600,10308,20104,1.0,Debit Card,Cancelled,778,0,778.0
506697,2026-05-29 09:51:02.106210620,10074,20082,1.0,UPI,Delivered,7271,15,6180.35
506698,2026-05-29 10:42:44.176417644,10150,20053,1.0,Net Banking,Delivered,2733,10,2459.7
506699,2026-05-29 11:34:26.246624664,10410,20034,2.0,Net Banking,Delivered,6711,5,12750.9
506700,2026-05-29 12:26:08.316831684,10274,20088,5.0,UPI,Returned,7259,10,32665.5
506701,2026-05-29 13:17:50.387038704,10131,20090,3.0,Net Banking,Delivered,691,0,2073.0
506702,2026-05-29 14:09:32.457245724,10480,20039,3.0,Debit Card,Delivered,5898,10,15924.6
506703,2026-05-29 15:01:14.527452744,10073,20012,1.0,Credit Card,Delivered,15742,0,15742.0
506704,2026-05-29 15:52:56.597659768,10132,20061,2.0,UPI,Cancelled,7110,0,14220.0
506705,2026-05-29 16:44:38.667866788,10280,20066,2.0,UPI,Delivered,1710,0,3420.0
506706,2026-05-29 17:36:20.738073808,10024,20098,1.0,UPI,Cancelled,1112,0,1112.0
506707,2026-05-29 18:28:02.808280828,10233,20093,2.0,Credit Card,Delivered,2351,5,4466.9
506708,2026-05-29 19:19:44.878487848,10546,20024,1.0,Credit Card,Returned,4109,0,4109.0
506709,2026-05-29 20:11:26.948694872,10565,20027,2.0,Credit Card,Delivered,7598,15,12916.6
506710,2026-05-29 21:03:09.018901892,10524,20104,2.0,Cash on Delivery,Delivered,778,0,1556.0
506711,2026-05-29 21:54:51.089108912,10195,20034,1.0,UPI,Cancelled,6711,0,6711.0
506712,2026-05-29 22:46:33.159315932,10039,20048,5.0,Net Banking,Delivered,23385,0,116925.0
506713,2026-05-29 23:38:15.229522952,10489,20032,1.0,Net Banking,Delivered,14051,0,14051.0
506714,2026-05-30 00:29:57.299729972,10224,20041,3.0,Debit Card,Cancelled,36528,0,109584.0
506715,2026-05-30 01:21:39.369936996,10450,20059,4.0,Credit Card,Delivered,5868,0,23472.0
506716,2026-05-30 02:13:21.440144016,10072,20031,1.0,UPI,Delivered,16301,0,16301.0
506717,2026-05-30 03:05:03.510351036,10401,20043,1.0,Net Banking,Delivered,21634,0,21634.0
506718,2026-05-30 03:56:45.580558056,10352,20037,2.0,Debit Card,Cancelled,4164,20,6662.4
506719,2026-05-30 04:48:27.650765076,10553,20012,4.0,Net Banking,Delivered,15742,10,56671.2
506720,2026-05-30 05:40:09.720972096,10062,20082,3.0,UPI,Returned,7271,0,21813.0
506721,2026-05-30 06:31:51.791179120,10245,20093,2.0,Credit Card,Delivered,2351,0,4702.0
506722,2026-05-30 07:23:33.861386140,10594,20052,4.0,Credit Card,Delivered,1561,0,6244.0
506723,2026-05-30 08:15:15.931593160,10234,20022,2.0,Debit Card,Delivered,9827,0,19654.0
506724,2026-05-30 09:06:58.001800180,10395,20067,5.0,Debit Card,Delivered,2588,5,12293.0
506725,2026-05-30 09:58:40.072007200,10097,20056,4.0,UPI,Cancelled,1999,15,6796.6
506726,2026-05-30 10:50:22.142214220,10438,20058,1.0,UPI,Delivered,3049,5,2896.55
506727,2026-05-30 11:42:04.212421244,10166,20062,2.0,UPI,Delivered,2317,0,4634.0
506728,2026-05-30 12:33:46.282628264,10344,20075,1.0,UPI,Delivered,7740,10,6966.0
506729,2026-05-30 13:25:28.352835284,10528,20005,1.0,UPI,Returned,55986,0,55986.0
506730,2026-05-30 14:17:10.423042304,10397,20011,1.0,UPI,Returned,32685,15,27782.25
506731,2026-05-30 15:08:52.493249324,10285,20010,1.0,UPI,Cancelled,24340,10,21906.0
506732,2026-05-30 16:00:34.563456348,10115,20017,1.0,Debit Card,Cancelled,1945,20,1556.0
506733,2026-05-30 16:52:16.633663368,10205,20102,3.0,Net Banking,Delivered,2774,0,8322.0
506734,2026-05-30 17:43:58.703870388,10510,20076,2.0,UPI,Delivered,6747,5,12819.3
506735,2026-05-30 18:35:40.774077408,10130,20070,2.0,UPI,Delivered,4368,20,6988.8
506736,2026-05-30 19:27:22.844284428,10394,20073,4.0,Debit Card,Delivered,5411,10,19479.6
506737,2026-05-30 20:19:04.914491448,10291,20004,4.0,Credit Card,Cancelled,68919,15,234324.6
506738,2026-05-30 21:10:46.984698472,10193,20023,2.0,UPI,Delivered,2698,5,5126.2
506739,2026-05-30 22:02:29.054905492,10430,20083,2.0,Credit Card,Delivered,9080,0,18160.0
506740,2026-05-30 22:54:11.125112512,10218,20049,3.0,Cash on Delivery,Returned,578,15,1473.9
506741,2026-05-30 23:45:53.195319532,10173,20053,2.0,UPI,Returned,2733,5,5192.7
506742,2026-05-31 00:37:35.265526552,10318,20079,2.0,Cash on Delivery,Delivered,3686,0,7372.0
506743,2026-05-31 01:29:17.335733572,10455,20008,1.0,UPI,Delivered,36276,0,36276.0
506744,2026-05-31 02:20:59.405940596,10519,20084,1.0,UPI,Delivered,7386,0,7386.0
506745,2026-05-31 03:12:41.476147616,10378,20071,1.0,UPI,Delivered,4484,15,3811.4
506746,2026-05-31 04:04:23.546354636,10398,20042,3.0,Debit Card,Delivered,51100,15,130305.0
506747,2026-05-31 04:56:05.616561656,10473,20052,4.0,Credit Card,Cancelled,1561,0,6244.0
506748,2026-05-31 05:47:47.686768676,10162,20008,2.0,Credit Card,Delivered,36276,0,72552.0
506749,2026-05-31 06:39:29.756975700,10151,20022,1.0,Cash on Delivery,Cancelled,9827,10,8844.3
506750,2026-05-31 07:31:11.827182720,10291,20026,2.0,Credit Card,Delivered,9415,0,18830.0
506751,2026-05-31 08:22:53.897389740,10379,20092,5.0,UPI,Delivered,803,0,4015.0
506752,2026-05-31 09:14:35.967596760,10388,20012,2.0,Debit Card,Delivered,15742,20,25187.2
506753,2026-05-31 10:06:18.037803780,10093,20031,1.0,UPI,Cancelled,16301,15,13855.85
506754,2026-05-31 10:58:00.108010800,10469,20014,1.0,Credit Card,Delivered,13717,20,10973.6
506755,2026-05-31 11:49:42.178217824,10219,20030,2.0,Net Banking,Delivered,6241,20,9985.6
506756,2026-05-31 12:41:24.248424844,10527,20002,4.0,Credit Card,Returned,66297,10,238669.2
506757,2026-05-31 13:33:06.318631864,10435,20029,1.0,UPI,Delivered,11176,0,11176.0
506758,2026-05-31 14:24:48.388838884,10590,20076,4.0,Credit Card,Delivered,6747,20,21590.4
506759,2026-05-31 15:16:30.459045904,10380,20080,4.0,UPI,Returned,8370,5,31806.0
506760,2026-05-31 16:08:12.529252924,10317,20040,1.0,UPI,Delivered,9982,5,9482.9
506761,2026-05-31 16:59:54.599459948,10113,20074,1.0,Credit Card,Delivered,5850,5,5557.5
506762,2026-05-31 17:51:36.669666968,10240,20065,1.0,UPI,Delivered,1731,5,1644.45
506763,2026-05-31 18:43:18.739873988,10516,20094,2.0,UPI,Delivered,4584,5,8709.6
506764,2026-05-31 19:35:00.810081008,10230,20084,1.0,Credit Card,Returned,7386,15,6278.1
506765,2026-05-31 20:26:42.880288028,10033,20024,5.0,Credit Card,Delivered,4109,0,20545.0
506766,2026-05-31 21:18:24.950495052,10148,20062,1.0,Credit Card,Delivered,2317,5,2201.15
506767,2026-05-31 22:10:07.020702072,10358,20082,3.0,Cash on Delivery,Returned,7271,10,19631.7
506768,2026-05-31 23:01:49.090909092,10378,20032,4.0,UPI,Returned,14051,5,53393.8
506769,2026-05-31 23:53:31.161116112,10591,20060,1.0,UPI,Delivered,4824,15,4100.4
506770,2026-06-01 00:45:13.231323132,10561,20042,1.0,Net Banking,Delivered,51100,0,51100.0
506771,2026-06-01 01:36:55.301530152,10319,20033,4.0,UPI,Cancelled,16169,20,51740.8
506772,2026-06-01 02:28:37.371737176,10333,20021,1.0,Cash on Delivery,Delivered,11517,0,11517.0
506773,2026-06-01 03:20:19.441944196,10481,20004,2.0,Debit Card,Cancelled,68919,15,117162.3
506774,2026-06-01 04:12:01.512151216,10030,20078,1.0,Credit Card,Delivered,7034,0,7034.0
506775,2026-06-01 05:03:43.582358236,10358,20086,1.0,UPI,Cancelled,13579,10,12221.1
506776,2026-06-01 05:55:25.652565256,10285,20068,2.0,UPI,Delivered,1337,0,2674.0
506777,2026-06-01 06:47:07.722772276,10470,20026,2.0,Net Banking,Delivered,9415,0,18830.0
506778,2026-06-01 07:38:49.792979300,10481,20002,1.0,UPI,Delivered,66297,0,66297.0
506779,2026-06-01 08:30:31.863186320,10394,20066,4.0,Debit Card,Delivered,1710,0,6840.0
506780,2026-06-01 09:22:13.933393340,10395,20021,1.0,Net Banking,Returned,11517,0,11517.0
506781,2026-06-01 10:13:56.003600360,10415,20058,2.0,Debit Card,Returned,3049,10,5488.2
506782,2026-06-01 11:05:38.073807380,10349,20101,1.0,UPI,Delivered,2343,0,2343.0
506783,2026-06-01 11:57:20.144014400,10137,20001,4.0,Debit Card,Delivered,63388,10,228196.8
506784,2026-06-01 12:49:02.214221424,10171,20061,,Debit Card,Delivered,7110,5,13509.0
506785,2026-06-01 13:40:44.284428444,10446,20104,3.0,UPI,Delivered,778,15,1983.9
506786,2026-06-01 14:32:26.354635464,10372,20035,1.0,Cash on Delivery,Cancelled,15331,10,13797.9
506787,2026-06-01 15:24:08.424842484,10143,20085,2.0,UPI,Delivered,11910,5,22629.0
506788,2026-06-01 16:15:50.495049504,10527,20087,1.0,Cash on Delivery,Delivered,9356,15,7952.6
506789,2026-06-01 17:07:32.565256528,10589,20051,1.0,UPI,Cancelled,1170,0,1170.0
506790,2026-06-01 17:59:14.635463548,10376,20032,5.0,UPI,Delivered,14051,5,66742.25
506791,2026-06-01 18:50:56.705670568,10137,20071,3.0,Debit Card,Returned,4484,0,13452.0
506792,2026-06-01 19:42:38.775877588,10563,20065,1.0,UPI,Delivered,1731,5,1644.45
506793,2026-06-01 20:34:20.846084608,10143,20050,1.0,UPI,Delivered,1390,5,1320.5
506794,2026-06-01 21:26:02.916291628,10260,20021,4.0,UPI,Delivered,11517,10,41461.2
506795,2026-06-01 22:17:44.986498652,10516,20078,1.0,Net Banking,Delivered,7034,0,7034.0
506796,2026-06-01 23:09:27.056705672,10313,20022,4.0,UPI,Delivered,9827,10,35377.2
506797,2026-06-02 00:01:09.126912692,10146,20014,1.0,Debit Card,Cancelled,13717,0,13717.0
506798,2026-06-02 00:52:51.197119712,10049,20007,2.0,Credit Card,Delivered,22213,0,44426.0
506799,2026-06-02 01:44:33.267326732,10217,20047,5.0,Credit Card,Delivered,20791,0,103955.0
506800,2026-06-02 02:36:15.337533752,10404,20013,3.0,UPI,Delivered,24693,5,70375.05
506801,2026-06-02 03:27:57.407740776,10429,20035,1.0,UPI,Returned,15331,0,15331.0
506802,2026-06-02 04:19:39.477947796,10134,20026,1.0,Cash on Delivery,Delivered,9415,15,8002.75
506803,2026-06-02 05:11:21.548154816,10096,20048,1.0,Net Banking,Delivered,23385,0,23385.0
506804,2026-06-02 06:03:03.618361836,10421,20081,2.0,Cash on Delivery,Delivered,14773,10,26591.4
506805,2026-06-02 06:54:45.688568856,10096,20047,1.0,Debit Card,Delivered,20791,20,16632.8
506806,2026-06-02 07:46:27.758775880,10039,20058,5.0,Net Banking,Returned,3049,10,13720.5
506807,2026-06-02 08:38:09.828982900,10292,20015,1.0,Cash on Delivery,Delivered,27789,15,23620.65
506808,2026-06-02 09:29:51.899189920,10343,20012,2.0,Credit Card,Delivered,15742,5,29909.8
506809,2026-06-02 10:21:33.969396940,10147,20102,5.0,Cash on Delivery,Delivered,2774,0,13870.0
506810,2026-06-02 11:13:16.039603960,10127,20065,1.0,UPI,Returned,1731,5,1644.45
506811,2026-06-02 12:04:58.109810980,10142,20002,2.0,UPI,Delivered,66297,15,112704.9
506812,2026-06-02 12:56:40.180018004,10206,20059,1.0,Credit Card,Cancelled,5868,0,5868.0
506813,2026-06-02 13:48:22.250225024,10006,20002,3.0,Credit Card,Cancelled,66297,5,188946.45
506814,2026-06-02 14:40:04.320432044,10008,20009,5.0,Credit Card,Delivered,18553,5,88126.75
506815,2026-06-02 15:31:46.390639064,10223,20039,4.0,Credit Card,Delivered,5898,20,18873.6
506816,2026-06-02 16:23:28.460846084,10012,20069,1.0,Credit Card,Delivered,3824,20,3059.2
506817,2026-06-02 17:15:10.531053104,10191,20065,1.0,Net Banking,Cancelled,1731,10,1557.9
506818,2026-06-02 18:06:52.601260128,10349,20083,3.0,UPI,Cancelled,9080,0,27240.0
506819,2026-06-02 18:58:34.671467148,10019,20019,4.0,UPI,Delivered,1265,0,5060.0
506820,2026-06-02 19:50:16.741674168,10371,20020,2.0,Debit Card,Delivered,1219,10,2194.2
506821,2026-06-02 20:41:58.811881188,10373,20056,5.0,Debit Card,Delivered,1999,0,9995.0
506822,2026-06-02 21:33:40.882088208,10345,20091,1.0,Net Banking,Cancelled,412,10,370.8
506823,2026-06-02 22:25:22.952295232,10376,20076,3.0,UPI,Delivered,6747,20,16192.8
506824,2026-06-02 23:17:05.022502252,10486,20070,2.0,UPI,Delivered,4368,0,8736.0
506825,2026-06-03 00:08:47.092709272,10043,20010,3.0,Cash on Delivery,Delivered,24340,20,58416.0
506826,2026-06-03 01:00:29.162916292,10102,20092,2.0,UPI,Cancelled,803,0,1606.0
506827,2026-06-03 01:52:11.233123312,10191,20103,2.0,Debit Card,Delivered,2822,5,5361.8
506828,2026-06-03 02:43:53.303330332,10413,20061,4.0,UPI,Delivered,7110,0,28440.0
506829,2026-06-03 03:35:35.373537356,10524,20036,4.0,Credit Card,Cancelled,17380,5,66044.0
506830,2026-06-03 04:27:17.443744376,10552,20069,4.0,Net Banking,Delivered,3824,5,14531.2
506831,2026-06-03 05:18:59.513951396,10350,20067,1.0,Credit Card,Delivered,2588,5,2458.6
506832,2026-06-03 06:10:41.584158416,10247,20097,2.0,UPI,Returned,3648,0,7296.0
506833,2026-06-03 07:02:23.654365436,10248,20012,3.0,Debit Card,Delivered,15742,15,40142.1
506834,2026-06-03 07:54:05.724572456,10036,20054,4.0,UPI,Delivered,1287,20,4118.4
506835,2026-06-03 08:45:47.794779480,10280,20074,1.0,UPI,Delivered,5850,5,5557.5
506836,2026-06-03 09:37:29.864986500,10308,20037,3.0,Credit Card,Cancelled,4164,15,10618.2
506837,2026-06-03 10:29:11.935193520,10125,20088,2.0,Credit Card,Delivered,7259,0,14518.0
506838,2026-06-03 11:20:54.005400540,10461,20007,1.0,Debit Card,Delivered,22213,15,18881.05
506839,2026-06-03 12:12:36.075607560,10488,20011,5.0,Credit Card,Delivered,32685,0,163425.0
506840,2026-06-03 13:04:18.145814580,10182,20083,2.0,Credit Card,Returned,9080,10,16344.0
506841,2026-06-03 13:56:00.216021604,10549,20014,2.0,UPI,Delivered,13717,5,26062.3
506842,2026-06-03 14:47:42.286228624,10065,20044,1.0,Cash on Delivery,Returned,32508,0,32508.0
506843,2026-06-03 15:39:24.356435644,10547,20030,1.0,UPI,Delivered,6241,0,6241.0
506844,2026-06-03 16:31:06.426642664,10461,20072,2.0,Cash on Delivery,Delivered,3499,5,6648.1
506845,2026-06-03 17:22:48.496849684,10135,20002,3.0,UPI,Delivered,66297,15,169057.35
506846,2026-06-03 18:14:30.567056708,10391,20038,1.0,UPI,Delivered,9637,0,9637.0
506847,2026-06-03 19:06:12.637263728,10187,20103,5.0,Debit Card,Delivered,2822,20,11288.0
506848,2026-06-03 19:57:54.707470748,10480,20039,4.0,Credit Card,Delivered,5898,0,23592.0
506849,2026-06-03 20:49:36.777677768,10097,20063,3.0,Debit Card,Delivered,7613,0,22839.0
506850,2026-06-03 21:41:18.847884788,10147,20103,4.0,Cash on Delivery,Delivered,2822,0,11288.0
506851,2026-06-03 22:33:00.918091808,10185,20064,4.0,Net Banking,Delivered,3045,20,9744.0
506852,2026-06-03 23:24:42.988298832,10120,20079,3.0,Credit Card,Returned,3686,5,10505.1
506853,2026-06-04 00:16:25.058505852,10200,20100,4.0,Debit Card,Delivered,2214,15,7527.6
506854,2026-06-04 01:08:07.128712872,10362,20065,3.0,Credit Card,Cancelled,1731,10,4673.7
506855,2026-06-04 01:59:49.198919892,10380,20087,4.0,Debit Card,Delivered,9356,10,33681.6
506856,2026-06-04 02:51:31.269126912,10333,20053,1.0,UPI,Delivered,2733,0,2733.0
506857,2026-06-04 03:43:13.339333932,10114,20085,1.0,UPI,Delivered,11910,0,11910.0
506858,2026-06-04 04:34:55.409540956,10122,20067,5.0,Credit Card,Delivered,2588,5,12293.0
506859,2026-06-04 05:26:37.479747976,10552,20036,2.0,UPI,Returned,17380,0,34760.0
506860,2026-06-04 06:18:19.549954996,10151,20059,1.0,Debit Card,Delivered,5868,5,5574.6
506861,2026-06-04 07:10:01.620162016,10062,20035,4.0,UPI,Cancelled,15331,20,49059.2
506862,2026-06-04 08:01:43.690369036,10273,20042,3.0,UPI,Returned,51100,0,153300.0
506863,2026-06-04 08:53:25.760576060,10005,20031,5.0,Debit Card,Delivered,16301,10,73354.5
506864,2026-06-04 09:45:07.830783080,10206,20052,1.0,Credit Card,Delivered,1561,0,1561.0
506865,2026-06-04 10:36:49.900990100,10513,20037,1.0,Cash on Delivery,Returned,4164,10,3747.6
506866,2026-06-04 11:28:31.971197120,10161,20066,2.0,UPI,Delivered,1710,10,3078.0
506867,2026-06-04 12:20:14.041404140,10423,20039,1.0,UPI,Delivered,5898,0,5898.0
506868,2026-06-04 13:11:56.111611160,10294,20052,2.0,UPI,Cancelled,1561,5,2965.9
506869,2026-06-04 14:03:38.181818184,10214,20015,1.0,Credit Card,Delivered,27789,0,27789.0
506870,2026-06-04 14:55:20.252025204,10397,20041,1.0,UPI,Delivered,36528,5,34701.6
506871,2026-06-04 15:47:02.322232224,10358,20038,4.0,Debit Card,Returned,9637,5,36620.6
506872,2026-06-04 16:38:44.392439244,10191,20100,1.0,UPI,Delivered,2214,5,2103.3
506873,2026-06-04 17:30:26.462646264,10135,20047,4.0,Cash on Delivery,Cancelled,20791,10,74847.6
506874,2026-06-04 18:22:08.532853284,10551,20003,1.0,Credit Card,Delivered,53620,0,53620.0
506875,2026-06-04 19:13:50.603060308,10102,20033,2.0,Debit Card,Delivered,16169,15,27487.3
506876,2026-06-04 20:05:32.673267328,10576,20076,5.0,UPI,Returned,6747,15,28674.75
506877,2026-06-04 20:57:14.743474348,10283,20018,1.0,UPI,Delivered,3166,5,3007.7
506878,2026-06-04 21:48:56.813681368,10599,20017,5.0,UPI,Delivered,1945,20,7780.0
506879,2026-06-04 22:40:38.883888388,10212,20039,1.0,Credit Card,Returned,5898,0,5898.0
506880,2026-06-04 23:32:20.954095412,10340,20038,3.0,Credit Card,Delivered,9637,0,28911.0
506881,2026-06-05 00:24:03.024302432,10370,20051,4.0,UPI,Delivered,1170,0,4680.0
506882,2026-06-05 01:15:45.094509452,10204,20004,1.0,UPI,Delivered,68919,15,58581.15
506883,2026-06-05 02:07:27.164716472,10131,20075,1.0,Cash on Delivery,Delivered,7740,0,7740.0
506884,2026-06-05 02:59:09.234923492,10313,20023,4.0,UPI,Cancelled,2698,0,10792.0
506885,2026-06-05 03:50:51.305130512,10398,20074,1.0,UPI,Delivered,5850,0,5850.0
506886,2026-06-05 04:42:33.375337536,10157,20059,1.0,UPI,Delivered,5868,5,5574.6
506887,2026-06-05 05:34:15.445544556,10461,20022,1.0,UPI,Returned,9827,0,9827.0
506888,2026-06-05 06:25:57.515751576,10384,20049,2.0,Credit Card,Delivered,578,15,982.6
506889,2026-06-05 07:17:39.585958596,10100,20004,4.0,Debit Card,Delivered,68919,15,234324.6
506890,2026-06-05 08:09:21.656165616,10564,20073,2.0,Debit Card,Delivered,5411,20,8657.6
506891,2026-06-05 09:01:03.726372636,10027,20032,2.0,Debit Card,Delivered,14051,0,28102.0
506892,2026-06-05 09:52:45.796579660,10393,20040,4.0,UPI,Delivered,9982,5,37931.6
506893,2026-06-05 10:44:27.866786680,10264,20017,1.0,UPI,Delivered,1945,20,1556.0
506894,2026-06-05 11:36:09.936993700,10393,20038,5.0,Net Banking,Returned,9637,10,43366.5
506895,2026-06-05 12:27:52.007200720,10465,20042,1.0,UPI,Delivered,51100,20,40880.0
506896,2026-06-05 13:19:34.077407740,10413,20024,1.0,UPI,Delivered,4109,20,3287.2
506897,2026-06-05 14:11:16.147614764,10391,20102,5.0,Credit Card,Cancelled,2774,0,13870.0
506898,2026-06-05 15:02:58.217821784,10505,20030,3.0,Debit Card,Cancelled,6241,0,18723.0
506899,2026-06-05 15:54:40.288028804,10422,20019,2.0,UPI,Delivered,1265,10,2277.0
506900,2026-06-05 16:46:22.358235824,10489,20058,1.0,Cash on Delivery,Returned,3049,0,3049.0
506901,2026-06-05 17:38:04.428442844,10242,20034,2.0,UPI,Returned,6711,0,13422.0
506902,2026-06-05 18:29:46.498649864,10122,20048,4.0,Cash on Delivery,Delivered,23385,0,93540.0
506903,2026-06-05 19:21:28.568856888,10141,20076,1.0,UPI,Cancelled,6747,0,6747.0
506904,2026-06-05 20:13:10.639063908,10368,20009,1.0,Debit Card,Delivered,18553,10,16697.7
506905,2026-06-05 21:04:52.709270928,10320,20053,1.0,UPI,Delivered,2733,0,2733.0
506906,2026-06-05 21:56:34.779477948,10047,20003,2.0,Net Banking,Delivered,53620,20,85792.0
506907,2026-06-05 22:48:16.849684968,10123,20005,4.0,Credit Card,Returned,55986,0,223944.0
506908,2026-06-05 23:39:58.919891988,10581,20010,1.0,Net Banking,Delivered,24340,5,23123.0
506909,2026-06-06 00:31:40.990099012,10436,20017,4.0,Debit Card,Delivered,1945,10,7002.0
506910,2026-06-06 01:23:23.060306032,10453,20037,5.0,Credit Card,Delivered,4164,0,20820.0
506911,2026-06-06 02:15:05.130513052,10119,20098,2.0,UPI,Delivered,1112,15,1890.4
506912,2026-06-06 03:06:47.200720072,10039,20095,5.0,UPI,Delivered,1791,15,7611.75
506913,2026-06-06 03:58:29.270927092,10175,20011,5.0,Cash on Delivery,Delivered,32685,10,147082.5
506914,2026-06-06 04:50:11.341134112,10515,20104,4.0,Cash on Delivery,Delivered,778,10,2800.8
506915,2026-06-06 05:41:53.411341136,10304,20067,2.0,UPI,Delivered,2588,10,4658.4
506916,2026-06-06 06:33:35.481548156,10471,20058,1.0,UPI,Delivered,3049,20,2439.2
506917,2026-06-06 07:25:17.551755176,10293,20083,4.0,UPI,Delivered,9080,15,30872.0
506918,2026-06-06 08:16:59.621962196,10295,20051,2.0,UPI,Delivered,1170,0,2340.0
506919,2026-06-06 09:08:41.692169216,10361,20028,1.0,UPI,Delivered,8241,15,7004.85
506920,2026-06-06 10:00:23.762376240,10576,20056,3.0,Net Banking,Delivered,1999,0,5997.0
506921,2026-06-06 10:52:05.832583260,10263,20076,1.0,UPI,Delivered,6747,20,5397.6
506922,2026-06-06 11:43:47.902790280,10358,20071,5.0,Cash on Delivery,Cancelled,4484,0,22420.0
506923,2026-06-06 12:35:29.972997300,10552,20018,4.0,Cash on Delivery,Delivered,3166,10,11397.6
506924,2026-06-06 13:27:12.043204320,10224,20098,1.0,UPI,Delivered,1112,15,945.2
506925,2026-06-06 14:18:54.113411340,10504,20030,5.0,Credit Card,Delivered,6241,0,31205.0
506926,2026-06-06 15:10:36.183618364,10322,20086,5.0,Credit Card,Cancelled,13579,20,54316.0
506927,2026-06-06 16:02:18.253825384,10528,20033,4.0,UPI,Delivered,16169,5,61442.2
506928,2026-06-06 16:54:00.324032404,10281,20007,1.0,Debit Card,Delivered,22213,0,22213.0
506929,2026-06-06 17:45:42.394239424,10378,20104,3.0,Credit Card,Returned,778,5,2217.3
506930,2026-06-06 18:37:24.464446444,10194,20062,4.0,UPI,Delivered,2317,0,9268.0
506931,2026-06-06 19:29:06.534653464,10382,20023,4.0,Cash on Delivery,Delivered,2698,0,10792.0
506932,2026-06-06 20:20:48.604860488,10196,20001,2.0,UPI,Delivered,63388,20,101420.8
506933,2026-06-06 21:12:30.675067508,10366,20014,3.0,UPI,Returned,13717,15,34978.35
506934,2026-06-06 22:04:12.745274528,10474,20018,2.0,Cash on Delivery,Returned,3166,15,5382.2
506935,2026-06-06 22:55:54.815481548,10261,20097,1.0,UPI,Cancelled,3648,20,2918.4
506936,2026-06-06 23:47:36.885688568,10258,20019,3.0,UPI,Delivered,1265,10,3415.5
506937,2026-06-07 00:39:18.955895592,10194,20017,2.0,UPI,Delivered,1945,20,3112.0
506938,2026-06-07 01:31:01.026102612,10439,20088,1.0,UPI,Cancelled,7259,20,5807.2
506939,2026-06-07 02:22:43.096309632,10356,20092,3.0,Credit Card,Delivered,803,0,2409.0
506940,2026-06-07 03:14:25.166516652,10310,20022,1.0,Debit Card,Delivered,9827,5,9335.65
506941,2026-06-07 04:06:07.236723672,10016,20068,2.0,UPI,Returned,1337,0,2674.0
506942,2026-06-07 04:57:49.306930692,10067,20056,1.0,Credit Card,Delivered,1999,10,1799.1
506943,2026-06-07 05:49:31.377137716,10005,20060,5.0,UPI,Returned,4824,0,24120.0
506944,2026-06-07 06:41:13.447344736,10511,20033,4.0,Credit Card,Delivered,16169,15,54974.6
506945,2026-06-07 07:32:55.517551756,10511,20079,2.0,Cash on Delivery,Cancelled,3686,15,6266.2
506946,2026-06-07 08:24:37.587758776,10041,20092,3.0,Debit Card,Delivered,803,0,2409.0
506947,2026-06-07 09:16:19.657965796,10028,20076,1.0,Debit Card,Cancelled,6747,10,6072.3
506948,2026-06-07 10:08:01.728172816,10469,20094,5.0,UPI,Returned,4584,20,18336.0
506949,2026-06-07 10:59:43.798379840,10315,20012,1.0,Credit Card,Delivered,15742,15,13380.7
506950,2026-06-07 11:51:25.868586860,10186,20069,4.0,Net Banking,Delivered,3824,5,14531.2
506951,2026-06-07 12:43:07.938793880,10369,20104,4.0,Cash on Delivery,Delivered,778,20,2489.6
506952,2026-06-07 13:34:50.009000900,10142,20056,1.0,Debit Card,Returned,1999,0,1999.0
506953,2026-06-07 14:26:32.079207920,10119,20098,1.0,Credit Card,Returned,1112,0,1112.0
506954,2026-06-07 15:18:14.149414944,10221,20037,3.0,UPI,Delivered,4164,0,12492.0
506955,2026-06-07 16:09:56.219621964,10538,20094,4.0,UPI,Delivered,4584,0,18336.0
506956,2026-06-07 17:01:38.289828984,10461,20098,3.0,UPI,Returned,1112,10,3002.4
506957,2026-06-07 17:53:20.360036004,10115,20065,1.0,UPI,Delivered,1731,15,1471.35
506958,2026-06-07 18:45:02.430243024,10338,20074,3.0,UPI,Delivered,5850,0,17550.0
506959,2026-06-07 19:36:44.500450044,10531,20055,2.0,Credit Card,Delivered,1081,0,2162.0
506960,2026-06-07 20:28:26.570657068,10571,20033,5.0,Credit Card,Returned,16169,15,68718.25
506961,2026-06-07 21:20:08.640864088,10458,20056,4.0,Credit Card,Cancelled,1999,5,7596.2
506962,2026-06-07 22:11:50.711071108,10078,20101,4.0,Credit Card,Delivered,2343,0,9372.0
506963,2026-06-07 23:03:32.781278128,10145,20002,2.0,UPI,Cancelled,66297,5,125964.3
506964,2026-06-07 23:55:14.851485148,10132,20022,1.0,Credit Card,Returned,9827,10,8844.3
506965,2026-06-08 00:46:56.921692168,10091,20052,4.0,Cash on Delivery,Delivered,1561,10,5619.6
506966,2026-06-08 01:38:38.991899192,10106,20036,1.0,Credit Card,Delivered,17380,15,14773.0
506967,2026-06-08 02:30:21.062106212,10190,20065,1.0,Net Banking,Delivered,1731,20,1384.8
506968,2026-06-08 03:22:03.132313232,10334,20038,1.0,Credit Card,Delivered,9637,15,8191.45
506969,2026-06-08 04:13:45.202520252,10239,20069,2.0,Debit Card,Delivered,3824,0,7648.0
506970,2026-06-08 05:05:27.272727272,10253,20012,1.0,Credit Card,Cancelled,15742,0,15742.0
506971,2026-06-08 05:57:09.342934292,10148,20035,2.0,Debit Card,Delivered,15331,5,29128.9
506972,2026-06-08 06:48:51.413141316,10091,20073,1.0,Cash on Delivery,Delivered,5411,10,4869.9
506973,2026-06-08 07:40:33.483348336,10600,20050,5.0,Credit Card,Returned,1390,20,5560.0
506974,2026-06-08 08:32:15.553555356,10360,20075,2.0,Debit Card,Delivered,7740,5,14706.0
506975,2026-06-08 09:23:57.623762376,10138,20067,1.0,Cash on Delivery,Delivered,2588,0,2588.0
506976,2026-06-08 10:15:39.693969396,10486,20035,3.0,Net Banking,Returned,15331,20,36794.4
506977,2026-06-08 11:07:21.764176420,10499,20045,1.0,UPI,Returned,19570,15,16634.5
506978,2026-06-08 11:59:03.834383440,10581,20101,1.0,UPI,Delivered,2343,5,2225.85
506979,2026-06-08 12:50:45.904590460,10096,20101,3.0,Cash on Delivery,Delivered,2343,20,5623.2
506980,2026-06-08 13:42:27.974797480,10384,20004,5.0,Debit Card,Delivered,68919,0,344595.0
506981,2026-06-08 14:34:10.045004500,10589,20074,5.0,Cash on Delivery,Returned,5850,0,29250.0
506982,2026-06-08 15:25:52.115211520,10485,20052,2.0,UPI,Returned,1561,0,3122.0
506983,2026-06-08 16:17:34.185418544,10136,20001,4.0,Net Banking,Delivered,63388,0,253552.0
506984,2026-06-08 17:09:16.255625564,10536,20066,1.0,Net Banking,Returned,1710,20,1368.0
506985,2026-06-08 18:00:58.325832584,10254,20003,4.0,Net Banking,Cancelled,53620,0,214480.0
506986,2026-06-08 18:52:40.396039604,10294,20034,5.0,Debit Card,Delivered,6711,15,28521.75
506987,2026-06-08 19:44:22.466246624,10336,20072,2.0,UPI,Delivered,3499,0,6998.0
506988,2026-06-08 20:36:04.536453644,10463,20085,2.0,Debit Card,Delivered,11910,0,23820.0
506989,2026-06-08 21:27:46.606660668,10073,20043,2.0,Debit Card,Cancelled,21634,0,43268.0
506990,2026-06-08 22:19:28.676867688,10324,20085,1.0,UPI,Delivered,11910,0,11910.0
506991,2026-06-08 23:11:10.747074708,10491,20088,4.0,UPI,Cancelled,7259,0,29036.0
506992,2026-06-09 00:02:52.817281728,10330,20047,3.0,Cash on Delivery,Delivered,20791,20,49898.4
506993,2026-06-09 00:54:34.887488748,10165,20018,4.0,UPI,Delivered,3166,0,12664.0
506994,2026-06-09 01:46:16.957695772,10034,20069,1.0,Credit Card,Delivered,3824,0,3824.0
506995,2026-06-09 02:37:59.027902792,10330,20002,4.0,Debit Card,Returned,66297,15,225409.8
506996,2026-06-09 03:29:41.098109812,10423,20093,1.0,Cash on Delivery,Returned,2351,20,1880.8
506997,2026-06-09 04:21:23.168316832,10330,20041,4.0,Debit Card,Delivered,36528,0,146112.0
506998,2026-06-09 05:13:05.238523852,10588,20080,5.0,UPI,Delivered,8370,5,39757.5
506999,2026-06-09 06:04:47.308730872,10362,20077,5.0,UPI,Delivered,4744,5,22534.0
507000,2026-06-09 06:56:29.378937896,10305,20050,5.0,UPI,Delivered,1390,0,6950.0
507001,2026-06-09 07:48:11.449144916,10034,20102,1.0,UPI,Delivered,2774,0,2774.0
507002,2026-06-09 08:39:53.519351936,10336,20083,1.0,Net Banking,Returned,9080,20,7264.0
507003,2026-06-09 09:31:35.589558956,10102,20092,1.0,UPI,Delivered,803,10,722.7
507004,2026-06-09 10:23:17.659765976,10435,20010,2.0,UPI,Delivered,24340,10,43812.0
507005,2026-06-09 11:14:59.729972996,10097,20051,5.0,Net Banking,Returned,1170,0,5850.0
507006,2026-06-09 12:06:41.800180020,10545,20100,3.0,UPI,Delivered,2214,10,5977.8
507007,2026-06-09 12:58:23.870387040,10182,20085,2.0,UPI,Cancelled,11910,0,23820.0
507008,2026-06-09 13:50:05.940594060,10261,20048,4.0,Credit Card,Delivered,23385,0,93540.0
507009,2026-06-09 14:41:48.010801080,10087,20008,1.0,UPI,Delivered,36276,20,29020.8
507010,2026-06-09 15:33:30.081008100,10127,20030,3.0,UPI,Returned,6241,0,18723.0
507011,2026-06-09 16:25:12.151215124,10554,20060,2.0,Cash on Delivery,Cancelled,4824,15,8200.8
507012,2026-06-09 17:16:54.221422144,10171,20067,1.0,Net Banking,Returned,2588,0,2588.0
507013,2026-06-09 18:08:36.291629164,10308,20097,3.0,Debit Card,Delivered,3648,10,9849.6
507014,2026-06-09 19:00:18.361836184,10589,20010,4.0,Debit Card,Delivered,24340,10,87624.0
507015,2026-06-09 19:52:00.432043204,10375,20042,4.0,UPI,Delivered,51100,15,173740.0
507016,2026-06-09 20:43:42.502250224,10025,20029,4.0,Net Banking,Cancelled,11176,20,35763.2
507017,2026-06-09 21:35:24.572457248,10215,20100,4.0,Credit Card,Returned,2214,0,8856.0
507018,2026-06-09 22:27:06.642664268,10233,20018,2.0,UPI,Delivered,3166,20,5065.6
507019,2026-06-09 23:18:48.712871288,10166,20023,1.0,UPI,Delivered,2698,0,2698.0
507020,2026-06-10 00:10:30.783078308,10145,20031,5.0,Credit Card,Cancelled,16301,20,65204.0
507021,2026-06-10 01:02:12.853285328,10302,20011,2.0,UPI,Delivered,32685,5,62101.5
507022,2026-06-10 01:53:54.923492348,10227,20067,3.0,UPI,Cancelled,2588,15,6599.4
507023,2026-06-10 02:45:36.993699372,10177,20055,1.0,UPI,Delivered,1081,15,918.85
507024,2026-06-10 03:37:19.063906392,10248,20058,5.0,Credit Card,Delivered,3049,10,13720.5
507025,2026-06-10 04:29:01.134113412,10207,20095,5.0,UPI,Delivered,1791,20,7164.0
507026,2026-06-10 05:20:43.204320432,10138,20046,5.0,Credit Card,Returned,18692,10,84114.0
507027,2026-06-10 06:12:25.274527452,10272,20033,1.0,UPI,Delivered,16169,10,14552.1
507028,2026-06-10 07:04:07.344734472,10566,20040,4.0,Credit Card,Delivered,9982,0,39928.0
507029,2026-06-10 07:55:49.414941496,10304,20084,2.0,UPI,Delivered,7386,0,14772.0
507030,2026-06-10 08:47:31.485148516,10359,20055,1.0,Credit Card,Delivered,1081,0,1081.0
507031,2026-06-10 09:39:13.555355536,10591,20018,2.0,Debit Card,Delivered,3166,15,5382.2
507032,2026-06-10 10:30:55.625562556,10369,20072,2.0,Debit Card,Delivered,3499,10,6298.2
507033,2026-06-10 11:22:37.695769576,10134,20078,3.0,UPI,Returned,7034,10,18991.8
507034,2026-06-10 12:14:19.765976600,10240,20026,1.0,Credit Card,Returned,9415,10,8473.5
507035,2026-06-10 13:06:01.836183620,10293,20058,2.0,Net Banking,Delivered,3049,0,6098.0
507036,2026-06-10 13:57:43.906390640,10285,20059,3.0,UPI,Delivered,5868,20,14083.2
507037,2026-06-10 14:49:25.976597660,10090,20019,3.0,Credit Card,Returned,1265,5,3605.25
507038,2026-06-10 15:41:08.046804680,10064,20001,4.0,Credit Card,Delivered,63388,10,228196.8
507039,2026-06-10 16:32:50.117011700,10210,20075,3.0,Net Banking,Cancelled,7740,0,23220.0
507040,2026-06-10 17:24:32.187218724,10549,20065,3.0,Credit Card,Delivered,1731,10,4673.7
507041,2026-06-10 18:16:14.257425744,10431,20075,1.0,Cash on Delivery,Delivered,7740,0,7740.0
507042,2026-06-10 19:07:56.327632764,10506,20040,4.0,Debit Card,Delivered,9982,20,31942.4
507043,2026-06-10 19:59:38.397839784,10105,20054,1.0,Credit Card,Delivered,1287,15,1093.95
507044,2026-06-10 20:51:20.468046804,10249,20103,2.0,UPI,Delivered,2822,20,4515.2
507045,2026-06-10 21:43:02.538253824,10349,20024,2.0,Credit Card,Delivered,4109,0,8218.0
507046,2026-06-10 22:34:44.608460848,10261,20068,5.0,UPI,Delivered,1337,10,6016.5
507047,2026-06-10 23:26:26.678667868,10251,20014,1.0,Credit Card,Cancelled,13717,10,12345.3
507048,2026-06-11 00:18:08.748874888,10216,20007,2.0,UPI,Delivered,22213,0,44426.0
507049,2026-06-11 01:09:50.819081908,10031,20100,4.0,Debit Card,Cancelled,2214,0,8856.0
507050,2026-06-11 02:01:32.889288928,10515,20014,3.0,Debit Card,Delivered,13717,10,37035.9
507051,2026-06-11 02:53:14.959495952,10560,20069,1.0,Cash on Delivery,Delivered,3824,0,3824.0
507052,2026-06-11 03:44:57.029702972,10049,20054,1.0,UPI,Delivered,1287,0,1287.0
507053,2026-06-11 04:36:39.099909992,10249,20085,4.0,Cash on Delivery,Delivered,11910,15,40494.0
507054,2026-06-11 05:28:21.170117012,10311,20057,4.0,Net Banking,Delivered,4302,15,14626.8
507055,2026-06-11 06:20:03.240324032,10471,20073,1.0,Net Banking,Delivered,5411,10,4869.9
507056,2026-06-11 07:11:45.310531052,10593,20093,2.0,Debit Card,Delivered,2351,10,4231.8
507057,2026-06-11 08:03:27.380738076,10250,20087,4.0,UPI,Delivered,9356,15,31810.4
507058,2026-06-11 08:55:09.450945096,10450,20076,1.0,Net Banking,Returned,6747,0,6747.0
507059,2026-06-11 09:46:51.521152116,10563,20017,1.0,Credit Card,Delivered,1945,10,1750.5
507060,2026-06-11 10:38:33.591359136,10499,20018,1.0,Debit Card,Delivered,3166,15,2691.1
507061,2026-06-11 11:30:15.661566156,10175,20052,2.0,UPI,Delivered,1561,15,2653.7
507062,2026-06-11 12:21:57.731773176,10491,20069,2.0,UPI,Delivered,3824,10,6883.2
507063,2026-06-11 13:13:39.801980200,10248,20070,1.0,UPI,Delivered,4368,0,4368.0
507064,2026-06-11 14:05:21.872187220,10011,20082,1.0,Credit Card,Delivered,7271,0,7271.0
507065,2026-06-11 14:57:03.942394240,10456,20011,3.0,Credit Card,Cancelled,32685,10,88249.5
507066,2026-06-11 15:48:46.012601260,10502,20019,4.0,Cash on Delivery,Delivered,1265,0,5060.0
507067,2026-06-11 16:40:28.082808280,10207,20016,1.0,UPI,Delivered,24382,0,24382.0
507068,2026-06-11 17:32:10.153015304,10271,20057,3.0,UPI,Delivered,4302,5,12260.7
507069,2026-06-11 18:23:52.223222324,10219,20066,4.0,UPI,Delivered,1710,15,5814.0
507070,2026-06-11 19:15:34.293429344,10071,20013,2.0,UPI,Delivered,24693,0,49386.0
507071,2026-06-11 20:07:16.363636364,10597,20091,2.0,Credit Card,Delivered,412,10,741.6
507072,2026-06-11 20:58:58.433843384,10014,20032,1.0,Debit Card,Returned,14051,5,13348.45
507073,2026-06-11 21:50:40.504050404,10334,20069,5.0,Cash on Delivery,Returned,3824,0,19120.0
507074,2026-06-11 22:42:22.574257428,10009,20079,5.0,UPI,Cancelled,3686,10,16587.0
507075,2026-06-11 23:34:04.644464448,10414,20004,3.0,UPI,Delivered,68919,5,196419.15
507076,2026-06-12 00:25:46.714671468,10541,20090,5.0,Debit Card,Delivered,691,0,3455.0
507077,2026-06-12 01:17:28.784878488,10387,20101,2.0,UPI,Delivered,2343,15,3983.1
507078,2026-06-12 02:09:10.855085508,10364,20100,3.0,Debit Card,Delivered,2214,0,6642.0
507079,2026-06-12 03:00:52.925292528,10497,20015,4.0,Credit Card,Delivered,27789,0,111156.0
507080,2026-06-12 03:52:34.995499552,10585,20041,1.0,Net Banking,Delivered,36528,0,36528.0
507081,2026-06-12 04:44:17.065706572,10518,20025,1.0,UPI,Cancelled,5959,10,5363.1
507082,2026-06-12 05:35:59.135913592,10139,20047,1.0,Cash on Delivery,Cancelled,20791,20,16632.8
507083,2026-06-12 06:27:41.206120612,10338,20102,3.0,Cash on Delivery,Delivered,2774,15,7073.7
507084,2026-06-12 07:19:23.276327632,10492,20080,1.0,UPI,Delivered,8370,0,8370.0
507085,2026-06-12 08:11:05.346534656,10177,20081,2.0,Credit Card,Cancelled,14773,0,29546.0
507086,2026-06-12 09:02:47.416741676,10406,20044,2.0,Credit Card,Returned,32508,15,55263.6
507087,2026-06-12 09:54:29.486948696,10014,20098,3.0,UPI,Delivered,1112,10,3002.4
507088,2026-06-12 10:46:11.557155716,10527,20096,2.0,Cash on Delivery,Cancelled,3065,0,6130.0
507089,2026-06-12 11:37:53.627362736,10369,20084,1.0,UPI,Returned,7386,20,5908.8
507090,2026-06-12 12:29:35.697569756,10446,20085,3.0,UPI,Cancelled,11910,0,35730.0
507091,2026-06-12 13:21:17.767776780,10496,20068,2.0,UPI,Returned,1337,0,2674.0
507092,2026-06-12 14:12:59.837983800,10132,20010,1.0,Credit Card,Delivered,24340,5,23123.0
507093,2026-06-12 15:04:41.908190820,10271,20030,3.0,Net Banking,Delivered,6241,0,18723.0
507094,2026-06-12 15:56:23.978397840,10516,20080,1.0,Debit Card,Delivered,8370,0,8370.0
507095,2026-06-12 16:48:06.048604860,10099,20034,2.0,Debit Card,Delivered,6711,10,12079.8
507096,2026-06-12 17:39:48.118811880,10494,20018,5.0,UPI,Delivered,3166,0,15830.0
507097,2026-06-12 18:31:30.189018904,10173,20099,1.0,Debit Card,Returned,4248,10,3823.2
507098,2026-06-12 19:23:12.259225924,10346,20051,5.0,Credit Card,Delivered,1170,5,5557.5
507099,2026-06-12 20:14:54.329432944,10306,20090,2.0,Credit Card,Cancelled,691,15,1174.7
507100,2026-06-12 21:06:36.399639964,10412,20030,5.0,Credit Card,Delivered,6241,20,24964.0
507101,2026-06-12 21:58:18.469846984,10503,20038,4.0,Cash on Delivery,Returned,9637,10,34693.2
507102,2026-06-12 22:50:00.540054004,10210,20036,4.0,Debit Card,Delivered,17380,0,69520.0
507103,2026-06-12 23:41:42.610261028,10104,20039,1.0,Debit Card,Delivered,5898,10,5308.2
507104,2026-06-13 00:33:24.680468048,10254,20046,4.0,Credit Card,Delivered,18692,5,71029.6
507105,2026-06-13 01:25:06.750675068,10368,20031,1.0,UPI,Returned,16301,5,15485.95
507106,2026-06-13 02:16:48.820882088,10451,20085,5.0,Credit Card,Delivered,11910,0,59550.0
507107,2026-06-13 03:08:30.891089108,10453,20034,5.0,Debit Card,Delivered,6711,0,33555.0
507108,2026-06-13 04:00:12.961296132,10204,20046,2.0,Debit Card,Delivered,18692,0,37384.0
507109,2026-06-13 04:51:55.031503152,10562,20090,5.0,Debit Card,Delivered,691,10,3109.5
507110,2026-06-13 05:43:37.101710172,10050,20046,2.0,UPI,Cancelled,18692,0,37384.0
507111,2026-06-13 06:35:19.171917192,10071,20002,1.0,UPI,Delivered,66297,0,66297.0
507112,2026-06-13 07:27:01.242124212,10015,20001,4.0,UPI,Delivered,63388,5,240874.4
507113,2026-06-13 08:18:43.312331232,10556,20046,2.0,Debit Card,Delivered,18692,20,29907.2
507114,2026-06-13 09:10:25.382538256,10109,20068,1.0,Cash on Delivery,Returned,1337,0,1337.0
507115,2026-06-13 10:02:07.452745276,10361,20099,1.0,Credit Card,Delivered,4248,0,4248.0
507116,2026-06-13 10:53:49.522952296,10488,20014,3.0,Debit Card,Delivered,13717,0,41151.0
507117,2026-06-13 11:45:31.593159316,10461,20057,5.0,Debit Card,Delivered,4302,0,21510.0
507118,2026-06-13 12:37:13.663366336,10570,20031,3.0,UPI,Delivered,16301,20,39122.4
507119,2026-06-13 13:28:55.733573356,10033,20047,2.0,UPI,Delivered,20791,15,35344.7
507120,2026-06-13 14:20:37.803780380,10245,20047,1.0,UPI,Delivered,20791,0,20791.0
507121,2026-06-13 15:12:19.873987400,10304,20033,2.0,Cash on Delivery,Returned,16169,0,32338.0
507122,2026-06-13 16:04:01.944194420,10418,20002,1.0,UPI,Delivered,66297,5,62982.15
507123,2026-06-13 16:55:44.014401440,10374,20008,1.0,Credit Card,Returned,36276,0,36276.0
507124,2026-06-13 17:47:26.084608460,10336,20055,1.0,UPI,Delivered,1081,10,972.9
507125,2026-06-13 18:39:08.154815484,10185,20024,2.0,Debit Card,Returned,4109,20,6574.4
507126,2026-06-13 19:30:50.225022504,10064,20035,1.0,UPI,Delivered,15331,0,15331.0
507127,2026-06-13 20:22:32.295229524,10259,20010,1.0,Cash on Delivery,Returned,24340,15,20689.0
507128,2026-06-13 21:14:14.365436544,10156,20006,1.0,UPI,Delivered,34232,0,34232.0
507129,2026-06-13 22:05:56.435643564,10333,20014,4.0,Cash on Delivery,Cancelled,13717,0,54868.0
507130,2026-06-13 22:57:38.505850584,10479,20040,2.0,Credit Card,Delivered,9982,20,15971.2
507131,2026-06-13 23:49:20.576057608,10332,20018,2.0,Credit Card,Returned,3166,0,6332.0
507132,2026-06-14 00:41:02.646264628,10350,20025,2.0,Debit Card,Delivered,5959,0,11918.0
507133,2026-06-14 01:32:44.716471648,10026,20032,2.0,Credit Card,Delivered,14051,10,25291.8
507134,2026-06-14 02:24:26.786678668,10387,20031,2.0,UPI,Cancelled,16301,10,29341.8
507135,2026-06-14 03:16:08.856885688,10264,20002,4.0,Debit Card,Delivered,66297,5,251928.6
507136,2026-06-14 04:07:50.927092708,10075,20013,3.0,Credit Card,Delivered,24693,0,74079.0
507137,2026-06-14 04:59:32.997299732,10129,20099,1.0,Credit Card,Returned,4248,0,4248.0
507138,2026-06-14 05:51:15.067506752,10469,20070,4.0,Debit Card,Delivered,4368,15,14851.2
507139,2026-06-14 06:42:57.137713772,10551,20013,1.0,Debit Card,Delivered,24693,0,24693.0
507140,2026-06-14 07:34:39.207920792,10305,20030,1.0,UPI,Delivered,6241,0,6241.0
507141,2026-06-14 08:26:21.278127812,10586,20040,2.0,UPI,Cancelled,9982,15,16969.4
507142,2026-06-14 09:18:03.348334836,10109,20095,2.0,UPI,Delivered,1791,0,3582.0
507143,2026-06-14 10:09:45.418541856,10180,20092,4.0,Credit Card,Delivered,803,0,3212.0
507144,2026-06-14 11:01:27.488748876,10559,20081,3.0,UPI,Delivered,14773,20,35455.2
507145,2026-06-14 11:53:09.558955896,10106,20012,1.0,UPI,Delivered,15742,15,13380.7
507146,2026-06-14 12:44:51.629162916,10396,20052,2.0,Net Banking,Delivered,1561,10,2809.8
507147,2026-06-14 13:36:33.699369936,10132,20051,4.0,UPI,Delivered,1170,0,4680.0
507148,2026-06-14 14:28:15.769576960,10199,20067,3.0,UPI,Delivered,2588,0,7764.0
507149,2026-06-14 15:19:57.839783980,10287,20088,2.0,Net Banking,Cancelled,7259,10,13066.2
507150,2026-06-14 16:11:39.909991000,10216,20034,2.0,Debit Card,Cancelled,6711,15,11408.7
507151,2026-06-14 17:03:21.980198020,10525,20058,2.0,Debit Card,Delivered,3049,5,5793.1
507152,2026-06-14 17:55:04.050405040,10584,20028,1.0,UPI,Returned,8241,15,7004.85
507153,2026-06-14 18:46:46.120612060,10301,20022,2.0,Debit Card,Delivered,9827,0,19654.0
507154,2026-06-14 19:38:28.190819084,10316,20033,3.0,Cash on Delivery,Delivered,16169,0,48507.0
507155,2026-06-14 20:30:10.261026104,10034,20077,1.0,UPI,Delivered,4744,10,4269.6
507156,2026-06-14 21:21:52.331233124,10141,20046,3.0,UPI,Delivered,18692,5,53272.2
507157,2026-06-14 22:13:34.401440144,10024,20071,1.0,UPI,Delivered,4484,0,4484.0
507158,2026-06-14 23:05:16.471647164,10514,20072,1.0,Cash on Delivery,Returned,3499,0,3499.0
507159,2026-06-14 23:56:58.541854184,10137,20038,4.0,UPI,Delivered,9637,15,32765.8
507160,2026-06-15 00:48:40.612061208,10205,20100,2.0,Credit Card,Returned,2214,5,4206.6
507161,2026-06-15 01:40:22.682268228,10506,20005,2.0,Credit Card,Cancelled,55986,15,95176.2
507162,2026-06-15 02:32:04.752475248,10428,20094,2.0,Cash on Delivery,Delivered,4584,15,7792.8
507163,2026-06-15 03:23:46.822682268,10373,20001,2.0,UPI,Delivered,63388,0,126776.0
507164,2026-06-15 04:15:28.892889288,10024,20040,2.0,Credit Card,Delivered,9982,0,19964.0
507165,2026-06-15 05:07:10.963096312,10338,20086,5.0,Cash on Delivery,Returned,13579,10,61105.5
507166,2026-06-15 05:58:53.033303332,10337,20072,3.0,UPI,Delivered,3499,5,9972.15
507167,2026-06-15 06:50:35.103510352,10192,20034,1.0,Credit Card,Delivered,6711,20,5368.8
507168,2026-06-15 07:42:17.173717372,10447,20093,1.0,UPI,Cancelled,2351,0,2351.0
507169,2026-06-15 08:33:59.243924392,10558,20015,2.0,UPI,Returned,27789,0,55578.0
507170,2026-06-15 09:25:41.314131412,10156,20070,2.0,UPI,Delivered,4368,0,8736.0
507171,2026-06-15 10:17:23.384338436,10199,20054,1.0,UPI,Returned,1287,0,1287.0
507172,2026-06-15 11:09:05.454545456,10194,20022,1.0,UPI,Delivered,9827,10,8844.3
507173,2026-06-15 12:00:47.524752476,10501,20096,1.0,Net Banking,Returned,3065,15,2605.25
507174,2026-06-15 12:52:29.594959496,10047,20080,1.0,Credit Card,Delivered,8370,15,7114.5
507175,2026-06-15 13:44:11.665166516,10538,20001,,Credit Card,Cancelled,63388,0,316940.0
507176,2026-06-15 14:35:53.735373536,10466,20010,2.0,Debit Card,Delivered,24340,20,38944.0
507177,2026-06-15 15:27:35.805580560,10291,20006,5.0,Cash on Delivery,Delivered,34232,10,154044.0
507178,2026-06-15 16:19:17.875787580,10351,20044,1.0,UPI,Delivered,32508,0,32508.0
507179,2026-06-15 17:10:59.945994600,10537,20044,1.0,UPI,Delivered,32508,0,32508.0
507180,2026-06-15 18:02:42.016201620,10462,20076,2.0,UPI,Delivered,6747,15,11469.9
507181,2026-06-15 18:54:24.086408640,10167,20071,5.0,Net Banking,Delivered,4484,10,20178.0
507182,2026-06-15 19:46:06.156615664,10031,20002,2.0,Net Banking,Delivered,66297,0,132594.0
507183,2026-06-15 20:37:48.226822684,10396,20050,1.0,Credit Card,Delivered,1390,5,1320.5
507184,2026-06-15 21:29:30.297029704,10088,20082,1.0,UPI,Delivered,7271,20,5816.8
507185,2026-06-15 22:21:12.367236724,10053,20094,5.0,Credit Card,Delivered,4584,0,22920.0
507186,2026-06-15 23:12:54.437443744,10590,20031,1.0,Debit Card,Delivered,16301,5,15485.95
507187,2026-06-16 00:04:36.507650764,10285,20005,4.0,UPI,Delivered,55986,20,179155.2
507188,2026-06-16 00:56:18.577857788,10391,20016,5.0,UPI,Delivered,24382,0,121910.0
507189,2026-06-16 01:48:00.648064808,10131,20036,1.0,UPI,Cancelled,17380,5,16511.0
507190,2026-06-16 02:39:42.718271828,10062,20047,2.0,Debit Card,Delivered,20791,5,39502.9
507191,2026-06-16 03:31:24.788478848,10038,20037,2.0,Cash on Delivery,Delivered,4164,0,8328.0
507192,2026-06-16 04:23:06.858685868,10213,20010,4.0,UPI,Delivered,24340,5,92492.0
507193,2026-06-16 05:14:48.928892888,10003,20036,4.0,Cash on Delivery,Delivered,17380,10,62568.0
507194,2026-06-16 06:06:30.999099912,10253,20031,1.0,Credit Card,Delivered,16301,0,16301.0
507195,2026-06-16 06:58:13.069306932,10195,20051,1.0,Debit Card,Delivered,1170,5,1111.5
507196,2026-06-16 07:49:55.139513952,10317,20009,5.0,Net Banking,Delivered,18553,5,88126.75
507197,2026-06-16 08:41:37.209720972,10354,20083,1.0,Credit Card,Delivered,9080,0,9080.0
507198,2026-06-16 09:33:19.279927992,10186,20044,1.0,UPI,Delivered,32508,0,32508.0
507199,2026-06-16 10:25:01.350135016,10274,20034,3.0,UPI,Delivered,6711,10,18119.7
507200,2026-06-16 11:16:43.420342036,10047,20095,1.0,Net Banking,Cancelled,1791,5,1701.45
507201,2026-06-16 12:08:25.490549056,10182,20078,1.0,Credit Card,Returned,7034,20,5627.2
507202,2026-06-16 13:00:07.560756076,10587,20015,4.0,UPI,Cancelled,27789,15,94482.6
507203,2026-06-16 13:51:49.630963096,10595,20016,1.0,Credit Card,Delivered,24382,0,24382.0
507204,2026-06-16 14:43:31.701170116,10292,20001,5.0,UPI,Returned,63388,20,253552.0
507205,2026-06-16 15:35:13.771377140,10564,20059,1.0,UPI,Returned,5868,20,4694.4
507206,2026-06-16 16:26:55.841584160,10301,20037,1.0,Net Banking,Delivered,4164,0,4164.0
507207,2026-06-16 17:18:37.911791180,10076,20040,3.0,Credit Card,Delivered,9982,10,26951.4
507208,2026-06-16 18:10:19.981998200,10521,20053,1.0,UPI,Delivered,2733,0,2733.0
507209,2026-06-16 19:02:02.052205220,10250,20057,1.0,Credit Card,Delivered,4302,0,4302.0
507210,2026-06-16 19:53:44.122412240,10368,20001,1.0,Cash on Delivery,Cancelled,63388,0,63388.0
507211,2026-06-16 20:45:26.192619264,10390,20012,2.0,UPI,Delivered,15742,15,26761.4
507212,2026-06-16 21:37:08.262826284,10185,20083,2.0,UPI,Delivered,9080,5,17252.0
507213,2026-06-16 22:28:50.333033304,10441,20100,1.0,UPI,Delivered,2214,5,2103.3
507214,2026-06-16 23:20:32.403240324,10301,20088,1.0,UPI,Delivered,7259,5,6896.05
507215,2026-06-17 00:12:14.473447344,10220,20095,1.0,UPI,Delivered,1791,15,1522.35
507216,2026-06-17 01:03:56.543654368,10179,20049,1.0,UPI,Delivered,578,10,520.2
507217,2026-06-17 01:55:38.613861388,10448,20086,3.0,UPI,Delivered,13579,10,36663.3
507218,2026-06-17 02:47:20.684068408,10150,20092,2.0,Debit Card,Returned,803,5,1525.7
507219,2026-06-17 03:39:02.754275428,10075,20093,1.0,UPI,Cancelled,2351,0,2351.0
507220,2026-06-17 04:30:44.824482448,10530,20016,1.0,UPI,Returned,24382,0,24382.0
507221,2026-06-17 05:22:26.894689468,10200,20016,3.0,Debit Card,Delivered,24382,0,73146.0
507222,2026-06-17 06:14:08.964896492,10385,20042,1.0,UPI,Returned,51100,15,43435.0
507223,2026-06-17 07:05:51.035103512,10430,20053,2.0,UPI,Delivered,2733,0,5466.0
507224,2026-06-17 07:57:33.105310532,10504,20100,3.0,Cash on Delivery,Delivered,2214,0,6642.0
507225,2026-06-17 08:49:15.175517552,10376,20034,3.0,Credit Card,Returned,6711,5,19126.35
507226,2026-06-17 09:40:57.245724572,10425,20087,3.0,Debit Card,Delivered,9356,5,26664.6
507227,2026-06-17 10:32:39.315931592,10503,20093,2.0,Credit Card,Cancelled,2351,20,3761.6
507228,2026-06-17 11:24:21.386138616,10567,20101,2.0,Cash on Delivery,Delivered,2343,0,4686.0
507229,2026-06-17 12:16:03.456345636,10029,20020,4.0,UPI,Delivered,1219,15,4144.6
507230,2026-06-17 13:07:45.526552656,10446,20026,4.0,UPI,Cancelled,9415,0,37660.0
507231,2026-06-17 13:59:27.596759676,10105,20023,1.0,Net Banking,Delivered,2698,15,2293.3
507232,2026-06-17 14:51:09.666966696,10535,20077,4.0,UPI,Delivered,4744,5,18027.2
507233,2026-06-17 15:42:51.737173716,10030,20072,5.0,Credit Card,Delivered,3499,5,16620.25
507234,2026-06-17 16:34:33.807380740,10149,20043,5.0,UPI,Delivered,21634,10,97353.0
507235,2026-06-17 17:26:15.877587760,10116,20010,1.0,UPI,Cancelled,24340,0,24340.0
507236,2026-06-17 18:17:57.947794780,10363,20055,2.0,Debit Card,Delivered,1081,15,1837.7
507237,2026-06-17 19:09:40.018001800,10003,20077,1.0,Credit Card,Delivered,4744,15,4032.4
507238,2026-06-17 20:01:22.088208820,10011,20050,1.0,Credit Card,Delivered,1390,0,1390.0
507239,2026-06-17 20:53:04.158415844,10303,20028,2.0,UPI,Delivered,8241,0,16482.0
507240,2026-06-17 21:44:46.228622864,10583,20062,1.0,UPI,Delivered,2317,15,1969.45
507241,2026-06-17 22:36:28.298829884,10317,20069,1.0,Debit Card,Delivered,3824,0,3824.0
507242,2026-06-17 23:28:10.369036904,10268,20062,1.0,UPI,Returned,2317,10,2085.3
507243,2026-06-18 00:19:52.439243924,10395,20091,2.0,Credit Card,Delivered,412,0,824.0
507244,2026-06-18 01:11:34.509450944,10332,20033,1.0,Credit Card,Delivered,16169,15,13743.65
507245,2026-06-18 02:03:16.579657968,10231,20064,4.0,UPI,Delivered,3045,20,9744.0
507246,2026-06-18 02:54:58.649864988,10354,20089,3.0,UPI,Delivered,507,15,1292.85
507247,2026-06-18 03:46:40.720072008,10002,20023,4.0,Net Banking,Delivered,2698,15,9173.2
507248,2026-06-18 04:38:22.790279028,10147,20030,5.0,Credit Card,Cancelled,6241,10,28084.5
507249,2026-06-18 05:30:04.860486048,10405,20006,2.0,UPI,Returned,34232,0,68464.0
507250,2026-06-18 06:21:46.930693068,10205,20039,1.0,Cash on Delivery,Returned,5898,20,4718.4
507251,2026-06-18 07:13:29.000900092,10033,20005,5.0,UPI,Delivered,55986,20,223944.0
507252,2026-06-18 08:05:11.071107112,10075,20078,2.0,Net Banking,Delivered,7034,0,14068.0
507253,2026-06-18 08:56:53.141314132,10520,20010,2.0,UPI,Delivered,24340,15,41378.0
507254,2026-06-18 09:48:35.211521152,10198,20073,2.0,UPI,Cancelled,5411,0,10822.0
507255,2026-06-18 10:40:17.281728172,10014,20061,1.0,Credit Card,Delivered,7110,10,6399.0
507256,2026-06-18 11:31:59.351935196,10438,20103,5.0,UPI,Returned,2822,0,14110.0
507257,2026-06-18 12:23:41.422142216,10319,20037,4.0,Debit Card,Delivered,4164,0,16656.0
507258,2026-06-18 13:15:23.492349236,10271,20036,3.0,UPI,Cancelled,17380,0,52140.0
507259,2026-06-18 14:07:05.562556256,10537,20026,1.0,Credit Card,Cancelled,9415,0,9415.0
507260,2026-06-18 14:58:47.632763276,10189,20056,5.0,Net Banking,Delivered,1999,0,9995.0
507261,2026-06-18 15:50:29.702970296,10344,20023,1.0,Credit Card,Returned,2698,0,2698.0
507262,2026-06-18 16:42:11.773177320,10447,20012,1.0,Credit Card,Delivered,15742,5,14954.9
507263,2026-06-18 17:33:53.843384340,10366,20099,1.0,UPI,Cancelled,4248,10,3823.2
507264,2026-06-18 18:25:35.913591360,10125,20071,1.0,UPI,Returned,4484,5,4259.8
507265,2026-06-18 19:17:17.983798380,10409,20013,1.0,Cash on Delivery,Delivered,24693,10,22223.7
507266,2026-06-18 20:09:00.054005400,10447,20065,4.0,Credit Card,Returned,1731,0,6924.0
507267,2026-06-18 21:00:42.124212420,10074,20032,1.0,Debit Card,Returned,14051,0,14051.0
507268,2026-06-18 21:52:24.194419444,10100,20019,5.0,Credit Card,Delivered,1265,0,6325.0
507269,2026-06-18 22:44:06.264626464,10405,20050,1.0,UPI,Returned,1390,0,1390.0
507270,2026-06-18 23:35:48.334833484,10072,20082,2.0,UPI,Delivered,7271,0,14542.0
507271,2026-06-19 00:27:30.405040504,10529,20001,2.0,UPI,Delivered,63388,5,120437.2
507272,2026-06-19 01:19:12.475247524,10066,20037,4.0,Credit Card,Cancelled,4164,10,14990.4
507273,2026-06-19 02:10:54.545454548,10585,20096,4.0,UPI,Returned,3065,15,10421.0
507274,2026-06-19 03:02:36.615661568,10403,20042,4.0,UPI,Delivered,51100,0,204400.0
507275,2026-06-19 03:54:18.685868588,10266,20011,5.0,Credit Card,Cancelled,32685,0,163425.0
507276,2026-06-19 04:46:00.756075608,10162,20045,1.0,Credit Card,Delivered,19570,15,16634.5
507277,2026-06-19 05:37:42.826282628,10207,20071,1.0,Credit Card,Cancelled,4484,15,3811.4
507278,2026-06-19 06:29:24.896489648,10450,20104,2.0,Net Banking,Returned,778,0,1556.0
507279,2026-06-19 07:21:06.966696672,10452,20066,1.0,Credit Card,Delivered,1710,20,1368.0
507280,2026-06-19 08:12:49.036903692,10126,20006,2.0,UPI,Delivered,34232,10,61617.6
507281,2026-06-19 09:04:31.107110712,10326,20085,2.0,Debit Card,Delivered,11910,15,20247.0
507282,2026-06-19 09:56:13.177317732,10596,20082,1.0,Credit Card,Delivered,7271,0,7271.0
507283,2026-06-19 10:47:55.247524752,10155,20068,1.0,Credit Card,Cancelled,1337,5,1270.15
507284,2026-06-19 11:39:37.317731772,10417,20094,5.0,Cash on Delivery,Delivered,4584,0,22920.0
507285,2026-06-19 12:31:19.387938796,10104,20081,1.0,UPI,Delivered,14773,15,12557.05
507286,2026-06-19 13:23:01.458145816,10501,20025,4.0,Credit Card,Delivered,5959,15,20260.6
507287,2026-06-19 14:14:43.528352836,10103,20044,2.0,UPI,Returned,32508,20,52012.8
507288,2026-06-19 15:06:25.598559856,10179,20053,3.0,UPI,Cancelled,2733,0,8199.0
507289,2026-06-19 15:58:07.668766876,10276,20051,4.0,Credit Card,Delivered,1170,15,3978.0
507290,2026-06-19 16:49:49.738973896,10223,20067,1.0,UPI,Delivered,2588,10,2329.2
507291,2026-06-19 17:41:31.809180920,10103,20073,1.0,UPI,Delivered,5411,0,5411.0
507292,2026-06-19 18:33:13.879387940,10385,20011,5.0,Credit Card,Delivered,32685,15,138911.25
507293,2026-06-19 19:24:55.949594960,10012,20060,3.0,UPI,Cancelled,4824,0,14472.0
507294,2026-06-19 20:16:38.019801980,10591,20005,1.0,Credit Card,Returned,55986,0,55986.0
507295,2026-06-19 21:08:20.090009000,10032,20054,3.0,UPI,Delivered,1287,0,3861.0
507296,2026-06-19 22:00:02.160216024,10201,20044,2.0,Credit Card,Returned,32508,5,61765.2
507297,2026-06-19 22:51:44.230423044,10558,20022,4.0,Credit Card,Delivered,9827,0,39308.0
507298,2026-06-19 23:43:26.300630064,10094,20104,2.0,Credit Card,Cancelled,778,5,1478.2
507299,2026-06-20 00:35:08.370837084,10044,20027,1.0,Debit Card,Cancelled,7598,15,6458.3
507300,2026-06-20 01:26:50.441044104,10447,20006,3.0,Cash on Delivery,Delivered,34232,5,97561.2
507301,2026-06-20 02:18:32.511251124,10044,20038,4.0,UPI,Cancelled,9637,0,38548.0
507302,2026-06-20 03:10:14.581458148,10540,20079,1.0,Credit Card,Delivered,3686,0,3686.0
507303,2026-06-20 04:01:56.651665168,10271,20001,4.0,Net Banking,Delivered,63388,15,215519.2
507304,2026-06-20 04:53:38.721872188,10522,20052,1.0,Debit Card,Delivered,1561,0,1561.0
507305,2026-06-20 05:45:20.792079208,10148,20044,1.0,Cash on Delivery,Delivered,32508,10,29257.2
507306,2026-06-20 06:37:02.862286228,10085,20091,4.0,Debit Card,Returned,412,10,1483.2
507307,2026-06-20 07:28:44.932493248,10578,20001,2.0,Debit Card,Delivered,63388,5,120437.2
507308,2026-06-20 08:20:27.002700272,10458,20002,1.0,UPI,Delivered,66297,0,66297.0
507309,2026-06-20 09:12:09.072907292,10547,20059,3.0,UPI,Delivered,5868,0,17604.0
507310,2026-06-20 10:03:51.143114312,10192,20019,1.0,Credit Card,Delivered,1265,15,1075.25
507311,2026-06-20 10:55:33.213321332,10243,20074,1.0,Credit Card,Cancelled,5850,0,5850.0
507312,2026-06-20 11:47:15.283528352,10347,20029,2.0,Debit Card,Returned,11176,5,21234.4
507313,2026-06-20 12:38:57.353735376,10270,20059,2.0,Cash on Delivery,Delivered,5868,0,11736.0
507314,2026-06-20 13:30:39.423942396,10146,20004,5.0,UPI,Delivered,68919,15,292905.75
507315,2026-06-20 14:22:21.494149416,10226,20073,2.0,Credit Card,Delivered,5411,20,8657.6
507316,2026-06-20 15:14:03.564356436,10366,20054,1.0,Net Banking,Delivered,1287,20,1029.6
507317,2026-06-20 16:05:45.634563456,10023,20001,4.0,Net Banking,Delivered,63388,0,253552.0
507318,2026-06-20 16:57:27.704770476,10202,20028,2.0,Net Banking,Returned,8241,0,16482.0
507319,2026-06-20 17:49:09.774977500,10176,20007,1.0,Debit Card,Delivered,22213,0,22213.0
507320,2026-06-20 18:40:51.845184520,10043,20005,3.0,Cash on Delivery,Delivered,55986,0,167958.0
507321,2026-06-20 19:32:33.915391540,10074,20073,2.0,UPI,Delivered,5411,0,10822.0
507322,2026-06-20 20:24:15.985598560,10298,20045,2.0,UPI,Delivered,19570,0,39140.0
507323,2026-06-20 21:15:58.055805580,10062,20084,1.0,UPI,Delivered,7386,10,6647.4
507324,2026-06-20 22:07:40.126012600,10207,20027,2.0,Credit Card,Delivered,7598,0,15196.0
507325,2026-06-20 22:59:22.196219624,10337,20075,3.0,Net Banking,Cancelled,7740,10,20898.0
507326,2026-06-20 23:51:04.266426644,10525,20064,3.0,Credit Card,Delivered,3045,20,7308.0
507327,2026-06-21 00:42:46.336633664,10060,20069,3.0,Debit Card,Returned,3824,20,9177.6
507328,2026-06-21 01:34:28.406840684,10261,20087,5.0,UPI,Returned,9356,20,37424.0
507329,2026-06-21 02:26:10.477047704,10062,20074,2.0,Debit Card,Delivered,5850,0,11700.0
507330,2026-06-21 03:17:52.547254728,10258,20078,2.0,UPI,Delivered,7034,10,12661.2
507331,2026-06-21 04:09:34.617461748,10289,20077,2.0,Credit Card,Cancelled,4744,0,9488.0
507332,2026-06-21 05:01:16.687668768,10480,20047,1.0,UPI,Cancelled,20791,0,20791.0
507333,2026-06-21 05:52:58.757875788,10266,20076,1.0,Credit Card,Delivered,6747,15,5734.95
507334,2026-06-21 06:44:40.828082808,10562,20088,3.0,Credit Card,Delivered,7259,0,21777.0
507335,2026-06-21 07:36:22.898289828,10083,20077,1.0,Debit Card,Delivered,4744,0,4744.0
507336,2026-06-21 08:28:04.968496852,10032,20064,3.0,Credit Card,Delivered,3045,0,9135.0
507337,2026-06-21 09:19:47.038703872,10003,20008,3.0,Cash on Delivery,Delivered,36276,0,108828.0
507338,2026-06-21 10:11:29.108910892,10215,20046,5.0,Cash on Delivery,Delivered,18692,15,79441.0
507339,2026-06-21 11:03:11.179117912,10116,20007,1.0,UPI,Delivered,22213,20,17770.4
507340,2026-06-21 11:54:53.249324932,10055,20011,1.0,UPI,Returned,32685,5,31050.75
507341,2026-06-21 12:46:35.319531952,10142,20038,4.0,UPI,Delivered,9637,10,34693.2
507342,2026-06-21 13:38:17.389738976,10585,20049,2.0,UPI,Delivered,578,15,982.6
507343,2026-06-21 14:29:59.459945996,10481,20055,3.0,UPI,Returned,1081,0,3243.0
507344,2026-06-21 15:21:41.530153016,10012,20094,3.0,Cash on Delivery,Returned,4584,5,13064.4
507345,2026-06-21 16:13:23.600360036,10550,20080,5.0,Cash on Delivery,Delivered,8370,20,33480.0
507346,2026-06-21 17:05:05.670567056,10124,20044,1.0,UPI,Delivered,32508,0,32508.0
507347,2026-06-21 17:56:47.740774076,10244,20035,1.0,Debit Card,Delivered,15331,0,15331.0
507348,2026-06-21 18:48:29.810981100,10197,20075,2.0,Net Banking,Returned,7740,0,15480.0
507349,2026-06-21 19:40:11.881188120,10244,20029,2.0,UPI,Delivered,11176,0,22352.0
507350,2026-06-21 20:31:53.951395140,10457,20092,5.0,Net Banking,Delivered,803,15,3412.75
507351,2026-06-21 21:23:36.021602160,10428,20082,1.0,Cash on Delivery,Returned,7271,0,7271.0
507352,2026-06-21 22:15:18.091809180,10357,20071,1.0,Cash on Delivery,Delivered,4484,15,3811.4
507353,2026-06-21 23:07:00.162016204,10377,20026,5.0,Debit Card,Delivered,9415,0,47075.0
507354,2026-06-21 23:58:42.232223224,10437,20065,2.0,UPI,Cancelled,1731,15,2942.7
507355,2026-06-22 00:50:24.302430244,10111,20086,3.0,UPI,Returned,13579,0,40737.0
507356,2026-06-22 01:42:06.372637264,10238,20008,1.0,Cash on Delivery,Delivered,36276,15,30834.6
507357,2026-06-22 02:33:48.442844284,10065,20019,2.0,UPI,Returned,1265,15,2150.5
507358,2026-06-22 03:25:30.513051304,10423,20054,1.0,Credit Card,Delivered,1287,5,1222.65
507359,2026-06-22 04:17:12.583258328,10263,20038,3.0,UPI,Delivered,9637,20,23128.8
507360,2026-06-22 05:08:54.653465348,10383,20074,1.0,Credit Card,Returned,5850,20,4680.0
507361,2026-06-22 06:00:36.723672368,10339,20042,1.0,UPI,Delivered,51100,10,45990.0
507362,2026-06-22 06:52:18.793879388,10165,20104,3.0,Net Banking,Cancelled,778,5,2217.3
507363,2026-06-22 07:44:00.864086408,10084,20032,2.0,Credit Card,Delivered,14051,20,22481.6
507364,2026-06-22 08:35:42.934293428,10584,20038,4.0,Credit Card,Cancelled,9637,20,30838.4
507365,2026-06-22 09:27:25.004500452,10176,20001,4.0,UPI,Delivered,63388,0,253552.0
507366,2026-06-22 10:19:07.074707472,10066,20026,1.0,Credit Card,Delivered,9415,0,9415.0
507367,2026-06-22 11:10:49.144914492,10184,20025,1.0,Debit Card,Delivered,5959,0,5959.0
507368,2026-06-22 12:02:31.215121512,10542,20080,1.0,Cash on Delivery,Delivered,8370,20,6696.0
507369,2026-06-22 12:54:13.285328532,10157,20036,5.0,Net Banking,Cancelled,17380,0,86900.0
507370,2026-06-22 13:45:55.355535556,10593,20022,2.0,Credit Card,Returned,9827,0,19654.0
507371,2026-06-22 14:37:37.425742576,10277,20033,5.0,Net Banking,Returned,16169,5,76802.75
507372,2026-06-22 15:29:19.495949596,10518,20059,1.0,Credit Card,Delivered,5868,20,4694.4
507373,2026-06-22 16:21:01.566156616,10392,20082,5.0,Debit Card,Delivered,7271,0,36355.0
507374,2026-06-22 17:12:43.636363636,10027,20102,1.0,Debit Card,Cancelled,2774,5,2635.3
507375,2026-06-22 18:04:25.706570656,10306,20005,4.0,Credit Card,Delivered,55986,0,223944.0
507376,2026-06-22 18:56:07.776777680,10251,20088,5.0,Credit Card,Delivered,7259,15,30850.75
507377,2026-06-22 19:47:49.846984700,10121,20041,1.0,Debit Card,Delivered,36528,20,29222.4
507378,2026-06-22 20:39:31.917191720,10330,20085,1.0,UPI,Returned,11910,10,10719.0
507379,2026-06-22 21:31:13.987398740,10062,20004,2.0,Debit Card,Delivered,68919,0,137838.0
507380,2026-06-22 22:22:56.057605760,10419,20066,3.0,UPI,Returned,1710,0,5130.0
507381,2026-06-22 23:14:38.127812780,10494,20097,1.0,Credit Card,Delivered,3648,15,3100.8
507382,2026-06-23 00:06:20.198019804,10056,20005,1.0,Net Banking,Cancelled,55986,0,55986.0
507383,2026-06-23 00:58:02.268226824,10288,20083,4.0,UPI,Returned,9080,0,36320.0
507384,2026-06-23 01:49:44.338433844,10394,20012,4.0,UPI,Cancelled,15742,20,50374.4
507385,2026-06-23 02:41:26.408640864,10038,20103,1.0,Credit Card,Delivered,2822,5,2680.9
507386,2026-06-23 03:33:08.478847884,10234,20078,5.0,UPI,Delivered,7034,10,31653.0
507387,2026-06-23 04:24:50.549054908,10155,20095,4.0,UPI,Delivered,1791,10,6447.6
507388,2026-06-23 05:16:32.619261928,10024,20094,4.0,Debit Card,Delivered,4584,0,18336.0
507389,2026-06-23 06:08:14.689468948,10483,20033,1.0,UPI,Delivered,16169,0,16169.0
507390,2026-06-23 06:59:56.759675968,10267,20044,3.0,Debit Card,Cancelled,32508,5,92647.8
507391,2026-06-23 07:51:38.829882988,10452,20072,1.0,UPI,Delivered,3499,0,3499.0
507392,2026-06-23 08:43:20.900090008,10353,20019,1.0,UPI,Delivered,1265,0,1265.0
507393,2026-06-23 09:35:02.970297032,10526,20032,1.0,Credit Card,Returned,14051,10,12645.9
507394,2026-06-23 10:26:45.040504052,10599,20011,2.0,Cash on Delivery,Cancelled,32685,20,52296.0
507395,2026-06-23 11:18:27.110711072,10362,20093,3.0,Credit Card,Returned,2351,10,6347.7
507396,2026-06-23 12:10:09.180918092,10212,20026,1.0,UPI,Returned,9415,15,8002.75
507397,2026-06-23 13:01:51.251125112,10254,20043,1.0,Credit Card,Delivered,21634,0,21634.0
507398,2026-06-23 13:53:33.321332132,10496,20048,1.0,Credit Card,Cancelled,23385,0,23385.0
507399,2026-06-23 14:45:15.391539156,10256,20040,1.0,Debit Card,Delivered,9982,0,9982.0
507400,2026-06-23 15:36:57.461746176,10312,20081,4.0,UPI,Delivered,14773,10,53182.8
507401,2026-06-23 16:28:39.531953196,10117,20096,1.0,UPI,Cancelled,3065,0,3065.0
507402,2026-06-23 17:20:21.602160216,10595,20060,1.0,Credit Card,Returned,4824,20,3859.2
507403,2026-06-23 18:12:03.672367236,10391,20088,1.0,Debit Card,Delivered,7259,0,7259.0
507404,2026-06-23 19:03:45.742574260,10199,20012,1.0,Net Banking,Delivered,15742,10,14167.8
507405,2026-06-23 19:55:27.812781280,10352,20101,5.0,Credit Card,Delivered,2343,20,9372.0
507406,2026-06-23 20:47:09.882988300,10241,20013,1.0,Debit Card,Delivered,24693,10,22223.7
507407,2026-06-23 21:38:51.953195320,10093,20007,2.0,Credit Card,Returned,22213,0,44426.0
507408,2026-06-23 22:30:34.023402340,10525,20003,2.0,Credit Card,Cancelled,53620,0,107240.0
507409,2026-06-23 23:22:16.093609360,10532,20026,1.0,Debit Card,Delivered,9415,5,8944.25
507410,2026-06-24 00:13:58.163816384,10501,20088,2.0,UPI,Returned,7259,20,11614.4
507411,2026-06-24 01:05:40.234023404,10222,20032,1.0,Cash on Delivery,Delivered,14051,10,12645.9
507412,2026-06-24 01:57:22.304230424,10154,20083,2.0,UPI,Delivered,9080,10,16344.0
507413,2026-06-24 02:49:04.374437444,10030,20045,1.0,Debit Card,Delivered,19570,15,16634.5
507414,2026-06-24 03:40:46.444644464,10439,20011,2.0,Credit Card,Delivered,32685,0,65370.0
507415,2026-06-24 04:32:28.514851484,10197,20050,1.0,Net Banking,Delivered,1390,0,1390.0
507416,2026-06-24 05:24:10.585058508,10536,20025,1.0,UPI,Delivered,5959,10,5363.1
507417,2026-06-24 06:15:52.655265528,10522,20031,1.0,Cash on Delivery,Returned,16301,10,14670.9
507418,2026-06-24 07:07:34.725472548,10077,20054,5.0,UPI,Delivered,1287,0,6435.0
507419,2026-06-24 07:59:16.795679568,10551,20083,1.0,UPI,Cancelled,9080,10,8172.0
507420,2026-06-24 08:50:58.865886588,10085,20062,1.0,Net Banking,Cancelled,2317,0,2317.0
507421,2026-06-24 09:42:40.936093608,10295,20024,1.0,UPI,Delivered,4109,0,4109.0
507422,2026-06-24 10:34:23.006300632,10285,20075,5.0,Debit Card,Returned,7740,20,30960.0
507423,2026-06-24 11:26:05.076507652,10574,20073,1.0,Credit Card,Delivered,5411,0,5411.0
507424,2026-06-24 12:17:47.146714672,10395,20025,2.0,Cash on Delivery,Delivered,5959,5,11322.1
507425,2026-06-24 13:09:29.216921692,10526,20089,4.0,Net Banking,Returned,507,15,1723.8
507426,2026-06-24 14:01:11.287128712,10358,20088,1.0,UPI,Delivered,7259,10,6533.1
507427,2026-06-24 14:52:53.357335736,10496,20063,1.0,Net Banking,Delivered,7613,5,7232.35
507428,2026-06-24 15:44:35.427542756,10512,20031,1.0,UPI,Cancelled,16301,0,16301.0
507429,2026-06-24 16:36:17.497749776,10516,20037,3.0,Debit Card,Delivered,4164,0,12492.0
507430,2026-06-24 17:27:59.567956796,10247,20046,5.0,Debit Card,Delivered,18692,0,93460.0
507431,2026-06-24 18:19:41.638163816,10230,20020,2.0,Debit Card,Delivered,1219,10,2194.2
507432,2026-06-24 19:11:23.708370836,10591,20032,4.0,Debit Card,Returned,14051,5,53393.8
507433,2026-06-24 20:03:05.778577860,10454,20014,5.0,Net Banking,Delivered,13717,0,68585.0
507434,2026-06-24 20:54:47.848784880,10551,20017,1.0,Credit Card,Returned,1945,0,1945.0
507435,2026-06-24 21:46:29.918991900,10347,20078,1.0,Cash on Delivery,Delivered,7034,0,7034.0
507436,2026-06-24 22:38:11.989198920,10558,20014,1.0,UPI,Delivered,13717,0,13717.0
507437,2026-06-24 23:29:54.059405940,10432,20049,4.0,UPI,Delivered,578,0,2312.0
507438,2026-06-25 00:21:36.129612960,10446,20045,3.0,Net Banking,Delivered,19570,20,46968.0
507439,2026-06-25 01:13:18.199819984,10107,20005,4.0,UPI,Delivered,55986,0,223944.0
507440,2026-06-25 02:05:00.270027004,10341,20087,2.0,Credit Card,Cancelled,9356,0,18712.0
507441,2026-06-25 02:56:42.340234024,10439,20103,5.0,Debit Card,Delivered,2822,10,12699.0
507442,2026-06-25 03:48:24.410441044,10457,20067,5.0,Credit Card,Returned,2588,0,12940.0
507443,2026-06-25 04:40:06.480648064,10575,20070,4.0,UPI,Cancelled,4368,0,17472.0
507444,2026-06-25 05:31:48.550855088,10197,20025,4.0,UPI,Delivered,5959,15,20260.6
507445,2026-06-25 06:23:30.621062108,10182,20088,1.0,UPI,Delivered,7259,0,7259.0
507446,2026-06-25 07:15:12.691269128,10582,20082,3.0,UPI,Delivered,7271,20,17450.4
507447,2026-06-25 08:06:54.761476148,10592,20046,5.0,UPI,Returned,18692,10,84114.0
507448,2026-06-25 08:58:36.831683168,10108,20074,1.0,Net Banking,Delivered,5850,20,4680.0
507449,2026-06-25 09:50:18.901890188,10228,20100,4.0,UPI,Delivered,2214,15,7527.6
507450,2026-06-25 10:42:00.972097212,10569,20063,1.0,Net Banking,Cancelled,7613,20,6090.4
507451,2026-06-25 11:33:43.042304232,10120,20021,1.0,Cash on Delivery,Delivered,11517,5,10941.15
507452,2026-06-25 12:25:25.112511252,10470,20035,3.0,UPI,Delivered,15331,0,45993.0
507453,2026-06-25 13:17:07.182718272,10068,20020,1.0,Cash on Delivery,Delivered,1219,0,1219.0
507454,2026-06-25 14:08:49.252925292,10107,20035,2.0,UPI,Cancelled,15331,0,30662.0
507455,2026-06-25 15:00:31.323132312,10471,20093,5.0,Debit Card,Delivered,2351,0,11755.0
507456,2026-06-25 15:52:13.393339336,10365,20020,1.0,Cash on Delivery,Delivered,1219,15,1036.15
507457,2026-06-25 16:43:55.463546356,10333,20093,1.0,Net Banking,Delivered,2351,20,1880.8
507458,2026-06-25 17:35:37.533753376,10514,20030,5.0,UPI,Delivered,6241,10,28084.5
507459,2026-06-25 18:27:19.603960396,10185,20052,4.0,UPI,Delivered,1561,0,6244.0
507460,2026-06-25 19:19:01.674167416,10302,20055,2.0,UPI,Delivered,1081,20,1729.6
507461,2026-06-25 20:10:43.744374440,10366,20014,2.0,Cash on Delivery,Delivered,13717,0,27434.0
507462,2026-06-25 21:02:25.814581460,10444,20020,5.0,UPI,Delivered,1219,20,4876.0
507463,2026-06-25 21:54:07.884788480,10200,20032,3.0,Credit Card,Delivered,14051,10,37937.7
507464,2026-06-25 22:45:49.954995500,10381,20007,5.0,UPI,Delivered,22213,5,105511.75
507465,2026-06-25 23:37:32.025202520,10270,20079,1.0,UPI,Delivered,3686,15,3133.1
507466,2026-06-26 00:29:14.095409540,10326,20057,2.0,Credit Card,Returned,4302,10,7743.6
507467,2026-06-26 01:20:56.165616564,10518,20088,3.0,UPI,Cancelled,7259,20,17421.6
507468,2026-06-26 02:12:38.235823584,10237,20090,1.0,Credit Card,Delivered,691,10,621.9
507469,2026-06-26 03:04:20.306030604,10401,20037,2.0,Credit Card,Delivered,4164,0,8328.0
507470,2026-06-26 03:56:02.376237624,10566,20085,1.0,Credit Card,Cancelled,11910,0,11910.0
507471,2026-06-26 04:47:44.446444644,10458,20007,5.0,Credit Card,Returned,22213,20,88852.0
507472,2026-06-26 05:39:26.516651664,10594,20045,3.0,UPI,Delivered,19570,15,49903.5
507473,2026-06-26 06:31:08.586858688,10351,20070,1.0,Debit Card,Delivered,4368,0,4368.0
507474,2026-06-26 07:22:50.657065708,10170,20049,2.0,Credit Card,Returned,578,10,1040.4
507475,2026-06-26 08:14:32.727272728,10595,20077,1.0,Credit Card,Delivered,4744,15,4032.4
507476,2026-06-26 09:06:14.797479748,10387,20090,4.0,UPI,Delivered,691,10,2487.6
507477,2026-06-26 09:57:56.867686768,10145,20045,1.0,UPI,Delivered,19570,0,19570.0
507478,2026-06-26 10:49:38.937893788,10191,20029,2.0,Net Banking,Delivered,11176,0,22352.0
507479,2026-06-26 11:41:21.008100812,10158,20061,1.0,Net Banking,Cancelled,7110,20,5688.0
507480,2026-06-26 12:33:03.078307832,10501,20091,1.0,UPI,Returned,412,0,412.0
507481,2026-06-26 13:24:45.148514852,10056,20103,5.0,UPI,Delivered,2822,20,11288.0
507482,2026-06-26 14:16:27.218721872,10444,20085,2.0,UPI,Cancelled,11910,5,22629.0
507483,2026-06-26 15:08:09.288928892,10333,20026,1.0,Debit Card,Returned,9415,15,8002.75
507484,2026-06-26 15:59:51.359135916,10045,20022,3.0,UPI,Cancelled,9827,0,29481.0
507485,2026-06-26 16:51:33.429342936,10369,20060,1.0,Cash on Delivery,Cancelled,4824,10,4341.6
507486,2026-06-26 17:43:15.499549956,10452,20042,2.0,UPI,Cancelled,51100,5,97090.0
507487,2026-06-26 18:34:57.569756976,10436,20064,4.0,Cash on Delivery,Delivered,3045,0,12180.0
507488,2026-06-26 19:26:39.639963996,10318,20097,3.0,UPI,Delivered,3648,10,9849.6
507489,2026-06-26 20:18:21.710171016,10202,20058,1.0,UPI,Delivered,3049,5,2896.55
507490,2026-06-26 21:10:03.780378040,10099,20037,1.0,UPI,Returned,4164,10,3747.6
507491,2026-06-26 22:01:45.850585060,10008,20091,1.0,UPI,Delivered,412,0,412.0
507492,2026-06-26 22:53:27.920792080,10216,20046,3.0,Cash on Delivery,Cancelled,18692,0,56076.0
507493,2026-06-26 23:45:09.990999100,10380,20063,3.0,Credit Card,Delivered,7613,10,20555.1
507494,2026-06-27 00:36:52.061206120,10023,20015,2.0,UPI,Delivered,27789,20,44462.4
507495,2026-06-27 01:28:34.131413140,10600,20053,2.0,Cash on Delivery,Returned,2733,0,5466.0
507496,2026-06-27 02:20:16.201620164,10352,20045,1.0,UPI,Delivered,19570,0,19570.0
507497,2026-06-27 03:11:58.271827184,10177,20013,4.0,UPI,Cancelled,24693,0,98772.0
507498,2026-06-27 04:03:40.342034204,10578,20023,3.0,UPI,Delivered,2698,0,8094.0
507499,2026-06-27 04:55:22.412241224,10111,20074,3.0,Credit Card,Delivered,5850,0,17550.0
507500,2026-06-27 05:47:04.482448244,10575,20019,1.0,Cash on Delivery,Delivered,1265,10,1138.5
507501,2026-06-27 06:38:46.552655268,10170,20014,1.0,UPI,Delivered,13717,15,11659.45
507502,2026-06-27 07:30:28.622862288,10228,20006,1.0,Debit Card,Delivered,34232,10,30808.8
507503,2026-06-27 08:22:10.693069308,10256,20003,2.0,UPI,Delivered,53620,0,107240.0
507504,2026-06-27 09:13:52.763276328,10597,20046,4.0,UPI,Returned,18692,0,74768.0
507505,2026-06-27 10:05:34.833483348,10151,20051,4.0,Debit Card,Cancelled,1170,5,4446.0
507506,2026-06-27 10:57:16.903690368,10584,20065,2.0,Debit Card,Delivered,1731,20,2769.6
507507,2026-06-27 11:48:58.973897392,10209,20060,1.0,Credit Card,Delivered,4824,0,4824.0
507508,2026-06-27 12:40:41.044104412,10172,20056,2.0,UPI,Cancelled,1999,5,3798.1
507509,2026-06-27 13:32:23.114311432,10383,20104,3.0,UPI,Delivered,778,0,2334.0
507510,2026-06-27 14:24:05.184518452,10417,20026,1.0,Debit Card,Delivered,9415,0,9415.0
507511,2026-06-27 15:15:47.254725472,10208,20075,2.0,Credit Card,Delivered,7740,5,14706.0
507512,2026-06-27 16:07:29.324932492,10081,20009,4.0,Credit Card,Delivered,18553,0,74212.0
507513,2026-06-27 16:59:11.395139516,10238,20089,2.0,UPI,Returned,507,0,1014.0
507514,2026-06-27 17:50:53.465346536,10325,20038,2.0,Debit Card,Delivered,9637,0,19274.0
507515,2026-06-27 18:42:35.535553556,10025,20037,3.0,UPI,Delivered,4164,10,11242.8
507516,2026-06-27 19:34:17.605760576,10048,20015,1.0,Debit Card,Delivered,27789,20,22231.2
507517,2026-06-27 20:25:59.675967596,10551,20053,1.0,Debit Card,Delivered,2733,5,2596.35
507518,2026-06-27 21:17:41.746174620,10022,20042,4.0,UPI,Returned,51100,10,183960.0
507519,2026-06-27 22:09:23.816381640,10245,20102,2.0,Credit Card,Returned,2774,20,4438.4
507520,2026-06-27 23:01:05.886588660,10459,20019,1.0,Credit Card,Delivered,1265,15,1075.25
507521,2026-06-27 23:52:47.956795680,10197,20044,1.0,Credit Card,Cancelled,32508,0,32508.0
507522,2026-06-28 00:44:30.027002700,10297,20094,5.0,Cash on Delivery,Delivered,4584,15,19482.0
507523,2026-06-28 01:36:12.097209720,10052,20084,3.0,Credit Card,Delivered,7386,0,22158.0
507524,2026-06-28 02:27:54.167416744,10477,20080,1.0,UPI,Delivered,8370,20,6696.0
507525,2026-06-28 03:19:36.237623764,10381,20055,2.0,UPI,Returned,1081,20,1729.6
507526,2026-06-28 04:11:18.307830784,10511,20091,2.0,Debit Card,Cancelled,412,0,824.0
507527,2026-06-28 05:03:00.378037804,10519,20024,1.0,UPI,Delivered,4109,20,3287.2
507528,2026-06-28 05:54:42.448244824,10211,20085,1.0,Debit Card,Delivered,11910,0,11910.0
507529,2026-06-28 06:46:24.518451844,10025,20061,1.0,UPI,Delivered,7110,5,6754.5
507530,2026-06-28 07:38:06.588658868,10208,20037,5.0,UPI,Delivered,4164,15,17697.0
507531,2026-06-28 08:29:48.658865888,10088,20023,5.0,UPI,Delivered,2698,0,13490.0
507532,2026-06-28 09:21:30.729072908,10320,20055,4.0,Net Banking,Returned,1081,0,4324.0
507533,2026-06-28 10:13:12.799279928,10088,20001,1.0,Debit Card,Delivered,63388,0,63388.0
507534,2026-06-28 11:04:54.869486948,10554,20075,5.0,Credit Card,Cancelled,7740,10,34830.0
507535,2026-06-28 11:56:36.939693968,10362,20025,1.0,UPI,Cancelled,5959,10,5363.1
507536,2026-06-28 12:48:19.009900992,10152,20041,4.0,Cash on Delivery,Returned,36528,20,116889.6
507537,2026-06-28 13:40:01.080108012,10553,20021,1.0,Cash on Delivery,Delivered,11517,0,11517.0
507538,2026-06-28 14:31:43.150315032,10462,20049,1.0,Credit Card,Returned,578,10,520.2
507539,2026-06-28 15:23:25.220522052,10263,20039,2.0,Debit Card,Delivered,5898,0,11796.0
507540,2026-06-28 16:15:07.290729072,10088,20020,5.0,Cash on Delivery,Cancelled,1219,5,5790.25
507541,2026-06-28 17:06:49.360936096,10207,20093,1.0,UPI,Cancelled,2351,5,2233.45
507542,2026-06-28 17:58:31.431143116,10351,20079,2.0,UPI,Delivered,3686,5,7003.4
507543,2026-06-28 18:50:13.501350136,10460,20041,4.0,Credit Card,Delivered,36528,0,146112.0
507544,2026-06-28 19:41:55.571557156,10158,20006,2.0,Credit Card,Delivered,34232,0,68464.0
507545,2026-06-28 20:33:37.641764176,10446,20088,3.0,Debit Card,Delivered,7259,20,17421.6
507546,2026-06-28 21:25:19.711971196,10170,20073,2.0,Credit Card,Delivered,5411,20,8657.6
507547,2026-06-28 22:17:01.782178220,10149,20058,1.0,UPI,Delivered,3049,0,3049.0
507548,2026-06-28 23:08:43.852385240,10269,20063,1.0,UPI,Delivered,7613,0,7613.0
507549,2026-06-29 00:00:25.922592260,10097,20001,2.0,Debit Card,Cancelled,63388,20,101420.8
507550,2026-06-29 00:52:07.992799280,10243,20050,1.0,UPI,Delivered,1390,0,1390.0
507551,2026-06-29 01:43:50.063006300,10215,20020,1.0,UPI,Delivered,1219,5,1158.05
507552,2026-06-29 02:35:32.133213320,10169,20068,5.0,UPI,Delivered,1337,0,6685.0
507553,2026-06-29 03:27:14.203420344,10466,20097,1.0,Net Banking,Returned,3648,20,2918.4
507554,2026-06-29 04:18:56.273627364,10200,20056,1.0,UPI,Delivered,1999,15,1699.15
507555,2026-06-29 05:10:38.343834384,10418,20063,2.0,UPI,Returned,7613,15,12942.1
507556,2026-06-29 06:02:20.414041404,10433,20070,2.0,Net Banking,Cancelled,4368,0,8736.0
507557,2026-06-29 06:54:02.484248424,10400,20097,1.0,UPI,Cancelled,3648,0,3648.0
507558,2026-06-29 07:45:44.554455448,10162,20004,1.0,Debit Card,Cancelled,68919,15,58581.15
507559,2026-06-29 08:37:26.624662468,10498,20033,5.0,UPI,Cancelled,16169,0,80845.0
507560,2026-06-29 09:29:08.694869488,10142,20028,2.0,Net Banking,Delivered,8241,5,15657.9
507561,2026-06-29 10:20:50.765076508,10167,20075,2.0,UPI,Delivered,7740,0,15480.0
507562,2026-06-29 11:12:32.835283528,10525,20047,1.0,UPI,Delivered,20791,0,20791.0
507563,2026-06-29 12:04:14.905490548,10204,20081,1.0,UPI,Returned,14773,15,12557.05
507564,2026-06-29 12:55:56.975697572,10419,20050,1.0,Cash on Delivery,Delivered,1390,0,1390.0
507565,2026-06-29 13:47:39.045904592,10026,20102,5.0,Net Banking,Delivered,2774,0,13870.0
507566,2026-06-29 14:39:21.116111612,10369,20080,4.0,UPI,Delivered,8370,15,28458.0
507567,2026-06-29 15:31:03.186318632,10522,20002,2.0,UPI,Delivered,66297,15,112704.9
507568,2026-06-29 16:22:45.256525652,10426,20103,3.0,UPI,Returned,2822,0,8466.0
507569,2026-06-29 17:14:27.326732672,10350,20100,1.0,UPI,Delivered,2214,20,1771.2
507570,2026-06-29 18:06:09.396939696,10510,20005,5.0,UPI,Returned,55986,20,223944.0
507571,2026-06-29 18:57:51.467146716,10179,20041,2.0,Cash on Delivery,Cancelled,36528,0,73056.0
507572,2026-06-29 19:49:33.537353736,10227,20101,2.0,UPI,Delivered,2343,5,4451.7
507573,2026-06-29 20:41:15.607560756,10042,20088,5.0,Cash on Delivery,Delivered,7259,10,32665.5
507574,2026-06-29 21:32:57.677767776,10420,20049,1.0,UPI,Delivered,578,0,578.0
507575,2026-06-29 22:24:39.747974800,10435,20057,2.0,Net Banking,Cancelled,4302,20,6883.2
507576,2026-06-29 23:16:21.818181820,10451,20004,1.0,Credit Card,Delivered,68919,0,68919.0
507577,2026-06-30 00:08:03.888388840,10450,20059,2.0,UPI,Returned,5868,15,9975.6
507578,2026-06-30 00:59:45.958595860,10077,20070,1.0,Net Banking,Delivered,4368,10,3931.2
507579,2026-06-30 01:51:28.028802880,10400,20038,2.0,UPI,Delivered,9637,0,19274.0
507580,2026-06-30 02:43:10.099009900,10458,20032,3.0,Net Banking,Cancelled,14051,5,40045.35
507581,2026-06-30 03:34:52.169216924,10123,20087,1.0,Debit Card,Delivered,9356,0,9356.0
507582,2026-06-30 04:26:34.239423944,10286,20047,1.0,Cash on Delivery,Delivered,20791,20,16632.8
507583,2026-06-30 05:18:16.309630964,10548,20028,1.0,Net Banking,Delivered,8241,5,7828.95
507584,2026-06-30 06:09:58.379837984,10249,20039,3.0,UPI,Returned,5898,0,17694.0
507585,2026-06-30 07:01:40.450045004,10452,20052,2.0,Credit Card,Delivered,1561,0,3122.0
507586,2026-06-30 07:53:22.520252024,10319,20027,5.0,Debit Card,Cancelled,7598,0,37990.0
507587,2026-06-30 08:45:04.590459048,10395,20059,5.0,UPI,Delivered,5868,5,27873.0
507588,2026-06-30 09:36:46.660666068,10376,20090,1.0,Credit Card,Delivered,691,5,656.45
507589,2026-06-30 10:28:28.730873088,10391,20078,3.0,UPI,Delivered,7034,20,16881.6
507590,2026-06-30 11:20:10.801080108,10468,20025,1.0,Debit Card,Delivered,5959,10,5363.1
507591,2026-06-30 12:11:52.871287128,10543,20050,1.0,UPI,Delivered,1390,5,1320.5
507592,2026-06-30 13:03:34.941494152,10178,20057,4.0,UPI,Delivered,4302,0,17208.0
507593,2026-06-30 13:55:17.011701172,10557,20071,2.0,Cash on Delivery,Delivered,4484,0,8968.0
507594,2026-06-30 14:46:59.081908192,10377,20079,5.0,Net Banking,Delivered,3686,10,16587.0
507595,2026-06-30 15:38:41.152115212,10358,20051,1.0,UPI,Delivered,1170,0,1170.0
507596,2026-06-30 16:30:23.222322232,10197,20033,2.0,UPI,Delivered,16169,0,32338.0
507597,2026-06-30 17:22:05.292529252,10251,20069,1.0,Debit Card,Delivered,3824,20,3059.2
507598,2026-06-30 18:13:47.362736276,10391,20014,5.0,UPI,Delivered,13717,0,68585.0
507599,2026-06-30 19:05:29.432943296,10219,20071,3.0,Debit Card,Delivered,4484,0,13452.0
507600,2026-06-30 19:57:11.503150316,10173,20094,4.0,Debit Card,Cancelled,4584,5,17419.2
507601,2026-06-30 20:48:53.573357336,10492,20074,1.0,UPI,Cancelled,5850,0,5850.0
507602,2026-06-30 21:40:35.643564356,10250,20046,5.0,UPI,Delivered,18692,10,84114.0
507603,2026-06-30 22:32:17.713771376,10387,20086,4.0,UPI,Delivered,13579,5,51600.2
507604,2026-06-30 23:23:59.783978400,10019,20056,4.0,UPI,Delivered,1999,0,7996.0
507605,2026-07-01 00:15:41.854185420,10047,20057,2.0,Credit Card,Delivered,4302,5,8173.8
507606,2026-07-01 01:07:23.924392440,10509,20089,5.0,UPI,Returned,507,15,2154.75
507607,2026-07-01 01:59:05.994599460,10086,20021,3.0,Cash on Delivery,Delivered,11517,0,34551.0
507608,2026-07-01 02:50:48.064806480,10478,20082,1.0,Debit Card,Cancelled,7271,10,6543.9
507609,2026-07-01 03:42:30.135013500,10541,20071,5.0,UPI,Cancelled,4484,10,20178.0
507610,2026-07-01 04:34:12.205220524,10289,20056,1.0,Credit Card,Delivered,1999,5,1899.05
507611,2026-07-01 05:25:54.275427544,10531,20009,3.0,Credit Card,Cancelled,18553,5,52876.05
507612,2026-07-01 06:17:36.345634564,10257,20080,1.0,Credit Card,Delivered,8370,5,7951.5
507613,2026-07-01 07:09:18.415841584,10572,20023,5.0,Credit Card,Delivered,2698,0,13490.0
507614,2026-07-01 08:01:00.486048604,10143,20094,3.0,UPI,Delivered,4584,5,13064.4
507615,2026-07-01 08:52:42.556255628,10257,20083,4.0,UPI,Delivered,9080,0,36320.0
507616,2026-07-01 09:44:24.626462648,10234,20038,3.0,UPI,Delivered,9637,15,24574.35
507617,2026-07-01 10:36:06.696669668,10471,20046,2.0,UPI,Cancelled,18692,15,31776.4
507618,2026-07-01 11:27:48.766876688,10027,20003,4.0,Debit Card,Returned,53620,10,193032.0
507619,2026-07-01 12:19:30.837083708,10497,20052,1.0,Cash on Delivery,Returned,1561,0,1561.0
507620,2026-07-01 13:11:12.907290728,10015,20007,2.0,Debit Card,Returned,22213,10,39983.4
507621,2026-07-01 14:02:54.977497752,10190,20103,1.0,Cash on Delivery,Delivered,2822,20,2257.6
507622,2026-07-01 14:54:37.047704772,10358,20067,1.0,Credit Card,Cancelled,2588,15,2199.8
507623,2026-07-01 15:46:19.117911792,10088,20025,5.0,UPI,Cancelled,5959,0,29795.0
507624,2026-07-01 16:38:01.188118812,10295,20084,2.0,Net Banking,Returned,7386,0,14772.0
507625,2026-07-01 17:29:43.258325832,10599,20003,1.0,UPI,Delivered,53620,5,50939.0
507626,2026-07-01 18:21:25.328532852,10494,20058,4.0,UPI,Delivered,3049,10,10976.4
507627,2026-07-01 19:13:07.398739876,10019,20012,5.0,Cash on Delivery,Delivered,15742,10,70839.0
507628,2026-07-01 20:04:49.468946896,10356,20006,3.0,Debit Card,Delivered,34232,15,87291.6
507629,2026-07-01 20:56:31.539153916,10359,20026,1.0,Cash on Delivery,Returned,9415,5,8944.25
507630,2026-07-01 21:48:13.609360936,10041,20031,4.0,UPI,Delivered,16301,15,55423.4
507631,2026-07-01 22:39:55.679567956,10391,20076,3.0,Debit Card,Delivered,6747,0,20241.0
507632,2026-07-01 23:31:37.749774980,10313,20093,1.0,UPI,Returned,2351,0,2351.0
507633,2026-07-02 00:23:19.819982000,10410,20081,1.0,UPI,Delivered,14773,5,14034.35
507634,2026-07-02 01:15:01.890189020,10179,20077,5.0,Cash on Delivery,Delivered,4744,5,22534.0
507635,2026-07-02 02:06:43.960396040,10154,20059,5.0,Credit Card,Cancelled,5868,20,23472.0
507636,2026-07-02 02:58:26.030603060,10442,20039,3.0,Debit Card,Returned,5898,10,15924.6
507637,2026-07-02 03:50:08.100810080,10433,20027,1.0,Cash on Delivery,Returned,7598,0,7598.0
507638,2026-07-02 04:41:50.171017104,10098,20099,1.0,Net Banking,Returned,4248,10,3823.2
507639,2026-07-02 05:33:32.241224124,10130,20055,1.0,UPI,Delivered,1081,0,1081.0
507640,2026-07-02 06:25:14.311431144,10352,20059,2.0,UPI,Delivered,5868,0,11736.0
507641,2026-07-02 07:16:56.381638164,10498,20002,4.0,Cash on Delivery,Returned,66297,0,265188.0
507642,2026-07-02 08:08:38.451845184,10122,20048,4.0,Credit Card,Cancelled,23385,0,93540.0
507643,2026-07-02 09:00:20.522052204,10132,20071,1.0,Credit Card,Delivered,4484,0,4484.0
507644,2026-07-02 09:52:02.592259228,10485,20052,1.0,UPI,Delivered,1561,0,1561.0
507645,2026-07-02 10:43:44.662466248,10419,20064,1.0,UPI,Returned,3045,0,3045.0
507646,2026-07-02 11:35:26.732673268,10542,20085,1.0,Cash on Delivery,Returned,11910,20,9528.0
507647,2026-07-02 12:27:08.802880288,10471,20003,5.0,Credit Card,Returned,53620,15,227885.0
507648,2026-07-02 13:18:50.873087308,10572,20095,1.0,Net Banking,Delivered,1791,5,1701.45
507649,2026-07-02 14:10:32.943294332,10114,20085,4.0,UPI,Cancelled,11910,20,38112.0
507650,2026-07-02 15:02:15.013501352,10164,20044,3.0,UPI,Delivered,32508,0,97524.0
507651,2026-07-02 15:53:57.083708372,10143,20080,1.0,Credit Card,Returned,8370,20,6696.0
507652,2026-07-02 16:45:39.153915392,10034,20007,3.0,Net Banking,Delivered,22213,5,63307.05
507653,2026-07-02 17:37:21.224122412,10468,20033,2.0,UPI,Returned,16169,0,32338.0
507654,2026-07-02 18:29:03.294329432,10398,20012,1.0,UPI,Delivered,15742,15,13380.7
507655,2026-07-02 19:20:45.364536456,10052,20067,1.0,Credit Card,Returned,2588,5,2458.6
507656,2026-07-02 20:12:27.434743476,10119,20090,1.0,UPI,Delivered,691,10,621.9
507657,2026-07-02 21:04:09.504950496,10115,20063,1.0,UPI,Delivered,7613,0,7613.0
507658,2026-07-02 21:55:51.575157516,10242,20075,2.0,Credit Card,Cancelled,7740,5,14706.0
507659,2026-07-02 22:47:33.645364536,10274,20015,2.0,UPI,Delivered,27789,0,55578.0
507660,2026-07-02 23:39:15.715571556,10174,20098,1.0,Debit Card,Returned,1112,0,1112.0
507661,2026-07-03 00:30:57.785778580,10559,20021,1.0,UPI,Delivered,11517,5,10941.15
507662,2026-07-03 01:22:39.855985600,10128,20055,3.0,Debit Card,Delivered,1081,20,2594.4
507663,2026-07-03 02:14:21.926192620,10338,20072,2.0,Net Banking,Delivered,3499,0,6998.0
507664,2026-07-03 03:06:03.996399640,10263,20090,1.0,Net Banking,Delivered,691,10,621.9
507665,2026-07-03 03:57:46.066606660,10233,20098,1.0,Debit Card,Delivered,1112,0,1112.0
507666,2026-07-03 04:49:28.136813680,10496,20063,1.0,Credit Card,Cancelled,7613,5,7232.35
507667,2026-07-03 05:41:10.207020704,10588,20060,4.0,UPI,Delivered,4824,15,16401.6
507668,2026-07-03 06:32:52.277227724,10004,20044,4.0,Credit Card,Cancelled,32508,0,130032.0
507669,2026-07-03 07:24:34.347434744,10279,20060,2.0,UPI,Returned,4824,15,8200.8
507670,2026-07-03 08:16:16.417641764,10072,20071,1.0,Debit Card,Cancelled,4484,0,4484.0
507671,2026-07-03 09:07:58.487848784,10261,20068,1.0,UPI,Delivered,1337,20,1069.6
507672,2026-07-03 09:59:40.558055808,10371,20062,1.0,Credit Card,Delivered,2317,10,2085.3
507673,2026-07-03 10:51:22.628262828,10247,20046,5.0,Credit Card,Delivered,18692,0,93460.0
507674,2026-07-03 11:43:04.698469848,10186,20021,1.0,Debit Card,Delivered,11517,0,11517.0
507675,2026-07-03 12:34:46.768676868,10188,20006,4.0,UPI,Delivered,34232,20,109542.4
507676,2026-07-03 13:26:28.838883888,10180,20044,1.0,Credit Card,Delivered,32508,5,30882.6
507677,2026-07-03 14:18:10.909090908,10196,20042,1.0,Credit Card,Delivered,51100,0,51100.0
507678,2026-07-03 15:09:52.979297932,10225,20064,4.0,Cash on Delivery,Delivered,3045,10,10962.0
507679,2026-07-03 16:01:35.049504952,10413,20094,5.0,Debit Card,Delivered,4584,0,22920.0
507680,2026-07-03 16:53:17.119711972,10058,20073,5.0,UPI,Delivered,5411,0,27055.0
507681,2026-07-03 17:44:59.189918992,10025,20084,1.0,Net Banking,Delivered,7386,5,7016.7
507682,2026-07-03 18:36:41.260126012,10311,20061,2.0,UPI,Returned,7110,0,14220.0
507683,2026-07-03 19:28:23.330333032,10410,20097,1.0,UPI,Delivered,3648,5,3465.6
507684,2026-07-03 20:20:05.400540056,10156,20098,1.0,UPI,Delivered,1112,0,1112.0
507685,2026-07-03 21:11:47.470747076,10121,20016,2.0,Credit Card,Cancelled,24382,5,46325.8
507686,2026-07-03 22:03:29.540954096,10375,20067,1.0,Debit Card,Returned,2588,15,2199.8
507687,2026-07-03 22:55:11.611161116,10231,20053,1.0,Credit Card,Delivered,2733,15,2323.05
507688,2026-07-03 23:46:53.681368136,10442,20102,2.0,Net Banking,Delivered,2774,0,5548.0
507689,2026-07-04 00:38:35.751575160,10088,20061,3.0,Credit Card,Cancelled,7110,0,21330.0
507690,2026-07-04 01:30:17.821782180,10073,20002,1.0,UPI,Cancelled,66297,10,59667.3
507691,2026-07-04 02:21:59.891989200,10332,20022,2.0,Credit Card,Cancelled,9827,20,15723.2
507692,2026-07-04 03:13:41.962196220,10236,20014,4.0,Debit Card,Delivered,13717,5,52124.6
507693,2026-07-04 04:05:24.032403240,10438,20021,5.0,Credit Card,Delivered,11517,0,57585.0
507694,2026-07-04 04:57:06.102610260,10304,20010,2.0,Credit Card,Delivered,24340,10,43812.0
507695,2026-07-04 05:48:48.172817284,10213,20082,1.0,Credit Card,Delivered,7271,15,6180.35
507696,2026-07-04 06:40:30.243024304,10096,20052,3.0,Credit Card,Delivered,1561,20,3746.4
507697,2026-07-04 07:32:12.313231324,10099,20070,1.0,UPI,Returned,4368,20,3494.4
507698,2026-07-04 08:23:54.383438344,10454,20104,1.0,Net Banking,Delivered,778,10,700.2
507699,2026-07-04 09:15:36.453645364,10136,20068,1.0,UPI,Cancelled,1337,5,1270.15
507700,2026-07-04 10:07:18.523852384,10302,20050,1.0,UPI,Delivered,1390,0,1390.0
507701,2026-07-04 10:59:00.594059408,10491,20028,1.0,Debit Card,Delivered,8241,20,6592.8
507702,2026-07-04 11:50:42.664266428,10539,20079,1.0,Net Banking,Delivered,3686,5,3501.7
507703,2026-07-04 12:42:24.734473448,10161,20053,5.0,Debit Card,Cancelled,2733,10,12298.5
507704,2026-07-04 13:34:06.804680468,10066,20079,3.0,Credit Card,Cancelled,3686,15,9399.3
507705,2026-07-04 14:25:48.874887488,10465,20003,3.0,Cash on Delivery,Delivered,53620,0,160860.0
507706,2026-07-04 15:17:30.945094512,10413,20017,1.0,UPI,Returned,1945,0,1945.0
507707,2026-07-04 16:09:13.015301532,10199,20014,4.0,Credit Card,Delivered,13717,10,49381.2
507708,2026-07-04 17:00:55.085508552,10357,20071,1.0,Credit Card,Delivered,4484,5,4259.8
507709,2026-07-04 17:52:37.155715572,10114,20054,3.0,Credit Card,Delivered,1287,10,3474.9
507710,2026-07-04 18:44:19.225922592,10421,20033,2.0,Credit Card,Returned,16169,5,30721.1
507711,2026-07-04 19:36:01.296129612,10437,20033,1.0,Cash on Delivery,Cancelled,16169,0,16169.0
507712,2026-07-04 20:27:43.366336636,10180,20064,1.0,UPI,Delivered,3045,0,3045.0
507713,2026-07-04 21:19:25.436543656,10282,20101,1.0,UPI,Delivered,2343,0,2343.0
507714,2026-07-04 22:11:07.506750676,10201,20104,4.0,Credit Card,Cancelled,778,0,3112.0
507715,2026-07-04 23:02:49.576957696,10019,20050,2.0,Credit Card,Delivered,1390,0,2780.0
507716,2026-07-04 23:54:31.647164716,10077,20070,4.0,Debit Card,Delivered,4368,0,17472.0
507717,2026-07-05 00:46:13.717371736,10576,20009,4.0,Cash on Delivery,Delivered,18553,0,74212.0
507718,2026-07-05 01:37:55.787578760,10274,20099,1.0,Debit Card,Delivered,4248,15,3610.8
507719,2026-07-05 02:29:37.857785780,10089,20002,1.0,Cash on Delivery,Delivered,66297,20,53037.6
507720,2026-07-05 03:21:19.927992800,10027,20036,1.0,UPI,Delivered,17380,15,14773.0
507721,2026-07-05 04:13:01.998199820,10213,20076,1.0,UPI,Delivered,6747,20,5397.6
507722,2026-07-05 05:04:44.068406840,10590,20101,5.0,UPI,Delivered,2343,20,9372.0
507723,2026-07-05 05:56:26.138613860,10231,20018,3.0,Net Banking,Delivered,3166,10,8548.2
507724,2026-07-05 06:48:08.208820884,10600,20069,2.0,UPI,Delivered,3824,0,7648.0
507725,2026-07-05 07:39:50.279027904,10294,20020,1.0,UPI,Returned,1219,0,1219.0
507726,2026-07-05 08:31:32.349234924,10459,20006,2.0,Credit Card,Delivered,34232,15,58194.4
507727,2026-07-05 09:23:14.419441944,10472,20045,2.0,UPI,Cancelled,19570,0,39140.0
507728,2026-07-05 10:14:56.489648964,10017,20060,1.0,Debit Card,Returned,4824,0,4824.0
507729,2026-07-05 11:06:38.559855988,10004,20028,1.0,Cash on Delivery,Delivered,8241,0,8241.0
507730,2026-07-05 11:58:20.630063008,10554,20102,2.0,UPI,Cancelled,2774,0,5548.0
507731,2026-07-05 12:50:02.700270028,10560,20065,2.0,Credit Card,Delivered,1731,0,3462.0
507732,2026-07-05 13:41:44.770477048,10080,20046,4.0,UPI,Delivered,18692,15,63552.8
507733,2026-07-05 14:33:26.840684068,10388,20051,2.0,UPI,Delivered,1170,15,1989.0
507734,2026-07-05 15:25:08.910891088,10555,20049,1.0,UPI,Delivered,578,0,578.0
507735,2026-07-05 16:16:50.981098112,10571,20012,5.0,Credit Card,Returned,15742,5,74774.5
507736,2026-07-05 17:08:33.051305132,10178,20064,2.0,Credit Card,Delivered,3045,20,4872.0
507737,2026-07-05 18:00:15.121512152,10491,20082,3.0,Debit Card,Delivered,7271,5,20722.35
507738,2026-07-05 18:51:57.191719172,10388,20044,1.0,Net Banking,Cancelled,32508,20,26006.4
507739,2026-07-05 19:43:39.261926192,10557,20045,1.0,UPI,Cancelled,19570,0,19570.0
507740,2026-07-05 20:35:21.332133212,10089,20095,1.0,Debit Card,Delivered,1791,0,1791.0
507741,2026-07-05 21:27:03.402340236,10361,20064,4.0,Debit Card,Delivered,3045,20,9744.0
507742,2026-07-05 22:18:45.472547256,10015,20031,1.0,UPI,Delivered,16301,15,13855.85
507743,2026-07-05 23:10:27.542754276,10215,20001,4.0,UPI,Delivered,63388,0,253552.0
507744,2026-07-06 00:02:09.612961296,10007,20086,5.0,UPI,Delivered,13579,20,54316.0
507745,2026-07-06 00:53:51.683168316,10266,20066,3.0,UPI,Delivered,1710,0,5130.0
507746,2026-07-06 01:45:33.753375340,10487,20066,5.0,UPI,Delivered,1710,15,7267.5
507747,2026-07-06 02:37:15.823582360,10395,20030,5.0,UPI,Delivered,6241,0,31205.0
507748,2026-07-06 03:28:57.893789380,10191,20020,3.0,Cash on Delivery,Cancelled,1219,0,3657.0
507749,2026-07-06 04:20:39.963996400,10257,20052,4.0,Cash on Delivery,Delivered,1561,0,6244.0
507750,2026-07-06 05:12:22.034203420,10221,20079,2.0,Credit Card,Delivered,3686,0,7372.0
507751,2026-07-06 06:04:04.104410440,10440,20031,1.0,Debit Card,Delivered,16301,10,14670.9
507752,2026-07-06 06:55:46.174617464,10160,20055,1.0,Cash on Delivery,Cancelled,1081,15,918.85
507753,2026-07-06 07:47:28.244824484,10056,20104,2.0,Credit Card,Delivered,778,10,1400.4
507754,2026-07-06 08:39:10.315031504,10305,20023,2.0,Credit Card,Returned,2698,0,5396.0
507755,2026-07-06 09:30:52.385238524,10498,20025,1.0,Debit Card,Returned,5959,10,5363.1
507756,2026-07-06 10:22:34.455445544,10287,20025,1.0,Cash on Delivery,Delivered,5959,5,5661.05
507757,2026-07-06 11:14:16.525652564,10123,20095,2.0,Net Banking,Delivered,1791,0,3582.0
507758,2026-07-06 12:05:58.595859588,10028,20055,2.0,UPI,Cancelled,1081,0,2162.0
507759,2026-07-06 12:57:40.666066608,10567,20096,5.0,Debit Card,Cancelled,3065,20,12260.0
507760,2026-07-06 13:49:22.736273628,10457,20099,5.0,UPI,Delivered,4248,0,21240.0
507761,2026-07-06 14:41:04.806480648,10094,20044,2.0,UPI,Returned,32508,10,58514.4
507762,2026-07-06 15:32:46.876687668,10045,20006,4.0,Credit Card,Delivered,34232,0,136928.0
507763,2026-07-06 16:24:28.946894692,10078,20032,1.0,Debit Card,Delivered,14051,20,11240.8
507764,2026-07-06 17:16:11.017101712,10226,20057,5.0,UPI,Delivered,4302,15,18283.5
507765,2026-07-06 18:07:53.087308732,10488,20040,5.0,UPI,Delivered,9982,0,49910.0
507766,2026-07-06 18:59:35.157515752,10096,20001,1.0,Debit Card,Delivered,63388,10,57049.2
507767,2026-07-06 19:51:17.227722772,10492,20103,3.0,UPI,Delivered,2822,20,6772.8
507768,2026-07-06 20:42:59.297929792,10002,20032,2.0,Net Banking,Delivered,14051,20,22481.6
507769,2026-07-06 21:34:41.368136816,10444,20065,1.0,Credit Card,Cancelled,1731,15,1471.35
507770,2026-07-06 22:26:23.438343836,10170,20099,2.0,Credit Card,Returned,4248,15,7221.6
507771,2026-07-06 23:18:05.508550856,10577,20057,5.0,UPI,Returned,4302,5,20434.5
507772,2026-07-07 00:09:47.578757876,10286,20073,5.0,Cash on Delivery,Cancelled,5411,0,27055.0
507773,2026-07-07 01:01:29.648964896,10163,20004,1.0,Cash on Delivery,Returned,68919,0,68919.0
507774,2026-07-07 01:53:11.719171916,10146,20073,2.0,UPI,Delivered,5411,0,10822.0
507775,2026-07-07 02:44:53.789378940,10496,20089,2.0,Debit Card,Delivered,507,0,1014.0
507776,2026-07-07 03:36:35.859585960,10242,20096,3.0,Net Banking,Delivered,3065,20,7356.0
507777,2026-07-07 04:28:17.929792980,10212,20009,2.0,UPI,Returned,18553,15,31540.1
507778,2026-07-07 05:20:00.000000000,10442,20024,2.0,Credit Card,Cancelled,4109,0,8218.0
507779,2026-07-07 06:11:42.070207020,10323,20005,5.0,Net Banking,Delivered,55986,0,279930.0
507780,2026-07-07 07:03:24.140414044,10399,20096,1.0,Credit Card,Delivered,3065,15,2605.25
507781,2026-07-07 07:55:06.210621064,10268,20029,1.0,Cash on Delivery,Delivered,11176,10,10058.4
507782,2026-07-07 08:46:48.280828084,10039,20056,1.0,UPI,Delivered,1999,20,1599.2
507783,2026-07-07 09:38:30.351035104,10004,20050,1.0,Cash on Delivery,Delivered,1390,15,1181.5
507784,2026-07-07 10:30:12.421242124,10024,20072,2.0,Cash on Delivery,Delivered,3499,10,6298.2
507785,2026-07-07 11:21:54.491449144,10345,20094,3.0,UPI,Delivered,4584,15,11689.2
507786,2026-07-07 12:13:36.561656168,10309,20034,1.0,Credit Card,Delivered,6711,20,5368.8
507787,2026-07-07 13:05:18.631863188,10449,20083,5.0,Debit Card,Delivered,9080,0,45400.0
507788,2026-07-07 13:57:00.702070208,10537,20031,1.0,Cash on Delivery,Delivered,16301,0,16301.0
507789,2026-07-07 14:48:42.772277228,10105,20021,1.0,UPI,Delivered,11517,20,9213.6
507790,2026-07-07 15:40:24.842484248,10575,20012,3.0,UPI,Returned,15742,0,47226.0
507791,2026-07-07 16:32:06.912691268,10559,20039,1.0,Net Banking,Returned,5898,0,5898.0
507792,2026-07-07 17:23:48.982898292,10370,20059,4.0,Credit Card,Cancelled,5868,0,23472.0
507793,2026-07-07 18:15:31.053105312,10319,20082,5.0,Debit Card,Delivered,7271,15,30901.75
507794,2026-07-07 19:07:13.123312332,10106,20089,3.0,Credit Card,Delivered,507,20,1216.8
507795,2026-07-07 19:58:55.193519352,10107,20055,4.0,Cash on Delivery,Returned,1081,0,4324.0
507796,2026-07-07 20:50:37.263726372,10012,20043,2.0,UPI,Delivered,21634,0,43268.0
507797,2026-07-07 21:42:19.333933392,10388,20019,1.0,Cash on Delivery,Delivered,1265,0,1265.0
507798,2026-07-07 22:34:01.404140416,10260,20096,2.0,Credit Card,Delivered,3065,10,5517.0
507799,2026-07-07 23:25:43.474347436,10116,20042,1.0,Cash on Delivery,Delivered,51100,0,51100.0
507800,2026-07-08 00:17:25.544554456,10081,20080,5.0,UPI,Cancelled,8370,15,35572.5
507801,2026-07-08 01:09:07.614761476,10039,20066,2.0,Debit Card,Delivered,1710,15,2907.0
507802,2026-07-08 02:00:49.684968496,10385,20097,2.0,Net Banking,Delivered,3648,5,6931.2
507803,2026-07-08 02:52:31.755175520,10412,20102,3.0,Net Banking,Cancelled,2774,10,7489.8
507804,2026-07-08 03:44:13.825382540,10379,20074,1.0,UPI,Cancelled,5850,0,5850.0
507805,2026-07-08 04:35:55.895589560,10067,20069,2.0,Credit Card,Cancelled,3824,0,7648.0
507806,2026-07-08 05:27:37.965796580,10025,20015,4.0,UPI,Cancelled,27789,0,111156.0
507807,2026-07-08 06:19:20.036003600,10064,20002,4.0,UPI,Delivered,66297,0,265188.0
507808,2026-07-08 07:11:02.106210620,10451,20057,1.0,Debit Card,Delivered,4302,0,4302.0
507809,2026-07-08 08:02:44.176417644,10444,20074,1.0,Cash on Delivery,Delivered,5850,10,5265.0
507810,2026-07-08 08:54:26.246624664,10177,20078,1.0,Debit Card,Delivered,7034,0,7034.0
507811,2026-07-08 09:46:08.316831684,10034,20027,4.0,UPI,Delivered,7598,0,30392.0
507812,2026-07-08 10:37:50.387038704,10192,20053,1.0,UPI,Delivered,2733,15,2323.05
507813,2026-07-08 11:29:32.457245724,10486,20090,1.0,UPI,Delivered,691,0,691.0
507814,2026-07-08 12:21:14.527452744,10087,20010,2.0,UPI,Returned,24340,0,48680.0
507815,2026-07-08 13:12:56.597659768,10478,20040,5.0,Net Banking,Delivered,9982,15,42423.5
507816,2026-07-08 14:04:38.667866788,10279,20099,1.0,UPI,Returned,4248,0,4248.0
507817,2026-07-08 14:56:20.738073808,10085,20021,1.0,UPI,Cancelled,11517,0,11517.0
507818,2026-07-08 15:48:02.808280828,10561,20033,1.0,Debit Card,Cancelled,16169,5,15360.55
507819,2026-07-08 16:39:44.878487848,10312,20049,1.0,UPI,Delivered,578,0,578.0
507820,2026-07-08 17:31:26.948694872,10403,20072,1.0,Credit Card,Delivered,3499,10,3149.1
507821,2026-07-08 18:23:09.018901892,10058,20027,1.0,Credit Card,Delivered,7598,0,7598.0
507822,2026-07-08 19:14:51.089108912,10223,20083,3.0,UPI,Returned,9080,0,27240.0
507823,2026-07-08 20:06:33.159315932,10380,20025,1.0,Credit Card,Delivered,5959,5,5661.05
507824,2026-07-08 20:58:15.229522952,10388,20039,2.0,Credit Card,Delivered,5898,0,11796.0
507825,2026-07-08 21:49:57.299729972,10038,20060,2.0,Debit Card,Returned,4824,10,8683.2
507826,2026-07-08 22:41:39.369936996,10363,20002,3.0,UPI,Delivered,66297,5,188946.45
507827,2026-07-08 23:33:21.440144016,10567,20080,3.0,UPI,Delivered,8370,0,25110.0
507828,2026-07-09 00:25:03.510351036,10472,20070,2.0,Debit Card,Delivered,4368,15,7425.6
507829,2026-07-09 01:16:45.580558056,10125,20087,5.0,UPI,Delivered,9356,5,44441.0
507830,2026-07-09 02:08:27.650765076,10548,20029,1.0,UPI,Delivered,11176,0,11176.0
507831,2026-07-09 03:00:09.720972096,10410,20042,2.0,UPI,Cancelled,51100,0,102200.0
507832,2026-07-09 03:51:51.791179120,10035,20094,2.0,UPI,Cancelled,4584,15,7792.8
507833,2026-07-09 04:43:33.861386140,10077,20007,2.0,UPI,Delivered,22213,5,42204.7
507834,2026-07-09 05:35:15.931593160,10553,20052,1.0,Cash on Delivery,Delivered,1561,0,1561.0
507835,2026-07-09 06:26:58.001800180,10126,20051,1.0,Credit Card,Delivered,1170,0,1170.0
507836,2026-07-09 07:18:40.072007200,10059,20047,5.0,Credit Card,Delivered,20791,0,103955.0
507837,2026-07-09 08:10:22.142214224,10271,20046,4.0,UPI,Delivered,18692,0,74768.0
507838,2026-07-09 09:02:04.212421244,10316,20078,2.0,UPI,Delivered,7034,0,14068.0
507839,2026-07-09 09:53:46.282628264,10344,20021,1.0,Debit Card,Cancelled,11517,10,10365.3
507840,2026-07-09 10:45:28.352835284,10396,20093,3.0,Debit Card,Delivered,2351,5,6700.35
507841,2026-07-09 11:37:10.423042304,10600,20094,1.0,Cash on Delivery,Cancelled,4584,0,4584.0
507842,2026-07-09 12:28:52.493249324,10456,20019,1.0,UPI,Delivered,1265,10,1138.5
507843,2026-07-09 13:20:34.563456348,10016,20102,1.0,UPI,Delivered,2774,20,2219.2
507844,2026-07-09 14:12:16.633663368,10054,20028,1.0,Debit Card,Returned,8241,20,6592.8
507845,2026-07-09 15:03:58.703870388,10001,20006,1.0,UPI,Delivered,34232,20,27385.6
507846,2026-07-09 15:55:40.774077408,10238,20042,1.0,UPI,Returned,51100,5,48545.0
507847,2026-07-09 16:47:22.844284428,10211,20083,2.0,UPI,Delivered,9080,0,18160.0
507848,2026-07-09 17:39:04.914491448,10561,20088,5.0,UPI,Delivered,7259,0,36295.0
507849,2026-07-09 18:30:46.984698472,10220,20068,1.0,Net Banking,Cancelled,1337,10,1203.3
507850,2026-07-09 19:22:29.054905492,10019,20085,1.0,Net Banking,Delivered,11910,5,11314.5
507851,2026-07-09 20:14:11.125112512,10531,20028,1.0,Debit Card,Delivered,8241,10,7416.9
507852,2026-07-09 21:05:53.195319532,10157,20092,2.0,Credit Card,Cancelled,803,0,1606.0
507853,2026-07-09 21:57:35.265526552,10548,20067,4.0,Debit Card,Delivered,2588,0,10352.0
507854,2026-07-09 22:49:17.335733572,10465,20014,1.0,Debit Card,Cancelled,13717,10,12345.3
507855,2026-07-09 23:40:59.405940596,10529,20014,1.0,Net Banking,Delivered,13717,0,13717.0
507856,2026-07-10 00:32:41.476147616,10492,20028,1.0,Credit Card,Returned,8241,5,7828.95
507857,2026-07-10 01:24:23.546354636,10086,20008,2.0,Cash on Delivery,Returned,36276,20,58041.6
507858,2026-07-10 02:16:05.616561656,10376,20030,1.0,UPI,Cancelled,6241,0,6241.0
507859,2026-07-10 03:07:47.686768676,10248,20104,1.0,Debit Card,Delivered,778,0,778.0
507860,2026-07-10 03:59:29.756975700,10378,20025,1.0,Net Banking,Delivered,5959,10,5363.1
507861,2026-07-10 04:51:11.827182720,10448,20067,5.0,Cash on Delivery,Delivered,2588,10,11646.0
507862,2026-07-10 05:42:53.897389740,10301,20102,1.0,Cash on Delivery,Delivered,2774,0,2774.0
507863,2026-07-10 06:34:35.967596760,10188,20027,3.0,Credit Card,Delivered,7598,10,20514.6
507864,2026-07-10 07:26:18.037803780,10550,20073,3.0,Debit Card,Delivered,5411,20,12986.4
507865,2026-07-10 08:18:00.108010800,10398,20047,1.0,UPI,Cancelled,20791,0,20791.0
507866,2026-07-10 09:09:42.178217824,10532,20030,1.0,Debit Card,Returned,6241,15,5304.85
507867,2026-07-10 10:01:24.248424844,10143,20099,5.0,UPI,Returned,4248,5,20178.0
507868,2026-07-10 10:53:06.318631864,10503,20069,5.0,Credit Card,Delivered,3824,15,16252.0
507869,2026-07-10 11:44:48.388838884,10195,20046,2.0,Cash on Delivery,Returned,18692,20,29907.2
507870,2026-07-10 12:36:30.459045904,10277,20085,1.0,Net Banking,Returned,11910,0,11910.0
507871,2026-07-10 13:28:12.529252924,10517,20094,1.0,Credit Card,Delivered,4584,0,4584.0
507872,2026-07-10 14:19:54.599459948,10213,20082,5.0,UPI,Delivered,7271,0,36355.0
507873,2026-07-10 15:11:36.669666968,10151,20091,3.0,Credit Card,Delivered,412,0,1236.0
507874,2026-07-10 16:03:18.739873988,10550,20034,1.0,UPI,Delivered,6711,0,6711.0
507875,2026-07-10 16:55:00.810081008,10579,20036,3.0,UPI,Delivered,17380,0,52140.0
507876,2026-07-10 17:46:42.880288028,10187,20025,1.0,Cash on Delivery,Delivered,5959,15,5065.15
507877,2026-07-10 18:38:24.950495052,10184,20073,1.0,Credit Card,Cancelled,5411,15,4599.35
507878,2026-07-10 19:30:07.020702072,10137,20084,2.0,UPI,Delivered,7386,0,14772.0
507879,2026-07-10 20:21:49.090909092,10015,20069,1.0,Debit Card,Delivered,3824,10,3441.6
507880,2026-07-10 21:13:31.161116112,10332,20063,3.0,UPI,Delivered,7613,0,22839.0
507881,2026-07-10 22:05:13.231323132,10153,20081,1.0,Credit Card,Delivered,14773,5,14034.35
507882,2026-07-10 22:56:55.301530152,10510,20019,5.0,UPI,Delivered,1265,0,6325.0
507883,2026-07-10 23:48:37.371737176,10103,20039,2.0,UPI,Delivered,5898,15,10026.6
507884,2026-07-11 00:40:19.441944196,10382,20074,1.0,Credit Card,Delivered,5850,0,5850.0
507885,2026-07-11 01:32:01.512151216,10305,20006,5.0,Debit Card,Delivered,34232,20,136928.0
507886,2026-07-11 02:23:43.582358236,10368,20095,2.0,Credit Card,Delivered,1791,20,2865.6
507887,2026-07-11 03:15:25.652565256,10068,20018,2.0,Net Banking,Cancelled,3166,0,6332.0
507888,2026-07-11 04:07:07.722772276,10280,20082,1.0,Cash on Delivery,Delivered,7271,5,6907.45
507889,2026-07-11 04:58:49.792979300,10376,20065,5.0,Net Banking,Delivered,1731,15,7356.75
507890,2026-07-11 05:50:31.863186320,10205,20089,4.0,Cash on Delivery,Returned,507,15,1723.8
507891,2026-07-11 06:42:13.933393340,10525,20081,1.0,Cash on Delivery,Delivered,14773,0,14773.0
507892,2026-07-11 07:33:56.003600360,10318,20054,5.0,Net Banking,Delivered,1287,5,6113.25
507893,2026-07-11 08:25:38.073807380,10218,20079,4.0,UPI,Delivered,3686,0,14744.0
507894,2026-07-11 09:17:20.144014404,10019,20037,2.0,UPI,Delivered,4164,0,8328.0
507895,2026-07-11 10:09:02.214221424,10102,20061,5.0,Debit Card,Delivered,7110,0,35550.0
507896,2026-07-11 11:00:44.284428444,10286,20096,2.0,Net Banking,Delivered,3065,0,6130.0
507897,2026-07-11 11:52:26.354635464,10241,20009,3.0,Net Banking,Delivered,18553,0,55659.0
507898,2026-07-11 12:44:08.424842484,10523,20038,1.0,Debit Card,Delivered,9637,10,8673.3
507899,2026-07-11 13:35:50.495049504,10472,20002,1.0,Net Banking,Cancelled,66297,20,53037.6
507900,2026-07-11 14:27:32.565256528,10096,20056,2.0,Debit Card,Delivered,1999,10,3598.2
507901,2026-07-11 15:19:14.635463548,10355,20082,1.0,Debit Card,Cancelled,7271,5,6907.45
507902,2026-07-11 16:10:56.705670568,10273,20005,5.0,UPI,Delivered,55986,10,251937.0
507903,2026-07-11 17:02:38.775877588,10061,20058,1.0,Credit Card,Delivered,3049,10,2744.1
507904,2026-07-11 17:54:20.846084608,10400,20044,4.0,UPI,Delivered,32508,5,123530.4
507905,2026-07-11 18:46:02.916291628,10323,20082,2.0,UPI,Delivered,7271,0,14542.0
507906,2026-07-11 19:37:44.986498652,10053,20023,5.0,Credit Card,Delivered,2698,5,12815.5
507907,2026-07-11 20:29:27.056705672,10281,20017,5.0,UPI,Returned,1945,0,9725.0
507908,2026-07-11 21:21:09.126912692,10440,20010,4.0,Cash on Delivery,Delivered,24340,10,87624.0
507909,2026-07-11 22:12:51.197119712,10197,20043,1.0,Credit Card,Returned,21634,20,17307.2
507910,2026-07-11 23:04:33.267326732,10215,20051,3.0,Debit Card,Cancelled,1170,15,2983.5
507911,2026-07-11 23:56:15.337533752,10067,20096,1.0,UPI,Delivered,3065,15,2605.25
507912,2026-07-12 00:47:57.407740776,10123,20049,2.0,Net Banking,Returned,578,5,1098.2
507913,2026-07-12 01:39:39.477947796,10589,20018,1.0,Credit Card,Delivered,3166,5,3007.7
507914,2026-07-12 02:31:21.548154816,10373,20073,1.0,Credit Card,Cancelled,5411,5,5140.45
507915,2026-07-12 03:23:03.618361836,10106,20007,2.0,Debit Card,Cancelled,22213,0,44426.0
507916,2026-07-12 04:14:45.688568856,10290,20036,1.0,Credit Card,Delivered,17380,20,13904.0
507917,2026-07-12 05:06:27.758775880,10116,20068,2.0,Credit Card,Cancelled,1337,0,2674.0
507918,2026-07-12 05:58:09.828982900,10266,20027,2.0,Debit Card,Cancelled,7598,20,12156.8
507919,2026-07-12 06:49:51.899189920,10088,20062,1.0,Net Banking,Delivered,2317,20,1853.6
507920,2026-07-12 07:41:33.969396940,10372,20048,2.0,UPI,Returned,23385,20,37416.0
507921,2026-07-12 08:33:16.039603960,10343,20100,4.0,Cash on Delivery,Delivered,2214,0,8856.0
507922,2026-07-12 09:24:58.109810980,10381,20030,2.0,UPI,Delivered,6241,20,9985.6
507923,2026-07-12 10:16:40.180018004,10267,20095,1.0,UPI,Delivered,1791,0,1791.0
507924,2026-07-12 11:08:22.250225024,10172,20066,2.0,UPI,Cancelled,1710,0,3420.0
507925,2026-07-12 12:00:04.320432044,10150,20078,2.0,UPI,Cancelled,7034,10,12661.2
507926,2026-07-12 12:51:46.390639064,10130,20018,3.0,UPI,Delivered,3166,0,9498.0
507927,2026-07-12 13:43:28.460846084,10258,20002,2.0,Net Banking,Delivered,66297,20,106075.2
507928,2026-07-12 14:35:10.531053104,10271,20076,1.0,Credit Card,Returned,6747,5,6409.65
507929,2026-07-12 15:26:52.601260128,10405,20050,1.0,Cash on Delivery,Returned,1390,0,1390.0
507930,2026-07-12 16:18:34.671467148,10032,20033,1.0,UPI,Cancelled,16169,0,16169.0
507931,2026-07-12 17:10:16.741674168,10170,20094,3.0,Debit Card,Delivered,4584,15,11689.2
507932,2026-07-12 18:01:58.811881188,10512,20034,3.0,UPI,Cancelled,6711,10,18119.7
507933,2026-07-12 18:53:40.882088208,10550,20046,3.0,Credit Card,Delivered,18692,0,56076.0
507934,2026-07-12 19:45:22.952295232,10559,20076,1.0,Credit Card,Cancelled,6747,0,6747.0
507935,2026-07-12 20:37:05.022502252,10184,20101,2.0,Debit Card,Cancelled,2343,10,4217.4
507936,2026-07-12 21:28:47.092709272,10083,20094,1.0,Debit Card,Cancelled,4584,0,4584.0
507937,2026-07-12 22:20:29.162916292,10119,20068,4.0,UPI,Returned,1337,0,5348.0
507938,2026-07-12 23:12:11.233123312,10080,20012,1.0,UPI,Delivered,15742,5,14954.9
507939,2026-07-13 00:03:53.303330332,10573,20012,2.0,Credit Card,Returned,15742,20,25187.2
507940,2026-07-13 00:55:35.373537356,10531,20073,2.0,UPI,Delivered,5411,0,10822.0
507941,2026-07-13 01:47:17.443744376,10487,20053,1.0,Debit Card,Delivered,2733,10,2459.7
507942,2026-07-13 02:38:59.513951396,10438,20014,1.0,Credit Card,Cancelled,13717,5,13031.15
507943,2026-07-13 03:30:41.584158416,10206,20073,5.0,Net Banking,Returned,5411,20,21644.0
507944,2026-07-13 04:22:23.654365436,10286,20098,1.0,Cash on Delivery,Delivered,1112,10,1000.8
507945,2026-07-13 05:14:05.724572456,10505,20007,5.0,UPI,Returned,22213,5,105511.75
507946,2026-07-13 06:05:47.794779480,10489,20086,1.0,Cash on Delivery,Delivered,13579,0,13579.0
507947,2026-07-13 06:57:29.864986500,10312,20036,1.0,Debit Card,Returned,17380,20,13904.0
507948,2026-07-13 07:49:11.935193520,10503,20042,5.0,UPI,Delivered,51100,0,255500.0
507949,2026-07-13 08:40:54.005400540,10209,20075,5.0,Net Banking,Delivered,7740,5,36765.0
507950,2026-07-13 09:32:36.075607560,10249,20026,5.0,Credit Card,Delivered,9415,0,47075.0
507951,2026-07-13 10:24:18.145814584,10504,20017,4.0,Debit Card,Cancelled,1945,5,7391.0
507952,2026-07-13 11:16:00.216021604,10226,20101,2.0,,Delivered,2343,20,3748.8
507953,2026-07-13 12:07:42.286228624,10452,20037,1.0,Cash on Delivery,Delivered,4164,0,4164.0
507954,2026-07-13 12:59:24.356435644,10272,20018,2.0,Debit Card,Delivered,3166,0,6332.0
507955,2026-07-13 13:51:06.426642664,10179,20072,2.0,Net Banking,Delivered,3499,15,5948.3
507956,2026-07-13 14:42:48.496849684,10132,20023,3.0,UPI,Returned,2698,10,7284.6
507957,2026-07-13 15:34:30.567056708,10365,20081,1.0,Cash on Delivery,Delivered,14773,0,14773.0
507958,2026-07-13 16:26:12.637263728,10288,20008,1.0,Debit Card,Returned,36276,0,36276.0
507959,2026-07-13 17:17:54.707470748,10222,20054,2.0,Debit Card,Delivered,1287,10,2316.6
507960,2026-07-13 18:09:36.777677768,10446,20042,4.0,Net Banking,Delivered,51100,0,204400.0
507961,2026-07-13 19:01:18.847884788,10001,20100,5.0,UPI,Returned,2214,10,9963.0
507962,2026-07-13 19:53:00.918091808,10056,20055,2.0,UPI,Cancelled,1081,0,2162.0
507963,2026-07-13 20:44:42.988298832,10578,20097,1.0,Net Banking,Delivered,3648,15,3100.8
507964,2026-07-13 21:36:25.058505852,10399,20026,2.0,Cash on Delivery,Cancelled,9415,10,16947.0
507965,2026-07-13 22:28:07.128712872,10330,20050,2.0,Debit Card,Delivered,1390,10,2502.0
507966,2026-07-13 23:19:49.198919892,10009,20085,2.0,Credit Card,Returned,11910,0,23820.0
507967,2026-07-14 00:11:31.269126912,10360,20017,1.0,UPI,Cancelled,1945,10,1750.5
507968,2026-07-14 01:03:13.339333936,10261,20097,2.0,Credit Card,Returned,3648,10,6566.4
507969,2026-07-14 01:54:55.409540956,10360,20081,2.0,Credit Card,Delivered,14773,5,28068.7
507970,2026-07-14 02:46:37.479747976,10025,20071,4.0,Cash on Delivery,Delivered,4484,10,16142.4
507971,2026-07-14 03:38:19.549954996,10331,20026,4.0,Credit Card,Delivered,9415,10,33894.0
507972,2026-07-14 04:30:01.620162016,10347,20086,4.0,Credit Card,Returned,13579,0,54316.0
507973,2026-07-14 05:21:43.690369036,10175,20088,1.0,Credit Card,Delivered,7259,5,6896.05
507974,2026-07-14 06:13:25.760576060,10033,20031,2.0,Cash on Delivery,Delivered,16301,0,32602.0
507975,2026-07-14 07:05:07.830783080,10583,20062,2.0,Debit Card,Delivered,2317,15,3938.9
507976,2026-07-14 07:56:49.900990100,10426,20007,5.0,UPI,Delivered,22213,0,111065.0
507977,2026-07-14 08:48:31.971197120,10374,20041,1.0,Credit Card,Delivered,36528,15,31048.8
507978,2026-07-14 09:40:14.041404140,10461,20016,5.0,Credit Card,Cancelled,24382,10,109719.0
507979,2026-07-14 10:31:56.111611160,10403,20058,3.0,UPI,Cancelled,3049,5,8689.65
507980,2026-07-14 11:23:38.181818184,10081,20058,3.0,Debit Card,Delivered,3049,5,8689.65
507981,2026-07-14 12:15:20.252025204,10273,20056,3.0,UPI,Delivered,1999,0,5997.0
507982,2026-07-14 13:07:02.322232224,10534,20071,4.0,Credit Card,Delivered,4484,10,16142.4
507983,2026-07-14 13:58:44.392439244,10173,20097,3.0,Credit Card,Delivered,3648,0,10944.0
507984,2026-07-14 14:50:26.462646264,10584,20021,3.0,Credit Card,Returned,11517,15,29368.35
507985,2026-07-14 15:42:08.532853284,10039,20023,2.0,Credit Card,Delivered,2698,15,4586.6
507986,2026-07-14 16:33:50.603060308,10199,20023,2.0,Debit Card,Delivered,2698,20,4316.8
507987,2026-07-14 17:25:32.673267328,10211,20097,2.0,UPI,Returned,3648,20,5836.8
507988,2026-07-14 18:17:14.743474348,10371,20010,4.0,UPI,Delivered,24340,15,82756.0
507989,2026-07-14 19:08:56.813681368,10106,20004,3.0,Debit Card,Delivered,68919,0,206757.0
507990,2026-07-14 20:00:38.883888388,10138,20017,5.0,Cash on Delivery,Delivered,1945,0,9725.0
507991,2026-07-14 20:52:20.954095412,10398,20080,3.0,UPI,Returned,8370,20,20088.0
507992,2026-07-14 21:44:03.024302432,10171,20061,2.0,UPI,Delivered,7110,20,11376.0
507993,2026-07-14 22:35:45.094509452,10528,20096,2.0,Cash on Delivery,Delivered,3065,0,6130.0
507994,2026-07-14 23:27:27.164716472,10523,20022,2.0,UPI,Delivered,9827,10,17688.6
507995,2026-07-15 00:19:09.234923492,10182,20041,4.0,Cash on Delivery,Delivered,36528,20,116889.6
507996,2026-07-15 01:10:51.305130512,10336,20058,1.0,Net Banking,Delivered,3049,15,2591.65
507997,2026-07-15 02:02:33.375337536,10200,20008,1.0,UPI,Delivered,36276,20,29020.8
507998,2026-07-15 02:54:15.445544556,10207,20096,1.0,UPI,Cancelled,3065,0,3065.0
507999,2026-07-15 03:45:57.515751576,10403,20084,1.0,Cash on Delivery,Delivered,7386,5,7016.7
508000,2026-07-15 04:37:39.585958596,10176,20015,3.0,UPI,Returned,27789,10,75030.3
508001,2026-07-15 05:29:21.656165616,10090,20088,5.0,Credit Card,Delivered,7259,20,29036.0
508002,2026-07-15 06:21:03.726372636,10156,20047,2.0,UPI,Cancelled,20791,20,33265.6
508003,2026-07-15 07:12:45.796579660,10558,20035,1.0,Debit Card,Delivered,15331,5,14564.45
508004,2026-07-15 08:04:27.866786680,10156,20099,1.0,Net Banking,Delivered,4248,15,3610.8
508005,2026-07-15 08:56:09.936993700,10219,20054,5.0,Debit Card,Cancelled,1287,0,6435.0
508006,2026-07-15 09:47:52.007200720,10378,20024,1.0,UPI,Delivered,4109,10,3698.1
508007,2026-07-15 10:39:34.077407740,10061,20085,2.0,Credit Card,Delivered,11910,15,20247.0
508008,2026-07-15 11:31:16.147614764,10162,20075,2.0,Debit Card,Returned,7740,20,12384.0
508009,2026-07-15 12:22:58.217821784,10105,20020,5.0,UPI,Delivered,1219,0,6095.0
508010,2026-07-15 13:14:40.288028804,10555,20071,2.0,Debit Card,Returned,4484,0,8968.0
508011,2026-07-15 14:06:22.358235824,10560,20066,2.0,Debit Card,Delivered,1710,0,3420.0
508012,2026-07-15 14:58:04.428442844,10454,20029,3.0,UPI,Delivered,11176,0,33528.0
508013,2026-07-15 15:49:46.498649864,10149,20045,4.0,Cash on Delivery,Delivered,19570,0,78280.0
508014,2026-07-15 16:41:28.568856888,10370,20088,2.0,Credit Card,Delivered,7259,20,11614.4
508015,2026-07-15 17:33:10.639063908,10398,20019,3.0,UPI,Returned,1265,10,3415.5
508016,2026-07-15 18:24:52.709270928,10522,20076,4.0,UPI,Delivered,6747,0,26988.0
508017,2026-07-15 19:16:34.779477948,10094,20087,2.0,UPI,Returned,9356,10,16840.8
508018,2026-07-15 20:08:16.849684968,10442,20098,3.0,UPI,Delivered,1112,20,2668.8
508019,2026-07-15 20:59:58.919891988,10117,20034,1.0,UPI,Cancelled,6711,15,5704.35
508020,2026-07-15 21:51:40.990099012,10342,20028,1.0,Net Banking,Delivered,8241,15,7004.85
508021,2026-07-15 22:43:23.060306032,10528,20098,1.0,Debit Card,Delivered,1112,20,889.6
508022,2026-07-15 23:35:05.130513052,10038,20049,3.0,UPI,Delivered,578,15,1473.9
508023,2026-07-16 00:26:47.200720072,10089,20060,1.0,Debit Card,Returned,4824,20,3859.2
508024,2026-07-16 01:18:29.270927092,10488,20054,4.0,Debit Card,Delivered,1287,15,4375.8
508025,2026-07-16 02:10:11.341134116,10012,20054,5.0,Credit Card,Cancelled,1287,10,5791.5
508026,2026-07-16 03:01:53.411341136,10412,20065,5.0,Cash on Delivery,Delivered,1731,0,8655.0
508027,2026-07-16 03:53:35.481548156,10301,20045,1.0,UPI,Delivered,19570,20,15656.0
508028,2026-07-16 04:45:17.551755176,10208,20041,3.0,UPI,Delivered,36528,0,109584.0
508029,2026-07-16 05:36:59.621962196,10518,20042,4.0,UPI,Delivered,51100,0,204400.0
508030,2026-07-16 06:28:41.692169216,10510,20069,2.0,UPI,Delivered,3824,15,6500.8
508031,2026-07-16 07:20:23.762376240,10196,20086,2.0,Credit Card,Delivered,13579,15,23084.3
508032,2026-07-16 08:12:05.832583260,10003,20058,2.0,UPI,Cancelled,3049,20,4878.4
508033,2026-07-16 09:03:47.902790280,10077,20071,1.0,Credit Card,Cancelled,4484,0,4484.0
508034,2026-07-16 09:55:29.972997300,10065,20043,2.0,Cash on Delivery,Delivered,21634,15,36777.8
508035,2026-07-16 10:47:12.043204320,10590,20081,5.0,Net Banking,Delivered,14773,0,73865.0
508036,2026-07-16 11:38:54.113411340,10359,20041,1.0,Debit Card,Delivered,36528,10,32875.2
508037,2026-07-16 12:30:36.183618364,10407,20044,1.0,Debit Card,Delivered,32508,0,32508.0
508038,2026-07-16 13:22:18.253825384,10139,20006,1.0,Debit Card,Cancelled,34232,5,32520.4
508039,2026-07-16 14:14:00.324032404,10511,20028,2.0,Credit Card,Delivered,8241,0,16482.0
508040,2026-07-16 15:05:42.394239424,10434,20077,1.0,Credit Card,Returned,4744,0,4744.0
508041,2026-07-16 15:57:24.464446444,10452,20010,2.0,UPI,Delivered,24340,20,38944.0
508042,2026-07-16 16:49:06.534653464,10281,20024,5.0,UPI,Delivered,4109,5,19517.75
508043,2026-07-16 17:40:48.604860488,10419,20081,1.0,Credit Card,Delivered,14773,5,14034.35
508044,2026-07-16 18:32:30.675067508,10327,20091,1.0,Credit Card,Delivered,412,0,412.0
508045,2026-07-16 19:24:12.745274528,10231,20044,1.0,UPI,Delivered,32508,20,26006.4
508046,2026-07-16 20:15:54.815481548,10357,20043,2.0,UPI,Cancelled,21634,15,36777.8
508047,2026-07-16 21:07:36.885688568,10195,20053,3.0,Net Banking,Delivered,2733,5,7789.05
508048,2026-07-16 21:59:18.955895592,10572,20081,1.0,UPI,Cancelled,14773,0,14773.0
508049,2026-07-16 22:51:01.026102612,10431,20049,1.0,Credit Card,Delivered,578,10,520.2
508050,2026-07-16 23:42:43.096309632,10444,20019,1.0,UPI,,1265,0,1265.0
508051,2026-07-17 00:34:25.166516652,10431,20045,4.0,UPI,Returned,19570,0,78280.0
508052,2026-07-17 01:26:07.236723672,10270,20027,1.0,Debit Card,Returned,7598,10,6838.2
508053,2026-07-17 02:17:49.306930692,10571,20072,3.0,UPI,Delivered,3499,20,8397.6
508054,2026-07-17 03:09:31.377137716,10125,20015,2.0,UPI,Cancelled,27789,0,55578.0
508055,2026-07-17 04:01:13.447344736,10342,20064,1.0,Cash on Delivery,Delivered,3045,0,3045.0
508056,2026-07-17 04:52:55.517551756,10042,20014,2.0,Credit Card,Cancelled,13717,0,27434.0
508057,2026-07-17 05:44:37.587758776,10177,20102,1.0,Debit Card,Delivered,2774,10,2496.6
508058,2026-07-17 06:36:19.657965796,10345,20067,2.0,Debit Card,Delivered,2588,10,4658.4
508059,2026-07-17 07:28:01.728172816,10294,20015,1.0,UPI,Delivered,27789,20,22231.2
508060,2026-07-17 08:19:43.798379840,10565,20100,3.0,UPI,Delivered,2214,0,6642.0
508061,2026-07-17 09:11:25.868586860,10369,20060,4.0,Credit Card,Returned,4824,15,16401.6
508062,2026-07-17 10:03:07.938793880,10247,20064,1.0,UPI,Delivered,3045,15,2588.25
508063,2026-07-17 10:54:50.009000900,10257,20007,2.0,UPI,Returned,22213,15,37762.1
508064,2026-07-17 11:46:32.079207920,10367,20020,3.0,Debit Card,Delivered,1219,20,2925.6
508065,2026-07-17 12:38:14.149414944,10475,20085,1.0,UPI,Delivered,11910,0,11910.0
508066,2026-07-17 13:29:56.219621964,10166,20049,3.0,UPI,Returned,578,0,1734.0
508067,2026-07-17 14:21:38.289828984,10351,20065,2.0,Credit Card,Delivered,1731,5,3288.9
508068,2026-07-17 15:13:20.360036004,10345,20103,1.0,Credit Card,Cancelled,2822,0,2822.0
508069,2026-07-17 16:05:02.430243024,10006,20045,2.0,Debit Card,Delivered,19570,0,39140.0
508070,2026-07-17 16:56:44.500450044,10548,20040,3.0,UPI,Returned,9982,0,29946.0
508071,2026-07-17 17:48:26.570657068,10342,20084,3.0,Debit Card,Delivered,7386,0,22158.0
508072,2026-07-17 18:40:08.640864088,10146,20007,4.0,Net Banking,Cancelled,22213,15,75524.2
508073,2026-07-17 19:31:50.711071108,10381,20048,1.0,Credit Card,Delivered,23385,0,23385.0
508074,2026-07-17 20:23:32.781278128,10407,20089,4.0,Net Banking,Returned,507,15,1723.8
508075,2026-07-17 21:15:14.851485148,10550,20024,1.0,Credit Card,Delivered,4109,15,3492.65
508076,2026-07-17 22:06:56.921692168,10021,20032,3.0,UPI,Delivered,14051,0,42153.0
508077,2026-07-17 22:58:38.991899192,10249,20050,1.0,UPI,Delivered,1390,20,1112.0
508078,2026-07-17 23:50:21.062106212,10109,20008,1.0,Credit Card,Delivered,36276,15,30834.6
508079,2026-07-18 00:42:03.132313232,10345,20008,3.0,Net Banking,Cancelled,36276,10,97945.2
508080,2026-07-18 01:33:45.202520252,10301,20027,2.0,UPI,Delivered,7598,15,12916.6
508081,2026-07-18 02:25:27.272727272,10285,20094,3.0,UPI,Returned,4584,15,11689.2
508082,2026-07-18 03:17:09.342934296,10590,20024,2.0,Cash on Delivery,Delivered,4109,0,8218.0
508083,2026-07-18 04:08:51.413141316,10319,20077,1.0,UPI,Delivered,4744,5,4506.8
508084,2026-07-18 05:00:33.483348336,10247,20045,2.0,Debit Card,Returned,19570,10,35226.0
508085,2026-07-18 05:52:15.553555356,10041,20080,1.0,UPI,Cancelled,8370,0,8370.0
508086,2026-07-18 06:43:57.623762376,10174,20035,4.0,Cash on Delivery,Delivered,15331,0,61324.0
508087,2026-07-18 07:35:39.693969396,10539,20091,3.0,UPI,Cancelled,412,15,1050.6
508088,2026-07-18 08:27:21.764176420,10272,20039,5.0,Debit Card,Cancelled,5898,0,29490.0
508089,2026-07-18 09:19:03.834383440,10547,20083,1.0,Credit Card,Delivered,9080,0,9080.0
508090,2026-07-18 10:10:45.904590460,10320,20087,2.0,Cash on Delivery,Delivered,9356,0,18712.0
508091,2026-07-18 11:02:27.974797480,10329,20045,2.0,Cash on Delivery,Returned,19570,5,37183.0
508092,2026-07-18 11:54:10.045004500,10258,20070,4.0,Net Banking,Cancelled,4368,5,16598.4
508093,2026-07-18 12:45:52.115211520,10334,20013,2.0,UPI,Delivered,24693,20,39508.8
508094,2026-07-18 13:37:34.185418544,10041,20052,5.0,Credit Card,Delivered,1561,5,7414.75
508095,2026-07-18 14:29:16.255625564,10035,20039,1.0,Net Banking,Delivered,5898,0,5898.0
508096,2026-07-18 15:20:58.325832584,10286,20100,4.0,Debit Card,Delivered,2214,15,7527.6
508097,2026-07-18 16:12:40.396039604,10359,20098,2.0,Net Banking,Cancelled,1112,0,2224.0
508098,2026-07-18 17:04:22.466246624,10331,20082,5.0,Net Banking,Delivered,7271,0,36355.0
508099,2026-07-18 17:56:04.536453644,10258,20099,1.0,UPI,Delivered,4248,0,4248.0
508100,2026-07-18 18:47:46.606660668,10177,20102,1.0,UPI,Delivered,2774,15,2357.9
508101,2026-07-18 19:39:28.676867688,10426,20080,2.0,UPI,Delivered,8370,10,15066.0
508102,2026-07-18 20:31:10.747074708,10363,20062,2.0,Debit Card,Cancelled,2317,0,4634.0
508103,2026-07-18 21:22:52.817281728,10029,20022,1.0,Credit Card,Delivered,9827,0,9827.0
508104,2026-07-18 22:14:34.887488748,10272,20085,3.0,UPI,Delivered,11910,15,30370.5
508105,2026-07-18 23:06:16.957695772,10427,20021,2.0,Debit Card,Cancelled,11517,10,20730.6
508106,2026-07-18 23:57:59.027902792,10471,20020,1.0,UPI,Cancelled,1219,5,1158.05
508107,2026-07-19 00:49:41.098109812,10173,20092,2.0,Credit Card,Returned,803,0,1606.0
508108,2026-07-19 01:41:23.168316832,10555,20012,3.0,Credit Card,Delivered,15742,0,47226.0
508109,2026-07-19 02:33:05.238523852,10392,20015,1.0,Credit Card,Delivered,27789,15,23620.65
508110,2026-07-19 03:24:47.308730872,10263,20054,5.0,UPI,Delivered,1287,0,6435.0
508111,2026-07-19 04:16:29.378937896,10377,20061,2.0,Debit Card,Delivered,7110,20,11376.0
508112,2026-07-19 05:08:11.449144916,10523,20005,1.0,Net Banking,Delivered,55986,0,55986.0
508113,2026-07-19 05:59:53.519351936,10137,20040,4.0,Debit Card,Delivered,9982,0,39928.0
508114,2026-07-19 06:51:35.589558956,10091,20024,4.0,Cash on Delivery,Delivered,4109,0,16436.0
508115,2026-07-19 07:43:17.659765976,10265,20032,5.0,UPI,Returned,14051,15,59716.75
508116,2026-07-19 08:34:59.729972996,10051,20019,4.0,UPI,Delivered,1265,0,5060.0
508117,2026-07-19 09:26:41.800180020,10502,20071,1.0,UPI,Delivered,4484,0,4484.0
508118,2026-07-19 10:18:23.870387040,10583,20050,1.0,Debit Card,Delivered,1390,0,1390.0
508119,2026-07-19 11:10:05.940594060,10364,20100,1.0,UPI,Returned,2214,0,2214.0
508120,2026-07-19 12:01:48.010801080,10588,20001,5.0,Cash on Delivery,Cancelled,63388,0,316940.0
508121,2026-07-19 12:53:30.081008100,10042,20081,1.0,Credit Card,Delivered,14773,0,14773.0
508122,2026-07-19 13:45:12.151215124,10380,20095,1.0,Net Banking,Cancelled,1791,10,1611.9
508123,2026-07-19 14:36:54.221422144,10266,20051,5.0,Credit Card,Delivered,1170,0,5850.0
508124,2026-07-19 15:28:36.291629164,10167,20073,1.0,Debit Card,Cancelled,5411,5,5140.45
508125,2026-07-19 16:20:18.361836184,10188,20046,2.0,Credit Card,Delivered,18692,20,29907.2
508126,2026-07-19 17:12:00.432043204,10328,20062,1.0,Credit Card,Cancelled,2317,5,2201.15
508127,2026-07-19 18:03:42.502250224,10385,20095,1.0,Debit Card,Delivered,1791,15,1522.35
508128,2026-07-19 18:55:24.572457248,10099,20056,2.0,UPI,Cancelled,1999,0,3998.0
508129,2026-07-19 19:47:06.642664268,10369,20061,3.0,Cash on Delivery,Delivered,7110,20,17064.0
508130,2026-07-19 20:38:48.712871288,10556,20103,1.0,Debit Card,Delivered,2822,5,2680.9
508131,2026-07-19 21:30:30.783078308,10007,20052,1.0,Debit Card,Returned,1561,0,1561.0
508132,2026-07-19 22:22:12.853285328,10528,20019,3.0,UPI,Cancelled,1265,20,3036.0
508133,2026-07-19 23:13:54.923492348,10365,20072,2.0,UPI,Delivered,3499,10,6298.2
508134,2026-07-20 00:05:36.993699372,10206,20073,3.0,UPI,Returned,5411,0,16233.0
508135,2026-07-20 00:57:19.063906392,10441,20025,2.0,Debit Card,Delivered,5959,10,10726.2
508136,2026-07-20 01:49:01.134113412,10371,20076,4.0,UPI,Cancelled,6747,20,21590.4
508137,2026-07-20 02:40:43.204320432,10462,20007,2.0,Cash on Delivery,Delivered,22213,0,44426.0
508138,2026-07-20 03:32:25.274527452,10049,20034,4.0,Cash on Delivery,Delivered,6711,0,26844.0
508139,2026-07-20 04:24:07.344734476,10036,20089,3.0,UPI,Delivered,507,15,1292.85
508140,2026-07-20 05:15:49.414941496,10386,20065,2.0,Debit Card,Delivered,1731,0,3462.0
508141,2026-07-20 06:07:31.485148516,10183,20064,1.0,UPI,Cancelled,3045,15,2588.25
508142,2026-07-20 06:59:13.555355536,10143,20065,2.0,UPI,Delivered,1731,15,2942.7
508143,2026-07-20 07:50:55.625562556,10253,20018,3.0,UPI,Cancelled,3166,20,7598.4
508144,2026-07-20 08:42:37.695769576,10436,20100,2.0,Net Banking,Delivered,2214,15,3763.8
508145,2026-07-20 09:34:19.765976600,10108,20031,2.0,Cash on Delivery,Returned,16301,20,26081.6
508146,2026-07-20 10:26:01.836183620,10584,20082,1.0,UPI,Cancelled,7271,10,6543.9
508147,2026-07-20 11:17:43.906390640,10253,20103,1.0,UPI,Delivered,2822,0,2822.0
508148,2026-07-20 12:09:25.976597660,10091,20026,2.0,Credit Card,Delivered,9415,0,18830.0
508149,2026-07-20 13:01:08.046804680,10043,20066,5.0,Credit Card,Delivered,1710,20,6840.0
508150,2026-07-20 13:52:50.117011700,10515,20005,3.0,UPI,Delivered,55986,0,167958.0
508151,2026-07-20 14:44:32.187218724,10068,20067,4.0,Net Banking,Delivered,2588,20,8281.6
508152,2026-07-20 15:36:14.257425744,10252,20046,3.0,Cash on Delivery,Returned,18692,20,44860.8
508153,2026-07-20 16:27:56.327632764,10402,20008,5.0,Credit Card,Delivered,36276,10,163242.0
508154,2026-07-20 17:19:38.397839784,10308,20070,1.0,Net Banking,Cancelled,4368,0,4368.0
508155,2026-07-20 18:11:20.468046804,10158,20101,3.0,Debit Card,Delivered,2343,0,7029.0
508156,2026-07-20 19:03:02.538253828,10065,20009,1.0,Credit Card,Delivered,18553,15,15770.05
508157,2026-07-20 19:54:44.608460848,10427,20093,1.0,Net Banking,Delivered,2351,0,2351.0
508158,2026-07-20 20:46:26.678667868,10295,20088,1.0,Credit Card,Cancelled,7259,0,7259.0
508159,2026-07-20 21:38:08.748874888,10029,20057,2.0,Credit Card,Delivered,4302,0,8604.0
508160,2026-07-20 22:29:50.819081908,10109,20094,1.0,UPI,Delivered,4584,5,4354.8
508161,2026-07-20 23:21:32.889288928,10338,20033,2.0,Debit Card,Returned,16169,0,32338.0
508162,2026-07-21 00:13:14.959495952,10102,20075,1.0,UPI,Delivered,7740,0,7740.0
508163,2026-07-21 01:04:57.029702972,10235,20073,1.0,UPI,Returned,5411,20,4328.8
508164,2026-07-21 01:56:39.099909992,10075,20061,2.0,Credit Card,Cancelled,7110,15,12087.0
508165,2026-07-21 02:48:21.170117012,10479,20087,2.0,Credit Card,Delivered,9356,20,14969.6
508166,2026-07-21 03:40:03.240324032,10379,20092,2.0,UPI,Delivered,803,20,1284.8
508167,2026-07-21 04:31:45.310531052,10471,20082,1.0,UPI,Returned,7271,20,5816.8
508168,2026-07-21 05:23:27.380738076,10032,20062,2.0,Net Banking,Delivered,2317,0,4634.0
508169,2026-07-21 06:15:09.450945096,10226,20102,1.0,Credit Card,Cancelled,2774,0,2774.0
508170,2026-07-21 07:06:51.521152116,10161,20058,2.0,UPI,Returned,3049,10,5488.2
508171,2026-07-21 07:58:33.591359136,10374,20067,4.0,Net Banking,Delivered,2588,10,9316.8
508172,2026-07-21 08:50:15.661566156,10493,20020,1.0,Net Banking,Cancelled,1219,5,1158.05
508173,2026-07-21 09:41:57.731773176,10137,20034,1.0,UPI,Returned,6711,5,6375.45
508174,2026-07-21 10:33:39.801980200,10462,20095,4.0,Credit Card,Delivered,1791,0,7164.0
508175,2026-07-21 11:25:21.872187220,10349,20052,2.0,UPI,Returned,1561,5,2965.9
508176,2026-07-21 12:17:03.942394240,10495,20054,1.0,Credit Card,Cancelled,1287,20,1029.6
508177,2026-07-21 13:08:46.012601260,10049,20085,4.0,Debit Card,Delivered,11910,0,47640.0
508178,2026-07-21 14:00:28.082808280,10595,20034,1.0,UPI,Delivered,6711,5,6375.45
508179,2026-07-21 14:52:10.153015304,10261,20028,2.0,Credit Card,Cancelled,8241,20,13185.6
508180,2026-07-21 15:43:52.223222324,10169,20001,2.0,UPI,Returned,63388,15,107759.6
508181,2026-07-21 16:35:34.293429344,10110,20025,1.0,Credit Card,Delivered,5959,15,5065.15
508182,2026-07-21 17:27:16.363636364,10591,20054,4.0,UPI,Delivered,1287,0,5148.0
508183,2026-07-21 18:18:58.433843384,10531,20076,2.0,Net Banking,Delivered,6747,15,11469.9
508184,2026-07-21 19:10:40.504050404,10079,20035,1.0,Credit Card,Returned,15331,0,15331.0
508185,2026-07-21 20:02:22.574257428,10267,20047,4.0,UPI,Cancelled,20791,0,83164.0
508186,2026-07-21 20:54:04.644464448,10441,20024,2.0,Debit Card,Cancelled,4109,0,8218.0
508187,2026-07-21 21:45:46.714671468,10355,20085,4.0,UPI,Delivered,11910,0,47640.0
508188,2026-07-21 22:37:28.784878488,10114,20055,4.0,Credit Card,Delivered,1081,0,4324.0
508189,2026-07-21 23:29:10.855085508,10217,20015,1.0,Credit Card,Delivered,27789,10,25010.1
508190,2026-07-22 00:20:52.925292528,10221,20064,5.0,UPI,Cancelled,3045,20,12180.0
508191,2026-07-22 01:12:34.995499552,10174,20035,1.0,UPI,Delivered,15331,10,13797.9
508192,2026-07-22 02:04:17.065706572,10577,20090,1.0,UPI,Cancelled,691,20,552.8
508193,2026-07-22 02:55:59.135913592,10122,20028,2.0,Debit Card,Returned,8241,20,13185.6
508194,2026-07-22 03:47:41.206120612,10424,20090,2.0,Debit Card,Returned,691,15,1174.7
508195,2026-07-22 04:39:23.276327632,10548,20073,1.0,UPI,Returned,5411,0,5411.0
508196,2026-07-22 05:31:05.346534656,10477,20015,1.0,UPI,Delivered,27789,10,25010.1
508197,2026-07-22 06:22:47.416741676,10480,20079,4.0,Cash on Delivery,Delivered,3686,0,14744.0
508198,2026-07-22 07:14:29.486948696,10096,20075,5.0,UPI,Delivered,7740,15,32895.0
508199,2026-07-22 08:06:11.557155716,10080,20048,3.0,UPI,Delivered,23385,20,56124.0
508200,2026-07-22 08:57:53.627362736,10470,20017,2.0,Debit Card,Returned,1945,0,3890.0
508201,2026-07-22 09:49:35.697569756,10449,20050,4.0,UPI,Delivered,1390,5,5282.0
508202,2026-07-22 10:41:17.767776780,10446,20064,1.0,Cash on Delivery,Returned,3045,0,3045.0
508203,2026-07-22 11:32:59.837983800,10252,20014,5.0,UPI,Delivered,13717,5,65155.75
508204,2026-07-22 12:24:41.908190820,10315,20036,1.0,Net Banking,Delivered,17380,5,16511.0
508205,2026-07-22 13:16:23.978397840,10010,20073,2.0,UPI,Delivered,5411,20,8657.6
508206,2026-07-22 14:08:06.048604860,10175,20058,1.0,UPI,Delivered,3049,0,3049.0
508207,2026-07-22 14:59:48.118811880,10318,20104,5.0,UPI,Returned,778,15,3306.5
508208,2026-07-22 15:51:30.189018904,10076,20023,1.0,Cash on Delivery,Delivered,2698,10,2428.2
508209,2026-07-22 16:43:12.259225924,10079,20081,3.0,Credit Card,Delivered,14773,15,37671.15
508210,2026-07-22 17:34:54.329432944,10028,20045,1.0,UPI,Delivered,19570,20,15656.0
508211,2026-07-22 18:26:36.399639964,10126,20024,1.0,Cash on Delivery,Delivered,4109,0,4109.0
508212,2026-07-22 19:18:18.469846984,10596,20099,2.0,UPI,Delivered,4248,0,8496.0
508213,2026-07-22 20:10:00.540054008,10418,20065,4.0,UPI,Cancelled,1731,10,6231.6
508214,2026-07-22 21:01:42.610261028,10569,20056,1.0,UPI,Delivered,1999,0,1999.0
508215,2026-07-22 21:53:24.680468048,10155,20031,3.0,Net Banking,Delivered,16301,5,46457.85
508216,2026-07-22 22:45:06.750675068,10360,20092,2.0,UPI,Returned,803,5,1525.7
508217,2026-07-22 23:36:48.820882088,10536,20004,5.0,UPI,Delivered,68919,10,310135.5
508218,2026-07-23 00:28:30.891089108,10212,20012,1.0,Cash on Delivery,Returned,15742,0,15742.0
508219,2026-07-23 01:20:12.961296132,10395,20019,1.0,Debit Card,Delivered,1265,10,1138.5
508220,2026-07-23 02:11:55.031503152,10416,20068,5.0,UPI,Delivered,1337,15,5682.25
508221,2026-07-23 03:03:37.101710172,10500,20011,1.0,Credit Card,Delivered,32685,0,32685.0
508222,2026-07-23 03:55:19.171917192,10582,20083,1.0,UPI,Delivered,9080,0,9080.0
508223,2026-07-23 04:47:01.242124212,10370,20021,4.0,Credit Card,Returned,11517,0,46068.0
508224,2026-07-23 05:38:43.312331232,10350,20071,4.0,UPI,Returned,4484,0,17936.0
508225,2026-07-23 06:30:25.382538256,10522,20083,1.0,Debit Card,Delivered,9080,5,8626.0
508226,2026-07-23 07:22:07.452745276,10411,20092,4.0,Debit Card,Delivered,803,0,3212.0
508227,2026-07-23 08:13:49.522952296,10218,20031,3.0,UPI,Cancelled,16301,5,46457.85
508228,2026-07-23 09:05:31.593159316,10379,20008,1.0,UPI,Delivered,36276,0,36276.0
508229,2026-07-23 09:57:13.663366336,10330,20079,2.0,UPI,Delivered,3686,0,7372.0
508230,2026-07-23 10:48:55.733573356,10138,20047,1.0,Debit Card,Cancelled,20791,5,19751.45
508231,2026-07-23 11:40:37.803780380,10310,20099,1.0,Net Banking,Delivered,4248,20,3398.4
508232,2026-07-23 12:32:19.873987400,10375,20020,1.0,Net Banking,Delivered,1219,10,1097.1
508233,2026-07-23 13:24:01.944194420,10543,20060,1.0,Cash on Delivery,Delivered,4824,0,4824.0
508234,2026-07-23 14:15:44.014401440,10349,20013,2.0,Net Banking,Delivered,24693,0,49386.0
508235,2026-07-23 15:07:26.084608460,10099,20051,4.0,Cash on Delivery,Cancelled,1170,5,4446.0
508236,2026-07-23 15:59:08.154815484,10593,20001,2.0,Debit Card,Cancelled,63388,0,126776.0
508237,2026-07-23 16:50:50.225022504,10347,20079,1.0,UPI,Returned,3686,10,3317.4
508238,2026-07-23 17:42:32.295229524,10173,20063,2.0,Debit Card,Returned,7613,0,15226.0
508239,2026-07-23 18:34:14.365436544,10453,20011,3.0,UPI,Delivered,32685,15,83346.75
508240,2026-07-23 19:25:56.435643564,10231,20052,4.0,UPI,Delivered,1561,0,6244.0
508241,2026-07-23 20:17:38.505850584,10223,20045,3.0,UPI,Delivered,19570,0,58710.0
508242,2026-07-23 21:09:20.576057608,10504,20071,1.0,UPI,Delivered,4484,5,4259.8
508243,2026-07-23 22:01:02.646264628,10521,20052,3.0,Debit Card,Delivered,1561,0,4683.0
508244,2026-07-23 22:52:44.716471648,10315,20048,1.0,UPI,Delivered,23385,0,23385.0
508245,2026-07-23 23:44:26.786678668,10224,20087,2.0,UPI,Delivered,9356,0,18712.0
508246,2026-07-24 00:36:08.856885688,10518,20054,2.0,Cash on Delivery,Delivered,1287,15,2187.9
508247,2026-07-24 01:27:50.927092708,10104,20085,1.0,Credit Card,Returned,11910,0,11910.0
508248,2026-07-24 02:19:32.997299732,10449,20093,1.0,UPI,Delivered,2351,0,2351.0
508249,2026-07-24 03:11:15.067506752,10351,20089,4.0,UPI,Delivered,507,0,2028.0
508250,2026-07-24 04:02:57.137713772,10513,20100,1.0,UPI,Delivered,2214,0,2214.0
508251,2026-07-24 04:54:39.207920792,10253,20073,1.0,Cash on Delivery,Delivered,5411,10,4869.9
508252,2026-07-24 05:46:21.278127812,10500,20059,2.0,UPI,Cancelled,5868,0,11736.0
508253,2026-07-24 06:38:03.348334836,10010,20056,1.0,Cash on Delivery,Delivered,1999,5,1899.05
508254,2026-07-24 07:29:45.418541856,10455,20022,5.0,UPI,Returned,9827,5,46678.25
508255,2026-07-24 08:21:27.488748876,10042,20087,5.0,Net Banking,Delivered,9356,0,46780.0
508256,2026-07-24 09:13:09.558955896,10386,20073,4.0,UPI,Delivered,5411,0,21644.0
508257,2026-07-24 10:04:51.629162916,10118,20091,1.0,Credit Card,Cancelled,412,10,370.8
508258,2026-07-24 10:56:33.699369936,10579,20073,5.0,UPI,Delivered,5411,20,21644.0
508259,2026-07-24 11:48:15.769576960,10462,20050,1.0,UPI,Delivered,1390,0,1390.0
508260,2026-07-24 12:39:57.839783980,10063,20031,1.0,Cash on Delivery,Delivered,16301,20,13040.8
508261,2026-07-24 13:31:39.909991000,10536,20103,5.0,Debit Card,Returned,2822,20,11288.0
508262,2026-07-24 14:23:21.980198020,10152,20077,3.0,UPI,Delivered,4744,15,12097.2
508263,2026-07-24 15:15:04.050405040,10328,20091,1.0,Debit Card,Delivered,412,5,391.4
508264,2026-07-24 16:06:46.120612060,10052,20061,5.0,UPI,Delivered,7110,0,35550.0
508265,2026-07-24 16:58:28.190819084,10064,20054,1.0,Cash on Delivery,Cancelled,1287,10,1158.3
508266,2026-07-24 17:50:10.261026104,10145,20004,3.0,Credit Card,Delivered,68919,0,206757.0
508267,2026-07-24 18:41:52.331233124,10321,20008,2.0,UPI,Delivered,36276,0,72552.0
508268,2026-07-24 19:33:34.401440144,10326,20074,1.0,UPI,Returned,5850,0,5850.0
508269,2026-07-24 20:25:16.471647164,10514,20024,4.0,UPI,Delivered,4109,5,15614.2
508270,2026-07-24 21:16:58.541854188,10100,20009,3.0,Cash on Delivery,Cancelled,18553,0,55659.0
508271,2026-07-24 22:08:40.612061208,10450,20081,5.0,UPI,Delivered,14773,0,73865.0
508272,2026-07-24 23:00:22.682268228,10004,20065,2.0,UPI,Delivered,1731,15,2942.7
508273,2026-07-24 23:52:04.752475248,10175,20012,4.0,Net Banking,Delivered,15742,20,50374.4
508274,2026-07-25 00:43:46.822682268,10106,20052,5.0,UPI,Returned,1561,15,6634.25
508275,2026-07-25 01:35:28.892889288,10075,20049,5.0,UPI,Returned,578,0,2890.0
508276,2026-07-25 02:27:10.963096312,10351,20001,2.0,Debit Card,Delivered,63388,10,114098.4
508277,2026-07-25 03:18:53.033303332,10541,20063,1.0,UPI,Cancelled,7613,5,7232.35
508278,2026-07-25 04:10:35.103510352,10401,20042,1.0,Net Banking,Returned,51100,5,48545.0
508279,2026-07-25 05:02:17.173717372,10513,20092,2.0,Credit Card,Delivered,803,15,1365.1
508280,2026-07-25 05:53:59.243924392,10355,20013,1.0,UPI,Cancelled,24693,0,24693.0
508281,2026-07-25 06:45:41.314131412,10033,20089,1.0,Credit Card,Delivered,507,5,481.65
508282,2026-07-25 07:37:23.384338436,10208,20001,2.0,UPI,Delivered,63388,20,101420.8
508283,2026-07-25 08:29:05.454545456,10495,20080,5.0,Credit Card,Delivered,8370,5,39757.5
508284,2026-07-25 09:20:47.524752476,10027,20082,1.0,Credit Card,Delivered,7271,5,6907.45
508285,2026-07-25 10:12:29.594959496,10059,20043,5.0,Debit Card,Delivered,21634,20,86536.0
508286,2026-07-25 11:04:11.665166516,10501,20030,4.0,Credit Card,Delivered,6241,0,24964.0
508287,2026-07-25 11:55:53.735373540,10038,20015,1.0,Net Banking,Delivered,27789,0,27789.0
508288,2026-07-25 12:47:35.805580560,10576,20036,1.0,UPI,Cancelled,17380,5,16511.0
508289,2026-07-25 13:39:17.875787580,10456,20070,4.0,Cash on Delivery,Delivered,4368,0,17472.0
508290,2026-07-25 14:30:59.945994600,10400,20076,4.0,UPI,Delivered,6747,5,25638.6
508291,2026-07-25 15:22:42.016201620,10322,20019,3.0,Net Banking,Delivered,1265,20,3036.0
508292,2026-07-25 16:14:24.086408640,10054,20002,5.0,Credit Card,Delivered,66297,15,281762.25
508293,2026-07-25 17:06:06.156615664,10249,20059,1.0,UPI,Returned,5868,0,5868.0
508294,2026-07-25 17:57:48.226822684,10485,20061,2.0,UPI,Delivered,7110,20,11376.0
508295,2026-07-25 18:49:30.297029704,10543,20102,2.0,Cash on Delivery,Delivered,2774,15,4715.8
508296,2026-07-25 19:41:12.367236724,10269,20080,1.0,Net Banking,Delivered,8370,20,6696.0
508297,2026-07-25 20:32:54.437443744,10504,20058,5.0,Debit Card,Cancelled,3049,0,15245.0
508298,2026-07-25 21:24:36.507650764,10466,20062,2.0,UPI,Delivered,2317,20,3707.2
508299,2026-07-25 22:16:18.577857788,10035,20068,1.0,Credit Card,Returned,1337,0,1337.0
508300,2026-07-25 23:08:00.648064808,10373,20047,1.0,UPI,Delivered,20791,0,20791.0
508301,2026-07-25 23:59:42.718271828,10370,20071,1.0,Debit Card,Delivered,4484,0,4484.0
508302,2026-07-26 00:51:24.788478848,10326,20021,2.0,UPI,Delivered,11517,15,19578.9
508303,2026-07-26 01:43:06.858685868,10464,20087,5.0,Net Banking,Delivered,9356,20,37424.0
508304,2026-07-26 02:34:48.928892888,10534,20090,1.0,Debit Card,Delivered,691,10,621.9
508305,2026-07-26 03:26:30.999099912,10331,20046,2.0,Credit Card,Delivered,18692,0,37384.0
508306,2026-07-26 04:18:13.069306932,10193,20048,3.0,Debit Card,Delivered,23385,20,56124.0
508307,2026-07-26 05:09:55.139513952,10590,20052,2.0,UPI,Cancelled,1561,0,3122.0
508308,2026-07-26 06:01:37.209720972,10579,20086,3.0,UPI,Delivered,13579,15,34626.45
508309,2026-07-26 06:53:19.279927992,10412,20019,3.0,UPI,Delivered,1265,0,3795.0
508310,2026-07-26 07:45:01.350135016,10385,20036,5.0,UPI,Delivered,17380,5,82555.0
508311,2026-07-26 08:36:43.420342036,10063,20064,2.0,UPI,Delivered,3045,0,6090.0
508312,2026-07-26 09:28:25.490549056,10241,20073,3.0,Debit Card,Delivered,5411,20,12986.4
508313,2026-07-26 10:20:07.560756076,10119,20031,1.0,Debit Card,Delivered,16301,0,16301.0
508314,2026-07-26 11:11:49.630963096,10309,20013,1.0,Credit Card,Cancelled,24693,20,19754.4
508315,2026-07-26 12:03:31.701170116,10496,20053,1.0,Cash on Delivery,Cancelled,2733,20,2186.4
508316,2026-07-26 12:55:13.771377140,10135,20067,1.0,Cash on Delivery,Delivered,2588,0,2588.0
508317,2026-07-26 13:46:55.841584160,10599,20080,4.0,UPI,Cancelled,8370,10,30132.0
508318,2026-07-26 14:38:37.911791180,10078,20001,1.0,Credit Card,Cancelled,63388,0,63388.0
508319,2026-07-26 15:30:19.981998200,10060,20002,2.0,Cash on Delivery,Delivered,66297,0,132594.0
508320,2026-07-26 16:22:02.052205220,10585,20041,2.0,UPI,Delivered,36528,0,73056.0
508321,2026-07-26 17:13:44.122412240,10061,20059,3.0,UPI,Cancelled,5868,0,17604.0
508322,2026-07-26 18:05:26.192619264,10442,20001,1.0,Cash on Delivery,Delivered,63388,20,50710.4
508323,2026-07-26 18:57:08.262826284,10459,20019,4.0,Debit Card,Delivered,1265,0,5060.0
508324,2026-07-26 19:48:50.333033304,10199,20044,2.0,Net Banking,Delivered,32508,0,65016.0
508325,2026-07-26 20:40:32.403240324,10039,20030,1.0,Net Banking,Delivered,6241,0,6241.0
508326,2026-07-26 21:32:14.473447344,10186,20074,1.0,UPI,Delivered,5850,0,5850.0
508327,2026-07-26 22:23:56.543654368,10042,20004,4.0,Debit Card,Delivered,68919,0,275676.0
508328,2026-07-26 23:15:38.613861388,10404,20093,5.0,Net Banking,Cancelled,2351,10,10579.5
508329,2026-07-27 00:07:20.684068408,10534,20018,4.0,UPI,Cancelled,3166,20,10131.2
508330,2026-07-27 00:59:02.754275428,10599,20046,1.0,UPI,Delivered,18692,10,16822.8
508331,2026-07-27 01:50:44.824482448,10481,20103,5.0,UPI,Delivered,2822,0,14110.0
508332,2026-07-27 02:42:26.894689468,10465,20069,1.0,Debit Card,Delivered,3824,20,3059.2
508333,2026-07-27 03:34:08.964896492,10529,20104,1.0,Debit Card,Delivered,778,0,778.0
508334,2026-07-27 04:25:51.035103512,10462,20003,4.0,Cash on Delivery,Cancelled,53620,0,214480.0
508335,2026-07-27 05:17:33.105310532,10391,20075,1.0,UPI,Delivered,7740,10,6966.0
508336,2026-07-27 06:09:15.175517552,10598,20008,2.0,Debit Card,Delivered,36276,20,58041.6
508337,2026-07-27 07:00:57.245724572,10194,20064,3.0,UPI,Delivered,3045,0,9135.0
508338,2026-07-27 07:52:39.315931592,10248,20034,1.0,Cash on Delivery,Delivered,6711,0,6711.0
508339,2026-07-27 08:44:21.386138616,10544,20081,5.0,Credit Card,Delivered,14773,15,62785.25
508340,2026-07-27 09:36:03.456345636,10187,20013,1.0,Debit Card,Returned,24693,5,23458.35
508341,2026-07-27 10:27:45.526552656,10180,20094,5.0,UPI,Delivered,4584,15,19482.0
508342,2026-07-27 11:19:27.596759676,10092,20050,1.0,UPI,Delivered,1390,5,1320.5
508343,2026-07-27 12:11:09.666966696,10166,20055,2.0,UPI,Delivered,1081,0,2162.0
508344,2026-07-27 13:02:51.737173720,10357,20060,1.0,Net Banking,Delivered,4824,0,4824.0
508345,2026-07-27 13:54:33.807380740,10532,20004,2.0,UPI,Delivered,68919,15,117162.3
508346,2026-07-27 14:46:15.877587760,10082,20033,1.0,Net Banking,Returned,16169,20,12935.2
508347,2026-07-27 15:37:57.947794780,10409,20074,1.0,UPI,Delivered,5850,0,5850.0
508348,2026-07-27 16:29:40.018001800,10460,20100,2.0,Credit Card,Delivered,2214,10,3985.2
508349,2026-07-27 17:21:22.088208820,10538,20103,3.0,UPI,Delivered,2822,0,8466.0
508350,2026-07-27 18:13:04.158415844,10451,20056,5.0,UPI,Delivered,1999,0,9995.0
508351,2026-07-27 19:04:46.228622864,10094,20027,4.0,Credit Card,Delivered,7598,10,27352.8
508352,2026-07-27 19:56:28.298829884,10294,20050,5.0,UPI,Cancelled,1390,0,6950.0
508353,2026-07-27 20:48:10.369036904,10572,20049,4.0,Credit Card,Delivered,578,15,1965.2
508354,2026-07-27 21:39:52.439243924,10546,20042,4.0,Debit Card,Cancelled,51100,20,163520.0
508355,2026-07-27 22:31:34.509450944,10368,20038,1.0,UPI,Delivered,9637,0,9637.0
508356,2026-07-27 23:23:16.579657968,10578,20091,5.0,Credit Card,Returned,412,10,1854.0
508357,2026-07-28 00:14:58.649864988,10401,20041,5.0,Debit Card,Cancelled,36528,0,182640.0
508358,2026-07-28 01:06:40.720072008,10039,20004,2.0,UPI,Returned,68919,10,124054.2
508359,2026-07-28 01:58:22.790279028,10549,20076,1.0,UPI,Delivered,6747,20,5397.6
508360,2026-07-28 02:50:04.860486048,10101,20070,1.0,UPI,Cancelled,4368,0,4368.0
508361,2026-07-28 03:41:46.930693068,10229,20040,2.0,UPI,Delivered,9982,10,17967.6
508362,2026-07-28 04:33:29.000900092,10143,20066,3.0,UPI,Delivered,1710,0,5130.0
508363,2026-07-28 05:25:11.071107112,10432,20098,2.0,Credit Card,Delivered,1112,5,2112.8
508364,2026-07-28 06:16:53.141314132,10018,20097,5.0,UPI,Delivered,3648,5,17328.0
508365,2026-07-28 07:08:35.211521152,10385,20083,2.0,Net Banking,Delivered,9080,5,17252.0
508366,2026-07-28 08:00:17.281728172,10519,20061,3.0,Debit Card,Delivered,7110,15,18130.5
508367,2026-07-28 08:51:59.351935196,10473,20003,4.0,UPI,Cancelled,53620,10,193032.0
508368,2026-07-28 09:43:41.422142216,10185,20054,5.0,Credit Card,Delivered,1287,0,6435.0
508369,2026-07-28 10:35:23.492349236,10539,20086,2.0,UPI,Delivered,13579,10,24442.2
508370,2026-07-28 11:27:05.562556256,10218,20088,2.0,UPI,Cancelled,7259,10,13066.2
508371,2026-07-28 12:18:47.632763276,10409,20081,1.0,Cash on Delivery,Delivered,14773,0,14773.0
508372,2026-07-28 13:10:29.702970296,10305,20103,3.0,Credit Card,Returned,2822,10,7619.4
508373,2026-07-28 14:02:11.773177320,10041,20054,1.0,UPI,Delivered,1287,0,1287.0
508374,2026-07-28 14:53:53.843384340,10002,20012,1.0,Net Banking,Delivered,15742,0,15742.0
508375,2026-07-28 15:45:35.913591360,10110,20052,2.0,Cash on Delivery,Delivered,1561,5,2965.9
508376,2026-07-28 16:37:17.983798380,10561,20034,1.0,Credit Card,Cancelled,6711,5,6375.45
508377,2026-07-28 17:29:00.054005400,10573,20087,3.0,Debit Card,Returned,9356,15,23857.8
508378,2026-07-28 18:20:42.124212420,10247,20081,1.0,Net Banking,Delivered,14773,5,14034.35
508379,2026-07-28 19:12:24.194419444,10582,20045,2.0,Debit Card,Returned,19570,15,33269.0
508380,2026-07-28 20:04:06.264626464,10030,20041,1.0,Credit Card,Delivered,36528,0,36528.0
508381,2026-07-28 20:55:48.334833484,10581,20017,1.0,Net Banking,Delivered,1945,10,1750.5
508382,2026-07-28 21:47:30.405040504,10139,20005,2.0,Credit Card,Delivered,55986,20,89577.6
508383,2026-07-28 22:39:12.475247524,10023,20033,1.0,UPI,Delivered,16169,10,14552.1
508384,2026-07-28 23:30:54.545454548,10455,20026,1.0,UPI,Delivered,9415,10,8473.5
508385,2026-07-29 00:22:36.615661568,10230,20028,4.0,UPI,Delivered,8241,0,32964.0
508386,2026-07-29 01:14:18.685868588,10176,20104,1.0,UPI,Cancelled,778,10,700.2
508387,2026-07-29 02:06:00.756075608,10456,20071,2.0,UPI,Delivered,4484,15,7622.8
508388,2026-07-29 02:57:42.826282628,10200,20058,1.0,Credit Card,Delivered,3049,20,2439.2
508389,2026-07-29 03:49:24.896489648,10452,20019,2.0,Cash on Delivery,Delivered,1265,20,2024.0
508390,2026-07-29 04:41:06.966696672,10118,20088,3.0,UPI,Returned,7259,0,21777.0
508391,2026-07-29 05:32:49.036903692,10052,20068,2.0,UPI,Delivered,1337,15,2272.9
508392,2026-07-29 06:24:31.107110712,10195,20054,4.0,Net Banking,Returned,1287,0,5148.0
508393,2026-07-29 07:16:13.177317732,10366,20049,1.0,Credit Card,Delivered,578,20,462.4
508394,2026-07-29 08:07:55.247524752,10135,20058,2.0,Debit Card,Delivered,3049,0,6098.0
508395,2026-07-29 08:59:37.317731772,10086,20088,1.0,Credit Card,Delivered,7259,20,5807.2
508396,2026-07-29 09:51:19.387938796,10450,20075,2.0,Debit Card,Delivered,7740,0,15480.0
508397,2026-07-29 10:43:01.458145816,10296,20051,1.0,UPI,Delivered,1170,0,1170.0
508398,2026-07-29 11:34:43.528352836,10259,20070,1.0,UPI,Cancelled,4368,5,4149.6
508399,2026-07-29 12:26:25.598559856,10144,20097,3.0,Debit Card,Delivered,3648,5,10396.8
508400,2026-07-29 13:18:07.668766876,10011,20034,4.0,UPI,Delivered,6711,0,26844.0
508401,2026-07-29 14:09:49.738973900,10032,20094,1.0,UPI,Returned,4584,5,4354.8
508402,2026-07-29 15:01:31.809180920,10409,20064,1.0,Credit Card,Delivered,3045,15,2588.25
508403,2026-07-29 15:53:13.879387940,10049,20020,1.0,Debit Card,Delivered,1219,5,1158.05
508404,2026-07-29 16:44:55.949594960,10149,20101,1.0,Credit Card,Returned,2343,10,2108.7
508405,2026-07-29 17:36:38.019801980,10547,20072,5.0,Debit Card,Cancelled,3499,15,14870.75
508406,2026-07-29 18:28:20.090009000,10207,20041,3.0,Debit Card,Delivered,36528,0,109584.0
508407,2026-07-29 19:20:02.160216024,10447,20023,2.0,UPI,Delivered,2698,0,5396.0
508408,2026-07-29 20:11:44.230423044,10206,20096,2.0,Cash on Delivery,Delivered,3065,20,4904.0
508409,2026-07-29 21:03:26.300630064,10560,20086,2.0,Net Banking,Delivered,13579,0,27158.0
508410,2026-07-29 21:55:08.370837084,10494,20005,2.0,UPI,Delivered,55986,0,111972.0
508411,2026-07-29 22:46:50.441044104,10282,20067,2.0,Credit Card,Delivered,2588,0,5176.0
508412,2026-07-29 23:38:32.511251124,10411,20012,5.0,UPI,Delivered,15742,15,66903.5
508413,2026-07-30 00:30:14.581458148,10248,20031,1.0,Cash on Delivery,Delivered,16301,0,16301.0
508414,2026-07-30 01:21:56.651665168,10567,20060,2.0,Credit Card,Delivered,4824,0,9648.0
508415,2026-07-30 02:13:38.721872188,10216,20026,1.0,Credit Card,Returned,9415,0,9415.0
508416,2026-07-30 03:05:20.792079208,10502,20054,2.0,Cash on Delivery,Cancelled,1287,0,2574.0
508417,2026-07-30 03:57:02.862286228,10370,20045,4.0,Debit Card,Returned,19570,0,78280.0
508418,2026-07-30 04:48:44.932493248,10387,20061,5.0,UPI,Delivered,7110,0,35550.0
508419,2026-07-30 05:40:27.002700272,10211,20084,2.0,Debit Card,Delivered,7386,0,14772.0
508420,2026-07-30 06:32:09.072907292,10500,20017,1.0,Net Banking,Delivered,1945,20,1556.0
508421,2026-07-30 07:23:51.143114312,10448,20083,3.0,UPI,Delivered,9080,5,25878.0
508422,2026-07-30 08:15:33.213321332,10490,20024,3.0,Credit Card,Delivered,4109,0,12327.0
508423,2026-07-30 09:07:15.283528352,10481,20004,5.0,Debit Card,Delivered,68919,10,310135.5
508424,2026-07-30 09:58:57.353735376,10095,20047,2.0,Credit Card,Delivered,20791,15,35344.7
508425,2026-07-30 10:50:39.423942396,10526,20032,1.0,Cash on Delivery,Returned,14051,10,12645.9
508426,2026-07-30 11:42:21.494149416,10506,20020,5.0,Credit Card,Delivered,1219,5,5790.25
508427,2026-07-30 12:34:03.564356436,10146,20044,3.0,Debit Card,Delivered,32508,0,97524.0
508428,2026-07-30 13:25:45.634563456,10589,20091,4.0,Net Banking,Delivered,412,15,1400.8
508429,2026-07-30 14:17:27.704770476,10317,20061,1.0,UPI,Cancelled,7110,20,5688.0
508430,2026-07-30 15:09:09.774977500,10194,20076,2.0,UPI,Cancelled,6747,0,13494.0
508431,2026-07-30 16:00:51.845184520,10135,20016,2.0,Cash on Delivery,Delivered,24382,0,48764.0
508432,2026-07-30 16:52:33.915391540,10219,20008,1.0,Debit Card,Delivered,36276,0,36276.0
508433,2026-07-30 17:44:15.985598560,10023,20035,4.0,Credit Card,Delivered,15331,10,55191.6
508434,2026-07-30 18:35:58.055805580,10415,20081,1.0,UPI,Returned,14773,10,13295.7
508435,2026-07-30 19:27:40.126012600,10425,20093,1.0,UPI,Delivered,2351,20,1880.8
508436,2026-07-30 20:19:22.196219624,10401,20011,1.0,UPI,Returned,32685,0,32685.0
508437,2026-07-30 21:11:04.266426644,10330,20050,5.0,Credit Card,Cancelled,1390,20,5560.0
508438,2026-07-30 22:02:46.336633664,10218,20042,1.0,Credit Card,Delivered,51100,0,51100.0
508439,2026-07-30 22:54:28.406840684,10435,20078,2.0,UPI,Cancelled,7034,5,13364.6
508440,2026-07-30 23:46:10.477047704,10523,20022,1.0,Debit Card,Delivered,9827,10,8844.3
508441,2026-07-31 00:37:52.547254728,10053,20051,2.0,Cash on Delivery,Delivered,1170,0,2340.0
508442,2026-07-31 01:29:34.617461748,10230,20089,2.0,Cash on Delivery,Delivered,507,0,1014.0
508443,2026-07-31 02:21:16.687668768,10598,20049,1.0,Net Banking,Delivered,578,15,491.3
508444,2026-07-31 03:12:58.757875788,10518,20082,1.0,Credit Card,Delivered,7271,10,6543.9
508445,2026-07-31 04:04:40.828082808,10597,20065,2.0,Credit Card,Delivered,1731,10,3115.8
508446,2026-07-31 04:56:22.898289828,10110,20063,1.0,Credit Card,Cancelled,7613,10,6851.7
508447,2026-07-31 05:48:04.968496852,10279,20027,2.0,UPI,Delivered,7598,15,12916.6
508448,2026-07-31 06:39:47.038703872,10079,20104,2.0,Net Banking,Delivered,778,20,1244.8
508449,2026-07-31 07:31:29.108910892,10520,20026,1.0,Debit Card,Cancelled,9415,0,9415.0
508450,2026-07-31 08:23:11.179117912,10312,20097,1.0,Debit Card,Delivered,3648,0,3648.0
508451,2026-07-31 09:14:53.249324932,10147,20103,2.0,UPI,Delivered,2822,20,4515.2
508452,2026-07-31 10:06:35.319531952,10055,20054,3.0,UPI,Delivered,1287,5,3667.95
508453,2026-07-31 10:58:17.389738976,10443,20091,1.0,Net Banking,Returned,412,20,329.6
508454,2026-07-31 11:49:59.459945996,10488,20075,1.0,UPI,Cancelled,7740,20,6192.0
508455,2026-07-31 12:41:41.530153016,10528,20077,5.0,UPI,Delivered,4744,15,20162.0
508456,2026-07-31 13:33:23.600360036,10583,20008,1.0,,Delivered,36276,15,30834.6
508457,2026-07-31 14:25:05.670567056,10489,20015,1.0,Debit Card,Returned,27789,20,22231.2
508458,2026-07-31 15:16:47.740774080,10472,20008,3.0,UPI,Delivered,36276,0,108828.0
508459,2026-07-31 16:08:29.810981100,10488,20004,2.0,UPI,Returned,68919,5,130946.1
508460,2026-07-31 17:00:11.881188120,10600,20087,2.0,Net Banking,Delivered,9356,5,17776.4
508461,2026-07-31 17:51:53.951395140,10278,20019,4.0,Cash on Delivery,Delivered,1265,0,5060.0
508462,2026-07-31 18:43:36.021602160,10456,20001,1.0,Credit Card,Delivered,63388,5,60218.6
508463,2026-07-31 19:35:18.091809180,10492,20098,3.0,Net Banking,Returned,1112,10,3002.4
508464,2026-07-31 20:27:00.162016204,10070,20029,2.0,UPI,Cancelled,11176,5,21234.4
508465,2026-07-31 21:18:42.232223224,10415,20085,5.0,Debit Card,Delivered,11910,10,53595.0
508466,2026-07-31 22:10:24.302430244,10204,20100,3.0,Credit Card,Delivered,2214,0,6642.0
508467,2026-07-31 23:02:06.372637264,10080,20055,5.0,Net Banking,Cancelled,1081,5,5134.75
508468,2026-07-31 23:53:48.442844284,10103,20097,1.0,Debit Card,Delivered,3648,20,2918.4
508469,2026-08-01 00:45:30.513051304,10069,20101,1.0,UPI,Delivered,2343,0,2343.0
508470,2026-08-01 01:37:12.583258328,10539,20016,5.0,UPI,Returned,24382,5,115814.5
508471,2026-08-01 02:28:54.653465348,10464,20016,2.0,Net Banking,Delivered,24382,10,43887.6
508472,2026-08-01 03:20:36.723672368,10062,20039,4.0,UPI,Delivered,5898,10,21232.8
508473,2026-08-01 04:12:18.793879388,10376,20059,3.0,Debit Card,Delivered,5868,0,17604.0
508474,2026-08-01 05:04:00.864086408,10397,20082,2.0,Credit Card,Delivered,7271,0,14542.0
508475,2026-08-01 05:55:42.934293432,10312,20020,1.0,UPI,Returned,1219,15,1036.15
508476,2026-08-01 06:47:25.004500452,10364,20021,1.0,Debit Card,Delivered,11517,5,10941.15
508477,2026-08-01 07:39:07.074707472,10545,20032,3.0,Credit Card,Returned,14051,20,33722.4
508478,2026-08-01 08:30:49.144914492,10312,20029,1.0,Net Banking,Returned,11176,20,8940.8
508479,2026-08-01 09:22:31.215121512,10396,20098,1.0,UPI,Delivered,1112,0,1112.0
508480,2026-08-01 10:14:13.285328532,10343,20042,1.0,UPI,Returned,51100,0,51100.0
508481,2026-08-01 11:05:55.355535556,10238,20091,5.0,UPI,Returned,412,15,1751.0
508482,2026-08-01 11:57:37.425742576,10535,20006,3.0,UPI,Returned,34232,0,102696.0
508483,2026-08-01 12:49:19.495949596,10249,20011,3.0,Debit Card,Cancelled,32685,0,98055.0
508484,2026-08-01 13:41:01.566156616,10480,20084,3.0,UPI,Returned,7386,0,22158.0
508485,2026-08-01 14:32:43.636363636,10364,20026,2.0,UPI,Cancelled,9415,5,17888.5
508486,2026-08-01 15:24:25.706570656,10411,20009,1.0,Cash on Delivery,Returned,18553,0,18553.0
508487,2026-08-01 16:16:07.776777680,10457,20062,2.0,UPI,Delivered,2317,20,3707.2
508488,2026-08-01 17:07:49.846984700,10442,20016,2.0,UPI,Delivered,24382,20,39011.2
508489,2026-08-01 17:59:31.917191720,10339,20007,5.0,Net Banking,Delivered,22213,0,111065.0
508490,2026-08-01 18:51:13.987398740,10370,20043,5.0,Debit Card,Returned,21634,20,86536.0
508491,2026-08-01 19:42:56.057605760,10306,20058,3.0,UPI,Delivered,3049,0,9147.0
508492,2026-08-01 20:34:38.127812780,10204,20055,4.0,Cash on Delivery,Delivered,1081,15,3675.4
508493,2026-08-01 21:26:20.198019804,10437,20061,4.0,Credit Card,Cancelled,7110,20,22752.0
508494,2026-08-01 22:18:02.268226824,10528,20003,3.0,UPI,Delivered,53620,0,160860.0
508495,2026-08-01 23:09:44.338433844,10424,20031,4.0,UPI,Delivered,16301,0,65204.0
508496,2026-08-02 00:01:26.408640864,10464,20036,1.0,Cash on Delivery,Returned,17380,0,17380.0
508497,2026-08-02 00:53:08.478847884,10499,20031,1.0,UPI,Cancelled,16301,0,16301.0
508498,2026-08-02 01:44:50.549054908,10221,20059,2.0,Net Banking,Cancelled,5868,20,9388.8
508499,2026-08-02 02:36:32.619261928,10038,20024,1.0,UPI,Returned,4109,5,3903.55
508500,2026-08-02 03:28:14.689468948,10203,20066,1.0,UPI,Delivered,1710,0,1710.0
508501,2026-08-02 04:19:56.759675968,10453,20098,1.0,Net Banking,Delivered,1112,0,1112.0
508502,2026-08-02 05:11:38.829882988,10490,20069,5.0,Cash on Delivery,Delivered,3824,10,17208.0
508503,2026-08-02 06:03:20.900090008,10309,20041,3.0,UPI,Cancelled,36528,0,109584.0
508504,2026-08-02 06:55:02.970297032,10468,20046,1.0,UPI,Delivered,18692,10,16822.8
508505,2026-08-02 07:46:45.040504052,10045,20061,2.0,Debit Card,Delivered,7110,15,12087.0
508506,2026-08-02 08:38:27.110711072,10387,20076,3.0,Credit Card,Cancelled,6747,15,17204.85
508507,2026-08-02 09:30:09.180918092,10408,20032,1.0,Credit Card,Delivered,14051,5,13348.45
508508,2026-08-02 10:21:51.251125112,10305,20004,5.0,UPI,Delivered,68919,10,310135.5
508509,2026-08-02 11:13:33.321332132,10430,20074,5.0,Cash on Delivery,Delivered,5850,0,29250.0
508510,2026-08-02 12:05:15.391539156,10295,20069,5.0,UPI,Cancelled,3824,10,17208.0
508511,2026-08-02 12:56:57.461746176,10315,20011,1.0,UPI,Returned,32685,10,29416.5
508512,2026-08-02 13:48:39.531953196,10363,20066,2.0,UPI,Returned,1710,0,3420.0
508513,2026-08-02 14:40:21.602160216,10477,20008,4.0,UPI,Cancelled,36276,0,145104.0
508514,2026-08-02 15:32:03.672367236,10150,20067,2.0,Credit Card,Delivered,2588,15,4399.6
508515,2026-08-02 16:23:45.742574260,10181,20078,2.0,UPI,Cancelled,7034,5,13364.6
508516,2026-08-02 17:15:27.812781280,10252,20002,1.0,Debit Card,Delivered,66297,0,66297.0
508517,2026-08-02 18:07:09.882988300,10122,20076,2.0,UPI,Delivered,6747,20,10795.2
508518,2026-08-02 18:58:51.953195320,10201,20013,3.0,UPI,Delivered,24693,20,59263.2
508519,2026-08-02 19:50:34.023402340,10211,20028,1.0,Net Banking,Delivered,8241,15,7004.85
508520,2026-08-02 20:42:16.093609360,10189,20074,4.0,Credit Card,Returned,5850,0,23400.0
508521,2026-08-02 21:33:58.163816384,10247,20037,3.0,UPI,Returned,4164,5,11867.4
508522,2026-08-02 22:25:40.234023404,10303,20102,1.0,UPI,Returned,2774,20,2219.2
508523,2026-08-02 23:17:22.304230424,10418,20100,4.0,Credit Card,Returned,2214,5,8413.2
508524,2026-08-03 00:09:04.374437444,10182,20103,2.0,Net Banking,Delivered,2822,15,4797.4
508525,2026-08-03 01:00:46.444644464,10508,20011,1.0,Debit Card,Returned,32685,15,27782.25
508526,2026-08-03 01:52:28.514851484,10288,20019,2.0,Net Banking,Returned,1265,15,2150.5
508527,2026-08-03 02:44:10.585058508,10433,20020,2.0,UPI,Cancelled,1219,10,2194.2
508528,2026-08-03 03:35:52.655265528,10069,20061,1.0,Cash on Delivery,Delivered,7110,0,7110.0
508529,2026-08-03 04:27:34.725472548,10105,20045,2.0,UPI,Cancelled,19570,0,39140.0
508530,2026-08-03 05:19:16.795679568,10273,20078,3.0,UPI,Cancelled,7034,15,17936.7
508531,2026-08-03 06:10:58.865886588,10220,20030,1.0,Credit Card,Delivered,6241,0,6241.0
508532,2026-08-03 07:02:40.936093612,10298,20021,2.0,UPI,Delivered,11517,0,23034.0
508533,2026-08-03 07:54:23.006300632,10096,20068,2.0,Credit Card,Cancelled,1337,0,2674.0
508534,2026-08-03 08:46:05.076507652,10285,20065,2.0,UPI,Delivered,1731,10,3115.8
508535,2026-08-03 09:37:47.146714672,10413,20072,2.0,Debit Card,Delivered,3499,20,5598.4
508536,2026-08-03 10:29:29.216921692,10438,20033,5.0,Debit Card,Delivered,16169,0,80845.0
508537,2026-08-03 11:21:11.287128712,10149,20055,5.0,Debit Card,Returned,1081,10,4864.5
508538,2026-08-03 12:12:53.357335736,10207,20097,2.0,Credit Card,Delivered,3648,0,7296.0
508539,2026-08-03 13:04:35.427542756,10316,20064,3.0,UPI,Delivered,3045,0,9135.0
508540,2026-08-03 13:56:17.497749776,10311,20097,4.0,Net Banking,Returned,3648,0,14592.0
508541,2026-08-03 14:47:59.567956796,10476,20046,1.0,Credit Card,,18692,0,18692.0
508542,2026-08-03 15:39:41.638163816,10235,20005,2.0,Credit Card,Returned,55986,15,95176.2
508543,2026-08-03 16:31:23.708370836,10403,20080,4.0,UPI,Delivered,8370,20,26784.0
508544,2026-08-03 17:23:05.778577860,10531,20048,1.0,UPI,Cancelled,23385,0,23385.0
508545,2026-08-03 18:14:47.848784880,10180,20005,1.0,UPI,Delivered,55986,0,55986.0
508546,2026-08-03 19:06:29.918991900,10494,20015,4.0,Debit Card,Delivered,27789,0,111156.0
508547,2026-08-03 19:58:11.989198920,10200,20033,5.0,Net Banking,Delivered,16169,15,68718.25
508548,2026-08-03 20:49:54.059405940,10201,20020,5.0,Cash on Delivery,Delivered,1219,10,5485.5
508549,2026-08-03 21:41:36.129612960,10393,20072,2.0,Credit Card,Cancelled,3499,15,5948.3
508550,2026-08-03 22:33:18.199819984,10374,20064,1.0,Credit Card,Returned,3045,5,2892.75
508551,2026-08-03 23:25:00.270027004,10330,20035,1.0,Debit Card,Cancelled,15331,20,12264.8
508552,2026-08-04 00:16:42.340234024,10139,20009,4.0,UPI,Delivered,18553,0,74212.0
508553,2026-08-04 01:08:24.410441044,10058,20009,3.0,Credit Card,Cancelled,18553,0,55659.0
508554,2026-08-04 02:00:06.480648064,10546,20099,1.0,Debit Card,Cancelled,4248,5,4035.6
508555,2026-08-04 02:51:48.550855088,10525,20036,1.0,UPI,Delivered,17380,15,14773.0
508556,2026-08-04 03:43:30.621062108,10533,20012,1.0,UPI,Delivered,15742,0,15742.0
508557,2026-08-04 04:35:12.691269128,10308,20074,5.0,UPI,Delivered,5850,0,29250.0
508558,2026-08-04 05:26:54.761476148,10531,20091,4.0,Credit Card,Delivered,412,0,1648.0
508559,2026-08-04 06:18:36.831683168,10285,20013,5.0,UPI,Returned,24693,20,98772.0
508560,2026-08-04 07:10:18.901890188,10046,20099,1.0,UPI,Delivered,4248,5,4035.6
508561,2026-08-04 08:02:00.972097212,10120,20076,3.0,UPI,Returned,6747,0,20241.0
508562,2026-08-04 08:53:43.042304232,10164,20027,5.0,Net Banking,Delivered,7598,0,37990.0
508563,2026-08-04 09:45:25.112511252,10227,20081,2.0,Cash on Delivery,Cancelled,14773,5,28068.7
508564,2026-08-04 10:37:07.182718272,10564,20044,4.0,Cash on Delivery,Delivered,32508,5,123530.4
508565,2026-08-04 11:28:49.252925292,10200,20067,2.0,Net Banking,Delivered,2588,5,4917.2
508566,2026-08-04 12:20:31.323132312,10368,20014,1.0,UPI,Delivered,13717,0,13717.0
508567,2026-08-04 13:12:13.393339336,10163,20026,2.0,UPI,Cancelled,9415,20,15064.0
508568,2026-08-04 14:03:55.463546356,10386,20081,1.0,Credit Card,Delivered,14773,15,12557.05
508569,2026-08-04 14:55:37.533753376,10341,20084,1.0,Credit Card,Delivered,7386,0,7386.0
508570,2026-08-04 15:47:19.603960396,10091,20002,2.0,Debit Card,Delivered,66297,0,132594.0
508571,2026-08-04 16:39:01.674167416,10278,20023,5.0,UPI,Returned,2698,0,13490.0
508572,2026-08-04 17:30:43.744374440,10064,20064,1.0,Cash on Delivery,Delivered,3045,0,3045.0
508573,2026-08-04 18:22:25.814581460,10534,20095,1.0,UPI,Delivered,1791,15,1522.35
508574,2026-08-04 19:14:07.884788480,10423,20071,3.0,Credit Card,Returned,4484,0,13452.0
508575,2026-08-04 20:05:49.954995500,10565,20074,1.0,Net Banking,Delivered,5850,0,5850.0
508576,2026-08-04 20:57:32.025202520,10526,20041,1.0,Credit Card,Delivered,36528,20,29222.4
508577,2026-08-04 21:49:14.095409540,10132,20006,1.0,Debit Card,Delivered,34232,0,34232.0
508578,2026-08-04 22:40:56.165616564,10425,20080,1.0,Debit Card,Delivered,8370,10,7533.0
508579,2026-08-04 23:32:38.235823584,10061,20084,5.0,Net Banking,Cancelled,7386,0,36930.0
508580,2026-08-05 00:24:20.306030604,10577,20047,2.0,Net Banking,Delivered,20791,20,33265.6
508581,2026-08-05 01:16:02.376237624,10472,20053,5.0,Credit Card,Delivered,2733,20,10932.0
508582,2026-08-05 02:07:44.446444644,10409,20025,3.0,UPI,Delivered,5959,20,14301.6
508583,2026-08-05 02:59:26.516651664,10597,20048,1.0,Net Banking,Cancelled,23385,10,21046.5
508584,2026-08-05 03:51:08.586858688,10509,20026,5.0,Credit Card,Delivered,9415,20,37660.0
508585,2026-08-05 04:42:50.657065708,10519,20044,1.0,Debit Card,Delivered,32508,10,29257.2
508586,2026-08-05 05:34:32.727272728,10061,20014,1.0,Credit Card,Delivered,13717,0,13717.0
508587,2026-08-05 06:26:14.797479748,10015,20064,4.0,UPI,Returned,3045,20,9744.0
508588,2026-08-05 07:17:56.867686768,10577,20026,2.0,Credit Card,Returned,9415,0,18830.0
508589,2026-08-05 08:09:38.937893792,10151,20076,2.0,Cash on Delivery,Delivered,6747,15,11469.9
508590,2026-08-05 09:01:21.008100812,10256,20054,2.0,UPI,Delivered,1287,20,2059.2
508591,2026-08-05 09:53:03.078307832,10027,20094,5.0,UPI,Delivered,4584,5,21774.0
508592,2026-08-05 10:44:45.148514852,10374,20024,1.0,UPI,Returned,4109,0,4109.0
508593,2026-08-05 11:36:27.218721872,10493,20029,5.0,Credit Card,Cancelled,11176,0,55880.0
508594,2026-08-05 12:28:09.288928892,10506,20026,5.0,UPI,Delivered,9415,5,44721.25
508595,2026-08-05 13:19:51.359135916,10349,20066,4.0,Debit Card,Delivered,1710,10,6156.0
508596,2026-08-05 14:11:33.429342936,10397,20012,1.0,UPI,Delivered,15742,10,14167.8
508597,2026-08-05 15:03:15.499549956,10309,20072,1.0,UPI,Delivered,3499,10,3149.1
508598,2026-08-05 15:54:57.569756976,10268,20086,1.0,UPI,Delivered,13579,0,13579.0
508599,2026-08-05 16:46:39.639963996,10333,20071,3.0,UPI,Delivered,4484,0,13452.0
508600,2026-08-05 17:38:21.710171016,10562,20015,2.0,Net Banking,Delivered,27789,0,55578.0
508601,2026-08-05 18:30:03.780378040,10152,20052,5.0,Cash on Delivery,Cancelled,1561,20,6244.0
508602,2026-08-05 19:21:45.850585060,10283,20056,1.0,Debit Card,Delivered,1999,5,1899.05
508603,2026-08-05 20:13:27.920792080,10361,20041,1.0,Net Banking,Delivered,36528,0,36528.0
508604,2026-08-05 21:05:09.990999100,10343,20049,1.0,UPI,Delivered,578,10,520.2
508605,2026-08-05 21:56:52.061206120,10019,20080,5.0,Cash on Delivery,Delivered,8370,5,39757.5
508606,2026-08-05 22:48:34.131413140,10173,20087,1.0,Credit Card,Delivered,9356,0,9356.0
508607,2026-08-05 23:40:16.201620164,10388,20032,2.0,Debit Card,Delivered,14051,5,26696.9
508608,2026-08-06 00:31:58.271827184,10417,20035,4.0,Debit Card,Delivered,15331,10,55191.6
508609,2026-08-06 01:23:40.342034204,10441,20022,5.0,UPI,Cancelled,9827,20,39308.0
508610,2026-08-06 02:15:22.412241224,10595,20042,5.0,UPI,Cancelled,51100,0,255500.0
508611,2026-08-06 03:07:04.482448244,10404,20057,3.0,UPI,Delivered,4302,0,12906.0
508612,2026-08-06 03:58:46.552655268,10348,20075,1.0,Credit Card,Delivered,7740,20,6192.0
508613,2026-08-06 04:50:28.622862288,10200,20028,1.0,Credit Card,Delivered,8241,0,8241.0
508614,2026-08-06 05:42:10.693069308,10223,20023,2.0,Cash on Delivery,Delivered,2698,0,5396.0
508615,2026-08-06 06:33:52.763276328,10496,20004,2.0,UPI,Delivered,68919,5,130946.1
508616,2026-08-06 07:25:34.833483348,10282,20010,2.0,Credit Card,Returned,24340,0,48680.0
508617,2026-08-06 08:17:16.903690368,10430,20006,1.0,Credit Card,Delivered,34232,20,27385.6
508618,2026-08-06 09:08:58.973897392,10075,20022,3.0,UPI,Delivered,9827,15,25058.85
508619,2026-08-06 10:00:41.044104412,10077,20073,2.0,UPI,Delivered,5411,5,10280.9
508620,2026-08-06 10:52:23.114311432,10130,20081,1.0,Credit Card,Returned,14773,5,14034.35
508621,2026-08-06 11:44:05.184518452,10118,20102,5.0,Credit Card,Cancelled,2774,0,13870.0
508622,2026-08-06 12:35:47.254725472,10365,20057,1.0,UPI,Delivered,4302,5,4086.9
508623,2026-08-06 13:27:29.324932492,10383,20048,1.0,UPI,Delivered,23385,20,18708.0
508624,2026-08-06 14:19:11.395139516,10335,20094,2.0,UPI,Delivered,4584,15,7792.8
508625,2026-08-06 15:10:53.465346536,10174,20016,5.0,Net Banking,Delivered,24382,10,109719.0
508626,2026-08-06 16:02:35.535553556,10347,20066,4.0,Net Banking,Cancelled,1710,20,5472.0
508627,2026-08-06 16:54:17.605760576,10072,20086,1.0,UPI,Delivered,13579,0,13579.0
508628,2026-08-06 17:45:59.675967596,10284,20053,3.0,Debit Card,Delivered,2733,20,6559.2
508629,2026-08-06 18:37:41.746174620,10093,20028,3.0,Cash on Delivery,Delivered,8241,0,24723.0
508630,2026-08-06 19:29:23.816381640,10047,20065,5.0,UPI,Returned,1731,0,8655.0
508631,2026-08-06 20:21:05.886588660,10100,20104,5.0,UPI,Cancelled,778,10,3501.0
508632,2026-08-06 21:12:47.956795680,10067,20025,3.0,UPI,Cancelled,5959,0,17877.0
508633,2026-08-06 22:04:30.027002700,10287,20059,3.0,UPI,Delivered,5868,5,16723.8
508634,2026-08-06 22:56:12.097209720,10328,20006,1.0,Net Banking,Delivered,34232,0,34232.0
508635,2026-08-06 23:47:54.167416744,10365,20025,5.0,Net Banking,Cancelled,5959,0,29795.0
508636,2026-08-07 00:39:36.237623764,10264,20080,5.0,Credit Card,Delivered,8370,0,41850.0
508637,2026-08-07 01:31:18.307830784,10106,20052,5.0,UPI,Delivered,1561,5,7414.75
508638,2026-08-07 02:23:00.378037804,10013,20021,5.0,Net Banking,Delivered,11517,0,57585.0
508639,2026-08-07 03:14:42.448244824,10428,20035,3.0,UPI,Delivered,15331,20,36794.4
508640,2026-08-07 04:06:24.518451844,10590,20013,5.0,UPI,Delivered,24693,5,117291.75
508641,2026-08-07 04:58:06.588658868,10169,20082,4.0,UPI,Delivered,7271,15,24721.4
508642,2026-08-07 05:49:48.658865888,10123,20099,1.0,Net Banking,Delivered,4248,0,4248.0
508643,2026-08-07 06:41:30.729072908,10187,20012,1.0,Debit Card,Delivered,15742,5,14954.9
508644,2026-08-07 07:33:12.799279928,10129,20025,5.0,Debit Card,Delivered,5959,0,29795.0
508645,2026-08-07 08:24:54.869486948,10135,20090,2.0,Debit Card,Returned,691,0,1382.0
508646,2026-08-07 09:16:36.939693972,10297,20092,4.0,UPI,Delivered,803,10,2890.8
508647,2026-08-07 10:08:19.009900992,10472,20080,1.0,Credit Card,Delivered,8370,0,8370.0
508648,2026-08-07 11:00:01.080108012,10428,20075,1.0,Net Banking,Cancelled,7740,20,6192.0
508649,2026-08-07 11:51:43.150315032,10576,20090,4.0,Cash on Delivery,Delivered,691,20,2211.2
508650,2026-08-07 12:43:25.220522052,10215,20039,2.0,Credit Card,Returned,5898,0,11796.0
508651,2026-08-07 13:35:07.290729072,10296,20094,3.0,UPI,Delivered,4584,10,12376.8
508652,2026-08-07 14:26:49.360936096,10229,20093,1.0,Cash on Delivery,Delivered,2351,15,1998.35
508653,2026-08-07 15:18:31.431143116,10026,20024,2.0,Credit Card,Delivered,4109,0,8218.0
508654,2026-08-07 16:10:13.501350136,10234,20008,2.0,UPI,Returned,36276,15,61669.2
508655,2026-08-07 17:01:55.571557156,10157,20055,5.0,UPI,Returned,1081,15,4594.25
508656,2026-08-07 17:53:37.641764176,10288,20079,2.0,UPI,Delivered,3686,0,7372.0
508657,2026-08-07 18:45:19.711971196,10095,20089,1.0,Debit Card,Delivered,507,0,507.0
508658,2026-08-07 19:37:01.782178220,10445,20015,3.0,Debit Card,Delivered,27789,5,79198.65
508659,2026-08-07 20:28:43.852385240,10506,20040,5.0,UPI,Returned,9982,0,49910.0
508660,2026-08-07 21:20:25.922592260,10577,20080,5.0,UPI,Delivered,8370,5,39757.5
508661,2026-08-07 22:12:07.992799280,10051,20007,1.0,Credit Card,Cancelled,22213,0,22213.0
508662,2026-08-07 23:03:50.063006300,10071,20076,5.0,Credit Card,Cancelled,6747,0,33735.0
508663,2026-08-07 23:55:32.133213324,10580,20031,1.0,UPI,Cancelled,16301,20,13040.8
508664,2026-08-08 00:47:14.203420344,10509,20003,4.0,UPI,Delivered,53620,15,182308.0
508665,2026-08-08 01:38:56.273627364,10354,20026,3.0,Net Banking,Delivered,9415,15,24008.25
508666,2026-08-08 02:30:38.343834384,10193,20078,5.0,Cash on Delivery,Delivered,7034,0,35170.0
508667,2026-08-08 03:22:20.414041404,10311,20091,1.0,UPI,Delivered,412,5,391.4
508668,2026-08-08 04:14:02.484248424,10322,20009,2.0,Debit Card,Cancelled,18553,0,37106.0
508669,2026-08-08 05:05:44.554455448,10509,20049,3.0,Net Banking,Delivered,578,0,1734.0
508670,2026-08-08 05:57:26.624662468,10318,20021,1.0,UPI,Delivered,11517,5,10941.15
508671,2026-08-08 06:49:08.694869488,10017,20072,4.0,Cash on Delivery,Cancelled,3499,20,11196.8
508672,2026-08-08 07:40:50.765076508,10420,20082,1.0,Credit Card,Delivered,7271,15,6180.35
508673,2026-08-08 08:32:32.835283528,10467,20101,4.0,Credit Card,Delivered,2343,0,9372.0
508674,2026-08-08 09:24:14.905490548,10179,20037,1.0,Credit Card,Delivered,4164,20,3331.2
508675,2026-08-08 10:15:56.975697572,10070,20032,1.0,UPI,Delivered,14051,0,14051.0
508676,2026-08-08 11:07:39.045904592,10086,20033,2.0,Net Banking,Delivered,16169,0,32338.0
508677,2026-08-08 11:59:21.116111612,10505,20080,1.0,Debit Card,Delivered,8370,15,7114.5
508678,2026-08-08 12:51:03.186318632,10269,20047,1.0,UPI,Cancelled,20791,0,20791.0
508679,2026-08-08 13:42:45.256525652,10318,20003,1.0,Credit Card,Returned,53620,15,45577.0
508680,2026-08-08 14:34:27.326732672,10577,20099,1.0,Cash on Delivery,Delivered,4248,0,4248.0
508681,2026-08-08 15:26:09.396939696,10037,20011,2.0,Net Banking,Delivered,32685,0,65370.0
508682,2026-08-08 16:17:51.467146716,10124,20097,1.0,Debit Card,Cancelled,3648,15,3100.8
508683,2026-08-08 17:09:33.537353736,10500,20017,1.0,UPI,Delivered,1945,0,1945.0
508684,2026-08-08 18:01:15.607560756,10325,20056,2.0,UPI,Delivered,1999,5,3798.1
508685,2026-08-08 18:52:57.677767776,10017,20033,1.0,UPI,Cancelled,16169,15,13743.65
508686,2026-08-08 19:44:39.747974800,10422,20072,4.0,Net Banking,Delivered,3499,0,13996.0
508687,2026-08-08 20:36:21.818181820,10084,20042,4.0,Debit Card,Returned,51100,0,204400.0
508688,2026-08-08 21:28:03.888388840,10470,20039,1.0,Cash on Delivery,Returned,5898,15,5013.3
508689,2026-08-08 22:19:45.958595860,10479,20050,5.0,UPI,Cancelled,1390,10,6255.0
508690,2026-08-08 23:11:28.028802880,10495,20101,3.0,Cash on Delivery,Returned,2343,20,5623.2
508691,2026-08-09 00:03:10.099009900,10279,20026,4.0,Cash on Delivery,Delivered,9415,10,33894.0
508692,2026-08-09 00:54:52.169216924,10161,20023,2.0,Debit Card,Delivered,2698,15,4586.6
508693,2026-08-09 01:46:34.239423944,10529,20007,1.0,Cash on Delivery,Delivered,22213,10,19991.7
508694,2026-08-09 02:38:16.309630964,10336,20077,5.0,Credit Card,Delivered,4744,10,21348.0
508695,2026-08-09 03:29:58.379837984,10382,20071,2.0,UPI,Delivered,4484,0,8968.0
508696,2026-08-09 04:21:40.450045004,10082,20064,1.0,UPI,Returned,3045,20,2436.0
508697,2026-08-09 05:13:22.520252024,10375,20003,1.0,UPI,Delivered,53620,15,45577.0
508698,2026-08-09 06:05:04.590459048,10349,20083,1.0,UPI,Delivered,9080,0,9080.0
508699,2026-08-09 06:56:46.660666068,10176,20085,2.0,Debit Card,Delivered,11910,20,19056.0
508700,2026-08-09 07:48:28.730873088,10461,20099,2.0,UPI,Cancelled,4248,0,8496.0
508701,2026-08-09 08:40:10.801080108,10081,20097,2.0,UPI,Delivered,3648,10,6566.4
508702,2026-08-09 09:31:52.871287128,10432,20028,4.0,UPI,Returned,8241,20,26371.2
508703,2026-08-09 10:23:34.941494152,10577,20074,5.0,Debit Card,Delivered,5850,0,29250.0
508704,2026-08-09 11:15:17.011701172,10341,20042,3.0,Cash on Delivery,Delivered,51100,0,153300.0
508705,2026-08-09 12:06:59.081908192,10063,20062,3.0,Credit Card,Delivered,2317,20,5560.8
508706,2026-08-09 12:58:41.152115212,10332,20035,4.0,Debit Card,Delivered,15331,15,52125.4
508707,2026-08-09 13:50:23.222322232,10318,20069,1.0,Cash on Delivery,Cancelled,3824,5,3632.8
508708,2026-08-09 14:42:05.292529252,10332,20100,2.0,Debit Card,Delivered,2214,20,3542.4
508709,2026-08-09 15:33:47.362736276,10164,20068,3.0,Debit Card,Delivered,1337,0,4011.0
508710,2026-08-09 16:25:29.432943296,10376,20096,1.0,Debit Card,Cancelled,3065,5,2911.75
508711,2026-08-09 17:17:11.503150316,10159,20097,5.0,Cash on Delivery,Returned,3648,0,18240.0
508712,2026-08-09 18:08:53.573357336,10335,20013,1.0,UPI,Delivered,24693,0,24693.0
508713,2026-08-09 19:00:35.643564356,10357,20101,1.0,Net Banking,Returned,2343,0,2343.0
508714,2026-08-09 19:52:17.713771376,10388,20086,1.0,Credit Card,Delivered,13579,10,12221.1
508715,2026-08-09 20:43:59.783978400,10479,20045,4.0,UPI,Delivered,19570,0,78280.0
508716,2026-08-09 21:35:41.854185420,10530,20063,1.0,Debit Card,Delivered,7613,5,7232.35
508717,2026-08-09 22:27:23.924392440,10467,20065,1.0,Net Banking,Delivered,1731,15,1471.35
508718,2026-08-09 23:19:05.994599460,10478,20082,4.0,Net Banking,Delivered,7271,0,29084.0
508719,2026-08-10 00:10:48.064806480,10522,20084,1.0,Cash on Delivery,Returned,7386,0,7386.0
508720,2026-08-10 01:02:30.135013504,10146,20011,1.0,Debit Card,Returned,32685,15,27782.25
508721,2026-08-10 01:54:12.205220524,10176,20001,5.0,Credit Card,Returned,63388,0,316940.0
508722,2026-08-10 02:45:54.275427544,10320,20026,1.0,Cash on Delivery,Delivered,9415,0,9415.0
508723,2026-08-10 03:37:36.345634564,10280,20055,1.0,UPI,Delivered,1081,20,864.8
508724,2026-08-10 04:29:18.415841584,10422,20089,2.0,UPI,Returned,507,0,1014.0
508725,2026-08-10 05:21:00.486048604,10006,20068,3.0,Credit Card,Delivered,1337,0,4011.0
508726,2026-08-10 06:12:42.556255628,10084,20015,4.0,Credit Card,Cancelled,27789,0,111156.0
508727,2026-08-10 07:04:24.626462648,10449,20075,1.0,Debit Card,Returned,7740,10,6966.0
508728,2026-08-10 07:56:06.696669668,10494,20049,1.0,Net Banking,Delivered,578,0,578.0
508729,2026-08-10 08:47:48.766876688,10182,20039,2.0,UPI,Delivered,5898,20,9436.8
508730,2026-08-10 09:39:30.837083708,10187,20081,3.0,Net Banking,Returned,14773,10,39887.1
508731,2026-08-10 10:31:12.907290728,10337,20031,2.0,Debit Card,Cancelled,16301,0,32602.0
508732,2026-08-10 11:22:54.977497752,10287,20065,1.0,Cash on Delivery,Returned,1731,0,1731.0
508733,2026-08-10 12:14:37.047704772,10102,20019,4.0,UPI,Delivered,1265,0,5060.0
508734,2026-08-10 13:06:19.117911792,10301,20040,1.0,Debit Card,Delivered,9982,0,9982.0
508735,2026-08-10 13:58:01.188118812,10492,20059,4.0,Debit Card,Cancelled,5868,0,23472.0
508736,2026-08-10 14:49:43.258325832,10438,20065,5.0,Credit Card,Delivered,1731,0,8655.0
508737,2026-08-10 15:41:25.328532852,10491,20096,3.0,UPI,Delivered,3065,10,8275.5
508738,2026-08-10 16:33:07.398739876,10387,20031,2.0,UPI,Returned,16301,0,32602.0
508739,2026-08-10 17:24:49.468946896,10527,20094,2.0,UPI,Delivered,4584,0,9168.0
508740,2026-08-10 18:16:31.539153916,10150,20085,2.0,Credit Card,Cancelled,11910,0,23820.0
508741,2026-08-10 19:08:13.609360936,10028,20038,1.0,Debit Card,Cancelled,9637,20,7709.6
508742,2026-08-10 19:59:55.679567956,10069,20015,1.0,Credit Card,Delivered,27789,20,22231.2
508743,2026-08-10 20:51:37.749774980,10596,20027,3.0,Debit Card,Delivered,7598,10,20514.6
508744,2026-08-10 21:43:19.819982000,10385,20069,2.0,UPI,Delivered,3824,0,7648.0
508745,2026-08-10 22:35:01.890189020,10149,20083,2.0,UPI,Delivered,9080,10,16344.0
508746,2026-08-10 23:26:43.960396040,10513,20064,2.0,Debit Card,Delivered,3045,0,6090.0
508747,2026-08-11 00:18:26.030603060,10186,20076,1.0,Net Banking,Delivered,6747,20,5397.6
508748,2026-08-11 01:10:08.100810080,10359,20011,4.0,Debit Card,Delivered,32685,10,117666.0
508749,2026-08-11 02:01:50.171017104,10150,20053,5.0,Debit Card,Delivered,2733,0,13665.0
508750,2026-08-11 02:53:32.241224124,10057,20091,1.0,Cash on Delivery,Delivered,412,0,412.0
508751,2026-08-11 03:45:14.311431144,10161,20041,1.0,Cash on Delivery,Returned,36528,15,31048.8
508752,2026-08-11 04:36:56.381638164,10137,20094,3.0,Debit Card,Cancelled,4584,15,11689.2
508753,2026-08-11 05:28:38.451845184,10332,20013,1.0,UPI,Delivered,24693,15,20989.05
508754,2026-08-11 06:20:20.522052204,10013,20102,1.0,UPI,Delivered,2774,0,2774.0
508755,2026-08-11 07:12:02.592259228,10144,20082,5.0,Debit Card,Delivered,7271,10,32719.5
508756,2026-08-11 08:03:44.662466248,10341,20066,1.0,Credit Card,Delivered,1710,0,1710.0
508757,2026-08-11 08:55:26.732673268,10237,20065,2.0,UPI,Delivered,1731,10,3115.8
508758,2026-08-11 09:47:08.802880288,10382,20098,5.0,UPI,Returned,1112,0,5560.0
508759,2026-08-11 10:38:50.873087308,10394,20040,3.0,Cash on Delivery,Delivered,9982,0,29946.0
508760,2026-08-11 11:30:32.943294332,10580,20018,1.0,UPI,Returned,3166,15,2691.1
508761,2026-08-11 12:22:15.013501352,10502,20096,1.0,Net Banking,Delivered,3065,15,2605.25
508762,2026-08-11 13:13:57.083708372,10137,20011,3.0,Cash on Delivery,Cancelled,32685,15,83346.75
508763,2026-08-11 14:05:39.153915392,10416,20069,2.0,Debit Card,Delivered,3824,10,6883.2
508764,2026-08-11 14:57:21.224122412,10377,20028,5.0,UPI,Cancelled,8241,10,37084.5
508765,2026-08-11 15:49:03.294329432,10357,20097,3.0,Net Banking,Delivered,3648,15,9302.4
508766,2026-08-11 16:40:45.364536456,10480,20102,1.0,Debit Card,Delivered,2774,5,2635.3
508767,2026-08-11 17:32:27.434743476,10089,20050,1.0,UPI,Delivered,1390,20,1112.0
508768,2026-08-11 18:24:09.504950496,10226,20056,3.0,Debit Card,Cancelled,1999,15,5097.45
508769,2026-08-11 19:15:51.575157516,10490,20048,3.0,UPI,Delivered,23385,5,66647.25
508770,2026-08-11 20:07:33.645364536,10536,20045,3.0,Debit Card,Delivered,19570,10,52839.0
508771,2026-08-11 20:59:15.715571556,10023,20098,1.0,Cash on Delivery,Delivered,1112,20,889.6
508772,2026-08-11 21:50:57.785778580,10283,20030,1.0,Credit Card,Cancelled,6241,5,5928.95
508773,2026-08-11 22:42:39.855985600,10159,20100,1.0,Cash on Delivery,Delivered,2214,0,2214.0
508774,2026-08-11 23:34:21.926192620,10101,20068,3.0,Credit Card,Delivered,1337,15,3409.35
508775,2026-08-12 00:26:03.996399640,10035,20100,1.0,Net Banking,Delivered,2214,0,2214.0
508776,2026-08-12 01:17:46.066606660,10323,20064,4.0,Debit Card,Delivered,3045,0,12180.0
508777,2026-08-12 02:09:28.136813684,10401,20086,1.0,UPI,Delivered,13579,0,13579.0
508778,2026-08-12 03:01:10.207020704,10319,20051,2.0,Cash on Delivery,Returned,1170,0,2340.0
508779,2026-08-12 03:52:52.277227724,10222,20049,1.0,Cash on Delivery,Returned,578,0,578.0
508780,2026-08-12 04:44:34.347434744,10463,20027,2.0,UPI,Delivered,7598,0,15196.0
508781,2026-08-12 05:36:16.417641764,10392,20022,4.0,Net Banking,Delivered,9827,5,37342.6
508782,2026-08-12 06:27:58.487848784,10546,20004,1.0,UPI,Cancelled,68919,20,55135.2
508783,2026-08-12 07:19:40.558055808,10209,20040,2.0,UPI,Cancelled,9982,0,19964.0
508784,2026-08-12 08:11:22.628262828,10144,20103,1.0,UPI,Delivered,2822,0,2822.0
508785,2026-08-12 09:03:04.698469848,10274,20098,1.0,Credit Card,Returned,1112,10,1000.8
508786,2026-08-12 09:54:46.768676868,10305,20072,3.0,UPI,Delivered,3499,10,9447.3
508787,2026-08-12 10:46:28.838883888,10275,20038,2.0,UPI,Returned,9637,20,15419.2
508788,2026-08-12 11:38:10.909090908,10500,20055,2.0,Cash on Delivery,Cancelled,1081,5,2053.9
508789,2026-08-12 12:29:52.979297932,10028,20079,1.0,Credit Card,Returned,3686,15,3133.1
508790,2026-08-12 13:21:35.049504952,10317,20001,1.0,Net Banking,Delivered,63388,15,53879.8
508791,2026-08-12 14:13:17.119711972,10259,20096,2.0,UPI,Delivered,3065,0,6130.0
508792,2026-08-12 15:04:59.189918992,10127,20091,1.0,UPI,Delivered,412,15,350.2
508793,2026-08-12 15:56:41.260126012,10385,20101,5.0,Net Banking,Delivered,2343,20,9372.0
508794,2026-08-12 16:48:23.330333032,10481,20010,1.0,UPI,Delivered,24340,0,24340.0
508795,2026-08-12 17:40:05.400540056,10328,20099,3.0,Credit Card,Cancelled,4248,15,10832.4
508796,2026-08-12 18:31:47.470747076,10051,20064,1.0,Cash on Delivery,Returned,3045,10,2740.5
508797,2026-08-12 19:23:29.540954096,10046,20058,3.0,UPI,Delivered,3049,15,7774.95
508798,2026-08-12 20:15:11.611161116,10253,20019,1.0,Credit Card,Delivered,1265,5,1201.75
508799,2026-08-12 21:06:53.681368136,10401,20052,1.0,Debit Card,Delivered,1561,0,1561.0
508800,2026-08-12 21:58:35.751575160,10189,20038,2.0,UPI,Delivered,9637,5,18310.3
508801,2026-08-12 22:50:17.821782180,10186,20103,1.0,Debit Card,Cancelled,2822,10,2539.8
508802,2026-08-12 23:41:59.891989200,10517,20036,1.0,Credit Card,Cancelled,17380,20,13904.0
508803,2026-08-13 00:33:41.962196220,10009,20023,4.0,UPI,Delivered,2698,0,10792.0
508804,2026-08-13 01:25:24.032403240,10048,20099,1.0,Credit Card,Delivered,4248,0,4248.0
508805,2026-08-13 02:17:06.102610260,10094,20020,2.0,Credit Card,Delivered,1219,0,2438.0
508806,2026-08-13 03:08:48.172817284,10591,20095,3.0,Debit Card,Cancelled,1791,10,4835.7
508807,2026-08-13 04:00:30.243024304,10299,20101,2.0,Cash on Delivery,Delivered,2343,0,4686.0
508808,2026-08-13 04:52:12.313231324,10095,20032,3.0,Debit Card,Cancelled,14051,20,33722.4
508809,2026-08-13 05:43:54.383438344,10187,20072,5.0,Credit Card,Delivered,3499,10,15745.5
508810,2026-08-13 06:35:36.453645364,10582,20083,3.0,Cash on Delivery,Delivered,9080,20,21792.0
508811,2026-08-13 07:27:18.523852384,10417,20056,1.0,Net Banking,Cancelled,1999,0,1999.0
508812,2026-08-13 08:19:00.594059408,10135,20073,1.0,UPI,Delivered,5411,0,5411.0
508813,2026-08-13 09:10:42.664266428,10145,20014,4.0,UPI,Cancelled,13717,5,52124.6
508814,2026-08-13 10:02:24.734473448,10045,20054,2.0,UPI,Returned,1287,15,2187.9
508815,2026-08-13 10:54:06.804680468,10464,20054,2.0,UPI,Delivered,1287,10,2316.6
508816,2026-08-13 11:45:48.874887488,10083,20059,4.0,Credit Card,Cancelled,5868,0,23472.0
508817,2026-08-13 12:37:30.945094512,10172,20099,1.0,UPI,Delivered,4248,0,4248.0
508818,2026-08-13 13:29:13.015301532,10210,20086,1.0,Cash on Delivery,Delivered,13579,0,13579.0
508819,2026-08-13 14:20:55.085508552,10373,20063,1.0,Credit Card,Delivered,7613,0,7613.0
508820,2026-08-13 15:12:37.155715572,10364,20042,1.0,UPI,Returned,51100,10,45990.0
508821,2026-08-13 16:04:19.225922592,10480,20043,2.0,Cash on Delivery,Delivered,21634,20,34614.4
508822,2026-08-13 16:56:01.296129612,10179,20003,2.0,Credit Card,Delivered,53620,5,101878.0
508823,2026-08-13 17:47:43.366336636,10232,20058,1.0,UPI,Cancelled,3049,20,2439.2
508824,2026-08-13 18:39:25.436543656,10234,20027,1.0,UPI,Cancelled,7598,0,7598.0
508825,2026-08-13 19:31:07.506750676,10029,20093,3.0,Debit Card,Cancelled,2351,20,5642.4
508826,2026-08-13 20:22:49.576957696,10443,20081,1.0,Credit Card,Delivered,14773,0,14773.0
508827,2026-08-13 21:14:31.647164716,10322,20095,3.0,Debit Card,Returned,1791,15,4567.05
508828,2026-08-13 22:06:13.717371736,10286,20104,5.0,Net Banking,Delivered,778,20,3112.0
508829,2026-08-13 22:57:55.787578760,10598,20042,2.0,Debit Card,Delivered,51100,0,102200.0
508830,2026-08-13 23:49:37.857785780,10108,20045,2.0,Net Banking,Cancelled,19570,10,35226.0
508831,2026-08-14 00:41:19.927992800,10582,20064,2.0,Debit Card,Delivered,3045,0,6090.0
508832,2026-08-14 01:33:01.998199820,10409,20045,1.0,Debit Card,Cancelled,19570,15,16634.5
508833,2026-08-14 02:24:44.068406840,10133,20030,3.0,UPI,Delivered,6241,5,17786.85
508834,2026-08-14 03:16:26.138613864,10408,20074,1.0,Credit Card,Delivered,5850,0,5850.0
508835,2026-08-14 04:08:08.208820884,10454,20047,2.0,Credit Card,Delivered,20791,20,33265.6
508836,2026-08-14 04:59:50.279027904,10218,20098,1.0,Credit Card,Cancelled,1112,20,889.6
508837,2026-08-14 05:51:32.349234924,10207,20023,5.0,Credit Card,Delivered,2698,0,13490.0
508838,2026-08-14 06:43:14.419441944,10502,20047,1.0,Debit Card,Delivered,20791,20,16632.8
508839,2026-08-14 07:34:56.489648964,10097,20056,1.0,Credit Card,Delivered,1999,0,1999.0
508840,2026-08-14 08:26:38.559855988,10009,20095,4.0,Credit Card,Delivered,1791,15,6089.4
508841,2026-08-14 09:18:20.630063008,10400,20061,5.0,Credit Card,Delivered,7110,15,30217.5
508842,2026-08-14 10:10:02.700270028,10544,20008,2.0,Cash on Delivery,Returned,36276,5,68924.4
508843,2026-08-14 11:01:44.770477048,10301,20036,1.0,UPI,Delivered,17380,10,15642.0
508844,2026-08-14 11:53:26.840684068,10081,20093,5.0,Debit Card,Returned,2351,0,11755.0
508845,2026-08-14 12:45:08.910891088,10324,20029,1.0,Debit Card,Cancelled,11176,0,11176.0
508846,2026-08-14 13:36:50.981098112,10152,20036,1.0,Credit Card,Returned,17380,5,16511.0
508847,2026-08-14 14:28:33.051305132,10497,20016,3.0,Net Banking,Delivered,24382,20,58516.8
508848,2026-08-14 15:20:15.121512152,10368,20075,1.0,Cash on Delivery,Returned,7740,5,7353.0
508849,2026-08-14 16:11:57.191719172,10202,20015,1.0,Debit Card,Delivered,27789,10,25010.1
508850,2026-08-14 17:03:39.261926192,10375,20039,3.0,Cash on Delivery,Cancelled,5898,10,15924.6
508851,2026-08-14 17:55:21.332133216,10401,20074,1.0,Credit Card,Cancelled,5850,20,4680.0
508852,2026-08-14 18:47:03.402340236,10408,20094,4.0,Cash on Delivery,Returned,4584,20,14668.8
508853,2026-08-14 19:38:45.472547256,10220,20024,1.0,Net Banking,Delivered,4109,0,4109.0
508854,2026-08-14 20:30:27.542754276,10343,20035,5.0,Debit Card,Delivered,15331,20,61324.0
508855,2026-08-14 21:22:09.612961296,10026,20013,3.0,Net Banking,Delivered,24693,5,70375.05
508856,2026-08-14 22:13:51.683168316,10243,20046,1.0,Debit Card,Delivered,18692,0,18692.0
508857,2026-08-14 23:05:33.753375340,10227,20104,2.0,Credit Card,Delivered,778,0,1556.0
508858,2026-08-14 23:57:15.823582360,10321,20032,5.0,Credit Card,Delivered,14051,0,70255.0
508859,2026-08-15 00:48:57.893789380,10571,20028,1.0,Credit Card,Delivered,8241,0,8241.0
508860,2026-08-15 01:40:39.963996400,10573,20042,4.0,Debit Card,Cancelled,51100,0,204400.0
508861,2026-08-15 02:32:22.034203420,10290,20094,2.0,UPI,Cancelled,4584,0,9168.0
508862,2026-08-15 03:24:04.104410440,10388,20057,5.0,Debit Card,Delivered,4302,0,21510.0
508863,2026-08-15 04:15:46.174617464,10065,20064,1.0,Credit Card,Delivered,3045,0,3045.0
508864,2026-08-15 05:07:28.244824484,10290,20082,3.0,UPI,Returned,7271,20,17450.4
508865,2026-08-15 05:59:10.315031504,10413,20075,5.0,UPI,Delivered,7740,0,38700.0
508866,2026-08-15 06:50:52.385238524,10410,20063,1.0,UPI,Delivered,7613,10,6851.7
508867,2026-08-15 07:42:34.455445544,10579,20059,1.0,Debit Card,Delivered,5868,5,5574.6
508868,2026-08-15 08:34:16.525652564,10280,20056,2.0,UPI,Delivered,1999,0,3998.0
508869,2026-08-15 09:25:58.595859588,10545,20019,2.0,UPI,Delivered,1265,0,2530.0
508870,2026-08-15 10:17:40.666066608,10588,20044,3.0,UPI,Returned,32508,0,97524.0
508871,2026-08-15 11:09:22.736273628,10344,20089,2.0,UPI,Delivered,507,0,1014.0
508872,2026-08-15 12:01:04.806480648,10055,20005,5.0,UPI,Delivered,55986,10,251937.0
508873,2026-08-15 12:52:46.876687668,10226,20087,2.0,UPI,Delivered,9356,5,17776.4
508874,2026-08-15 13:44:28.946894692,10459,20059,3.0,Debit Card,Delivered,5868,20,14083.2
508875,2026-08-15 14:36:11.017101712,10349,20037,5.0,Debit Card,Delivered,4164,0,20820.0
508876,2026-08-15 15:27:53.087308732,10562,20012,5.0,Cash on Delivery,Delivered,15742,20,62968.0
508877,2026-08-15 16:19:35.157515752,10490,20080,1.0,UPI,Delivered,8370,0,8370.0
508878,2026-08-15 17:11:17.227722772,10038,20001,1.0,UPI,Delivered,63388,15,53879.8
508879,2026-08-15 18:02:59.297929792,10517,20057,3.0,UPI,Delivered,4302,20,10324.8
508880,2026-08-15 18:54:41.368136816,10215,20017,2.0,Debit Card,Delivered,1945,0,3890.0
508881,2026-08-15 19:46:23.438343836,10492,20095,2.0,UPI,Cancelled,1791,5,3402.9
508882,2026-08-15 20:38:05.508550856,10305,20019,3.0,UPI,Delivered,1265,20,3036.0
508883,2026-08-15 21:29:47.578757876,10274,20084,3.0,Credit Card,Returned,7386,15,18834.3
508884,2026-08-15 22:21:29.648964896,10044,20060,5.0,UPI,Returned,4824,0,24120.0
508885,2026-08-15 23:13:11.719171916,10072,20005,1.0,Credit Card,Cancelled,55986,0,55986.0
508886,2026-08-16 00:04:53.789378940,10358,20075,4.0,Debit Card,Delivered,7740,0,30960.0
508887,2026-08-16 00:56:35.859585960,10342,20092,1.0,Net Banking,Returned,803,5,762.85
508888,2026-08-16 01:48:17.929792980,10333,20024,5.0,Credit Card,Cancelled,4109,0,20545.0
508889,2026-08-16 02:40:00.000000000,10094,20101,1.0,UPI,Delivered,2343,0,2343.0
508890,2026-08-16 03:31:42.070207020,10306,20084,4.0,Credit Card,Delivered,7386,5,28066.8
508891,2026-08-16 04:23:24.140414044,10037,20078,1.0,UPI,Cancelled,7034,0,7034.0
508892,2026-08-16 05:15:06.210621064,10087,20035,5.0,UPI,Delivered,15331,0,76655.0
508893,2026-08-16 06:06:48.280828084,10300,20013,5.0,Credit Card,Cancelled,24693,15,104945.25
508894,2026-08-16 06:58:30.351035104,10371,20045,4.0,UPI,Delivered,19570,0,78280.0
508895,2026-08-16 07:50:12.421242124,10394,20084,4.0,UPI,Cancelled,7386,20,23635.2
508896,2026-08-16 08:41:54.491449144,10590,20062,2.0,Debit Card,Returned,2317,0,4634.0
508897,2026-08-16 09:33:36.561656168,10513,20068,1.0,Net Banking,Cancelled,1337,5,1270.15
508898,2026-08-16 10:25:18.631863188,10228,20082,5.0,UPI,Delivered,7271,20,29084.0
508899,2026-08-16 11:17:00.702070208,10470,20036,2.0,Credit Card,Returned,17380,0,34760.0
508900,2026-08-16 12:08:42.772277228,10058,20004,4.0,Cash on Delivery,Cancelled,68919,10,248108.4
508901,2026-08-16 13:00:24.842484248,10515,20092,3.0,UPI,Delivered,803,15,2047.65
508902,2026-08-16 13:52:06.912691268,10232,20064,3.0,Debit Card,Delivered,3045,0,9135.0
508903,2026-08-16 14:43:48.982898292,10457,20059,1.0,UPI,Returned,5868,10,5281.2
508904,2026-08-16 15:35:31.053105312,10583,20060,2.0,Cash on Delivery,Delivered,4824,10,8683.2
508905,2026-08-16 16:27:13.123312332,10422,20089,2.0,UPI,Delivered,507,5,963.3
508906,2026-08-16 17:18:55.193519352,10553,20081,2.0,UPI,Delivered,14773,0,29546.0
508907,2026-08-16 18:10:37.263726372,10007,20070,3.0,Cash on Delivery,Delivered,4368,5,12448.8
508908,2026-08-16 19:02:19.333933396,10103,20082,1.0,Debit Card,Cancelled,7271,0,7271.0
508909,2026-08-16 19:54:01.404140416,10376,20031,1.0,UPI,Delivered,16301,5,15485.95
508910,2026-08-16 20:45:43.474347436,10325,20075,1.0,Net Banking,Delivered,7740,0,7740.0
508911,2026-08-16 21:37:25.544554456,10073,20102,2.0,Cash on Delivery,Delivered,2774,0,5548.0
508912,2026-08-16 22:29:07.614761476,10432,20025,3.0,Credit Card,Delivered,5959,0,17877.0
508913,2026-08-16 23:20:49.684968496,10036,20060,1.0,UPI,Delivered,4824,5,4582.8
508914,2026-08-17 00:12:31.755175520,10595,20071,3.0,UPI,Delivered,4484,0,13452.0
508915,2026-08-17 01:04:13.825382540,10094,20054,1.0,Cash on Delivery,Delivered,1287,0,1287.0
508916,2026-08-17 01:55:55.895589560,10268,20101,4.0,UPI,Returned,2343,0,9372.0
508917,2026-08-17 02:47:37.965796580,10494,20042,3.0,UPI,Delivered,51100,5,145635.0
508918,2026-08-17 03:39:20.036003600,10309,20023,3.0,UPI,Delivered,2698,0,8094.0
508919,2026-08-17 04:31:02.106210620,10447,20015,3.0,UPI,Delivered,27789,5,79198.65
508920,2026-08-17 05:22:44.176417644,10423,20089,1.0,Credit Card,Delivered,507,0,507.0
508921,2026-08-17 06:14:26.246624664,10570,20072,5.0,Credit Card,Delivered,3499,0,17495.0
508922,2026-08-17 07:06:08.316831684,10279,20061,3.0,UPI,Returned,7110,5,20263.5
508923,2026-08-17 07:57:50.387038704,10588,20045,1.0,UPI,Delivered,19570,0,19570.0
508924,2026-08-17 08:49:32.457245724,10311,20043,5.0,UPI,Delivered,21634,0,108170.0
508925,2026-08-17 09:41:14.527452744,10536,20098,3.0,UPI,Delivered,1112,10,3002.4
508926,2026-08-17 10:32:56.597659768,10440,20071,1.0,UPI,Returned,4484,0,4484.0
508927,2026-08-17 11:24:38.667866788,10080,20101,5.0,Debit Card,Cancelled,2343,5,11129.25
508928,2026-08-17 12:16:20.738073808,10387,20084,1.0,UPI,Delivered,7386,10,6647.4
508929,2026-08-17 13:08:02.808280828,10528,20080,3.0,UPI,Delivered,8370,0,25110.0
508930,2026-08-17 13:59:44.878487848,10078,20058,3.0,Credit Card,Returned,3049,10,8232.3
508931,2026-08-17 14:51:26.948694872,10504,20026,5.0,Debit Card,Delivered,9415,0,47075.0
508932,2026-08-17 15:43:09.018901892,10064,20068,2.0,Debit Card,Cancelled,1337,5,2540.3
508933,2026-08-17 16:34:51.089108912,10523,20075,5.0,Cash on Delivery,Returned,7740,0,38700.0
508934,2026-08-17 17:26:33.159315932,10474,20055,1.0,UPI,Delivered,1081,5,1026.95
508935,2026-08-17 18:18:15.229522952,10092,20003,4.0,UPI,Returned,53620,0,214480.0
508936,2026-08-17 19:09:57.299729972,10436,20100,1.0,UPI,Delivered,2214,0,2214.0
508937,2026-08-17 20:01:39.369936996,10071,20086,5.0,UPI,Delivered,13579,5,64500.25
508938,2026-08-17 20:53:21.440144016,10341,20037,4.0,Cash on Delivery,Delivered,4164,10,14990.4
508939,2026-08-17 21:45:03.510351036,10555,20052,3.0,Credit Card,Delivered,1561,0,4683.0
508940,2026-08-17 22:36:45.580558056,10124,20013,1.0,Net Banking,Delivered,24693,10,22223.7
508941,2026-08-17 23:28:27.650765076,10105,20098,2.0,Cash on Delivery,Delivered,1112,0,2224.0
508942,2026-08-18 00:20:09.720972096,10254,20024,1.0,Net Banking,Delivered,4109,15,3492.65
508943,2026-08-18 01:11:51.791179120,10222,20040,5.0,Credit Card,Returned,9982,0,49910.0
508944,2026-08-18 02:03:33.861386140,10030,20045,2.0,Net Banking,Delivered,19570,15,33269.0
508945,2026-08-18 02:55:15.931593160,10274,20028,4.0,Credit Card,Cancelled,8241,0,32964.0
508946,2026-08-18 03:46:58.001800180,10156,20067,5.0,UPI,Delivered,2588,5,12293.0
508947,2026-08-18 04:38:40.072007200,10075,20104,1.0,Credit Card,Returned,778,0,778.0
508948,2026-08-18 05:30:22.142214224,10166,20089,4.0,Cash on Delivery,Delivered,507,0,2028.0
508949,2026-08-18 06:22:04.212421244,10013,20056,1.0,Net Banking,Returned,1999,20,1599.2
508950,2026-08-18 07:13:46.282628264,10550,20014,1.0,Credit Card,Delivered,13717,0,13717.0
508951,2026-08-18 08:05:28.352835284,10597,20090,1.0,Net Banking,Cancelled,691,5,656.45
508952,2026-08-18 08:57:10.423042304,10221,20027,2.0,Credit Card,Cancelled,7598,5,14436.2
508953,2026-08-18 09:48:52.493249324,10526,20095,4.0,Debit Card,Delivered,1791,10,6447.6
508954,2026-08-18 10:40:34.563456348,10277,20042,3.0,UPI,Delivered,51100,0,153300.0
508955,2026-08-18 11:32:16.633663368,10548,20054,1.0,UPI,Delivered,1287,0,1287.0
508956,2026-08-18 12:23:58.703870388,10104,20046,1.0,UPI,Delivered,18692,0,18692.0
508957,2026-08-18 13:15:40.774077408,10171,20048,1.0,Net Banking,Delivered,23385,20,18708.0
508958,2026-08-18 14:07:22.844284428,10444,20018,3.0,Cash on Delivery,Returned,3166,0,9498.0
508959,2026-08-18 14:59:04.914491448,10133,20058,2.0,UPI,Delivered,3049,5,5793.1
508960,2026-08-18 15:50:46.984698472,10495,20042,1.0,UPI,Cancelled,51100,10,45990.0
508961,2026-08-18 16:42:29.054905492,10256,20089,1.0,UPI,Delivered,507,0,507.0
508962,2026-08-18 17:34:11.125112512,10243,20050,1.0,Debit Card,Delivered,1390,15,1181.5
508963,2026-08-18 18:25:53.195319532,10272,20101,5.0,Credit Card,Delivered,2343,10,10543.5
508964,2026-08-18 19:17:35.265526552,10479,20031,2.0,Credit Card,Delivered,16301,5,30971.9
508965,2026-08-18 20:09:17.335733576,10004,20035,2.0,UPI,Cancelled,15331,0,30662.0
508966,2026-08-18 21:00:59.405940596,10451,20004,4.0,UPI,Delivered,68919,0,275676.0
508967,2026-08-18 21:52:41.476147616,10468,20077,1.0,Cash on Delivery,Delivered,4744,20,3795.2
508968,2026-08-18 22:44:23.546354636,10493,20008,1.0,Credit Card,Delivered,36276,0,36276.0
508969,2026-08-18 23:36:05.616561656,10599,20030,1.0,UPI,Cancelled,6241,0,6241.0
508970,2026-08-19 00:27:47.686768676,10470,20095,1.0,UPI,Delivered,1791,0,1791.0
508971,2026-08-19 01:19:29.756975700,10318,20064,4.0,UPI,Returned,3045,15,10353.0
508972,2026-08-19 02:11:11.827182720,10280,20059,4.0,UPI,Returned,5868,10,21124.8
508973,2026-08-19 03:02:53.897389740,10233,20084,3.0,UPI,Delivered,7386,20,17726.4
508974,2026-08-19 03:54:35.967596760,10497,20081,5.0,Debit Card,Delivered,14773,15,62785.25
508975,2026-08-19 04:46:18.037803780,10236,20093,2.0,UPI,Delivered,2351,5,4466.9
508976,2026-08-19 05:38:00.108010800,10344,20070,1.0,Credit Card,Delivered,4368,0,4368.0
508977,2026-08-19 06:29:42.178217824,10058,20047,1.0,Credit Card,Delivered,20791,20,16632.8
508978,2026-08-19 07:21:24.248424844,10191,20014,1.0,UPI,Delivered,13717,10,12345.3
508979,2026-08-19 08:13:06.318631864,10160,20039,5.0,Credit Card,Returned,5898,0,29490.0
508980,2026-08-19 09:04:48.388838884,10262,20074,2.0,Net Banking,Delivered,5850,20,9360.0
508981,2026-08-19 09:56:30.459045904,10302,20027,4.0,UPI,Cancelled,7598,10,27352.8
508982,2026-08-19 10:48:12.529252924,10430,20070,1.0,Net Banking,Returned,4368,10,3931.2
508983,2026-08-19 11:39:54.599459948,10260,20014,3.0,UPI,Delivered,13717,0,41151.0
508984,2026-08-19 12:31:36.669666968,10091,20007,1.0,UPI,Delivered,22213,0,22213.0
508985,2026-08-19 13:23:18.739873988,10328,20038,2.0,UPI,Cancelled,9637,0,19274.0
508986,2026-08-19 14:15:00.810081008,10033,20024,3.0,Debit Card,Returned,4109,0,12327.0
508987,2026-08-19 15:06:42.880288028,10510,20091,5.0,Credit Card,Cancelled,412,5,1957.0
508988,2026-08-19 15:58:24.950495052,10463,20040,2.0,Debit Card,Delivered,9982,0,19964.0
508989,2026-08-19 16:50:07.020702072,10136,20044,3.0,UPI,Delivered,32508,10,87771.6
508990,2026-08-19 17:41:49.090909092,10158,20042,2.0,Debit Card,Cancelled,51100,0,102200.0
508991,2026-08-19 18:33:31.161116112,10017,20033,2.0,UPI,Delivered,16169,10,29104.2
508992,2026-08-19 19:25:13.231323132,10219,20096,5.0,UPI,Delivered,3065,0,15325.0
508993,2026-08-19 20:16:55.301530152,10023,20077,5.0,Debit Card,Delivered,4744,0,23720.0
508994,2026-08-19 21:08:37.371737176,10562,20017,1.0,UPI,Returned,1945,0,1945.0
508995,2026-08-19 22:00:19.441944196,10081,20023,5.0,UPI,Delivered,2698,0,13490.0
508996,2026-08-19 22:52:01.512151216,10396,20009,2.0,Credit Card,Delivered,18553,0,37106.0
508997,2026-08-19 23:43:43.582358236,10343,20027,3.0,Debit Card,Returned,7598,0,22794.0
508998,2026-08-20 00:35:25.652565256,10143,20069,2.0,Debit Card,Cancelled,3824,5,7265.6
508999,2026-08-20 01:27:07.722772276,10485,20098,4.0,UPI,Delivered,1112,10,4003.2
509000,2026-08-20 02:18:49.792979300,10066,20051,4.0,UPI,Delivered,1170,5,4446.0
509001,2026-08-20 03:10:31.863186320,10533,20009,2.0,UPI,Returned,18553,0,37106.0
509002,2026-08-20 04:02:13.933393340,10445,20005,3.0,UPI,Delivered,55986,15,142764.3
509003,2026-08-20 04:53:56.003600360,10382,20044,2.0,UPI,Cancelled,32508,0,65016.0
509004,2026-08-20 05:45:38.073807380,10528,20028,4.0,UPI,Delivered,8241,10,29667.6
509005,2026-08-20 06:37:20.144014404,10242,20060,1.0,Credit Card,Delivered,4824,20,3859.2
509006,2026-08-20 07:29:02.214221424,10169,20013,3.0,Credit Card,Delivered,24693,0,74079.0
509007,2026-08-20 08:20:44.284428444,10093,20024,2.0,UPI,Cancelled,4109,20,6574.4
509008,2026-08-20 09:12:26.354635464,10555,20058,2.0,UPI,Cancelled,3049,20,4878.4
509009,2026-08-20 10:04:08.424842484,10241,20030,1.0,UPI,Delivered,6241,5,5928.95
509010,2026-08-20 10:55:50.495049504,10498,20038,3.0,UPI,Returned,9637,0,28911.0
509011,2026-08-20 11:47:32.565256528,10200,20024,1.0,Net Banking,Delivered,4109,0,4109.0
509012,2026-08-20 12:39:14.635463548,10573,20006,1.0,UPI,Delivered,34232,0,34232.0
509013,2026-08-20 13:30:56.705670568,10523,20036,5.0,UPI,Delivered,17380,10,78210.0
509014,2026-08-20 14:22:38.775877588,10185,20035,2.0,Net Banking,Delivered,15331,10,27595.8
509015,2026-08-20 15:14:20.846084608,10293,20094,1.0,Credit Card,Returned,4584,5,4354.8
509016,2026-08-20 16:06:02.916291628,10477,20093,1.0,UPI,Cancelled,2351,0,2351.0
509017,2026-08-20 16:57:44.986498652,10136,20045,4.0,Debit Card,Returned,19570,0,78280.0
509018,2026-08-20 17:49:27.056705672,10015,20030,1.0,Debit Card,Delivered,6241,20,4992.8
509019,2026-08-20 18:41:09.126912692,10174,20044,1.0,Cash on Delivery,Delivered,32508,20,26006.4
509020,2026-08-20 19:32:51.197119712,10355,20064,2.0,Net Banking,Delivered,3045,0,6090.0
509021,2026-08-20 20:24:33.267326732,10082,20041,1.0,Debit Card,Delivered,36528,0,36528.0
509022,2026-08-20 21:16:15.337533756,10201,20079,2.0,UPI,Delivered,3686,20,5897.6
509023,2026-08-20 22:07:57.407740776,10552,20101,1.0,Credit Card,Returned,2343,0,2343.0
509024,2026-08-20 22:59:39.477947796,10046,20042,4.0,UPI,Delivered,51100,10,183960.0
509025,2026-08-20 23:51:21.548154816,10031,20013,2.0,Credit Card,Delivered,24693,5,46916.7
509026,2026-08-21 00:43:03.618361836,10255,20013,1.0,Cash on Delivery,Returned,24693,10,22223.7
509027,2026-08-21 01:34:45.688568856,10008,20091,2.0,UPI,Delivered,412,20,659.2
509028,2026-08-21 02:26:27.758775880,10017,20044,1.0,Net Banking,Delivered,32508,0,32508.0
509029,2026-08-21 03:18:09.828982900,10110,20035,1.0,Credit Card,Delivered,15331,15,13031.35
509030,2026-08-21 04:09:51.899189920,10062,20065,1.0,UPI,Delivered,1731,5,1644.45
509031,2026-08-21 05:01:33.969396940,10487,20100,3.0,Net Banking,Delivered,2214,0,6642.0
509032,2026-08-21 05:53:16.039603960,10074,20045,5.0,Credit Card,Delivered,19570,0,97850.0
509033,2026-08-21 06:44:58.109810980,10315,20033,2.0,Credit Card,Delivered,16169,15,27487.3
509034,2026-08-21 07:36:40.180018004,10424,20090,1.0,Credit Card,Delivered,691,10,621.9
509035,2026-08-21 08:28:22.250225024,10376,20009,1.0,UPI,Delivered,18553,20,14842.4
509036,2026-08-21 09:20:04.320432044,10393,20088,4.0,UPI,Delivered,7259,0,29036.0
509037,2026-08-21 10:11:46.390639064,10215,20055,1.0,Debit Card,Cancelled,1081,10,972.9
509038,2026-08-21 11:03:28.460846084,10534,20003,1.0,Cash on Delivery,Delivered,53620,0,53620.0
509039,2026-08-21 11:55:10.531053108,10042,20024,1.0,Debit Card,Cancelled,4109,0,4109.0
509040,2026-08-21 12:46:52.601260128,10065,20071,3.0,Net Banking,Delivered,4484,10,12106.8
509041,2026-08-21 13:38:34.671467148,10514,20079,1.0,Net Banking,Delivered,3686,5,3501.7
509042,2026-08-21 14:30:16.741674168,10042,20021,5.0,UPI,Cancelled,11517,10,51826.5
509043,2026-08-21 15:21:58.811881188,10116,20069,1.0,Debit Card,Cancelled,3824,15,3250.4
509044,2026-08-21 16:13:40.882088208,10104,20103,1.0,Debit Card,Delivered,2822,15,2398.7
509045,2026-08-21 17:05:22.952295232,10020,20072,3.0,UPI,Delivered,3499,0,10497.0
509046,2026-08-21 17:57:05.022502252,10071,20074,1.0,Credit Card,Cancelled,5850,0,5850.0
509047,2026-08-21 18:48:47.092709272,10344,20021,3.0,Debit Card,Cancelled,11517,5,32823.45
509048,2026-08-21 19:40:29.162916292,10397,20067,1.0,Cash on Delivery,Cancelled,2588,20,2070.4
509049,2026-08-21 20:32:11.233123312,10050,20074,4.0,Cash on Delivery,Delivered,5850,10,21060.0
509050,2026-08-21 21:23:53.303330332,10566,20012,1.0,Credit Card,Delivered,15742,0,15742.0
509051,2026-08-21 22:15:35.373537356,10058,20033,4.0,Net Banking,Delivered,16169,10,58208.4
509052,2026-08-21 23:07:17.443744376,10413,20092,5.0,Credit Card,Delivered,803,0,4015.0
509053,2026-08-21 23:58:59.513951396,10481,20104,2.0,Net Banking,Delivered,778,0,1556.0
509054,2026-08-22 00:50:41.584158416,10313,20019,1.0,Debit Card,Cancelled,1265,10,1138.5
509055,2026-08-22 01:42:23.654365436,10295,20077,1.0,Cash on Delivery,Delivered,4744,0,4744.0
509056,2026-08-22 02:34:05.724572456,10066,20053,3.0,Cash on Delivery,Delivered,2733,15,6969.15
509057,2026-08-22 03:25:47.794779480,10145,20062,1.0,UPI,Cancelled,2317,5,2201.15
509058,2026-08-22 04:17:29.864986500,10511,20054,1.0,Cash on Delivery,Delivered,1287,5,1222.65
509059,2026-08-22 05:09:11.935193520,10210,20091,3.0,Debit Card,Delivered,412,0,1236.0
509060,2026-08-22 06:00:54.005400540,10021,20047,1.0,UPI,Cancelled,20791,0,20791.0
509061,2026-08-22 06:52:36.075607560,10438,20062,1.0,UPI,Delivered,2317,0,2317.0
509062,2026-08-22 07:44:18.145814584,10411,20070,3.0,Debit Card,Returned,4368,10,11793.6
509063,2026-08-22 08:36:00.216021604,10040,20058,1.0,UPI,Delivered,3049,0,3049.0
509064,2026-08-22 09:27:42.286228624,10031,20092,5.0,UPI,Cancelled,803,0,4015.0
509065,2026-08-22 10:19:24.356435644,10070,20025,5.0,Credit Card,Cancelled,5959,0,29795.0
509066,2026-08-22 11:11:06.426642664,10031,20099,1.0,UPI,Cancelled,4248,0,4248.0
509067,2026-08-22 12:02:48.496849684,10370,20071,1.0,Credit Card,Cancelled,4484,5,4259.8
509068,2026-08-22 12:54:30.567056708,10080,20100,5.0,Net Banking,Delivered,2214,0,11070.0
509069,2026-08-22 13:46:12.637263728,10365,20039,1.0,UPI,Cancelled,5898,20,4718.4
509070,2026-08-22 14:37:54.707470748,10106,20050,2.0,Debit Card,Delivered,1390,0,2780.0
509071,2026-08-22 15:29:36.777677768,10584,20005,5.0,UPI,Returned,55986,0,279930.0
509072,2026-08-22 16:21:18.847884788,10436,20097,2.0,Net Banking,Delivered,3648,0,7296.0
509073,2026-08-22 17:13:00.918091808,10225,20085,1.0,Credit Card,Cancelled,11910,0,11910.0
509074,2026-08-22 18:04:42.988298832,10258,20031,1.0,Net Banking,Delivered,16301,20,13040.8
509075,2026-08-22 18:56:25.058505852,10040,20006,2.0,Debit Card,Delivered,34232,0,68464.0
509076,2026-08-22 19:48:07.128712872,10033,20073,2.0,Net Banking,Delivered,5411,0,10822.0
509077,2026-08-22 20:39:49.198919892,10323,20070,1.0,Credit Card,Returned,4368,5,4149.6
509078,2026-08-22 21:31:31.269126912,10014,20055,2.0,Credit Card,Cancelled,1081,10,1945.8
509079,2026-08-22 22:23:13.339333936,10384,20017,2.0,UPI,Delivered,1945,5,3695.5
509080,2026-08-22 23:14:55.409540956,10230,20096,1.0,Credit Card,Returned,3065,0,3065.0
509081,2026-08-23 00:06:37.479747976,10084,20045,5.0,Credit Card,Delivered,19570,20,78280.0
509082,2026-08-23 00:58:19.549954996,10322,20076,5.0,Debit Card,Delivered,6747,0,33735.0
509083,2026-08-23 01:50:01.620162016,10332,20090,3.0,UPI,Returned,691,10,1865.7
509084,2026-08-23 02:41:43.690369036,10448,20058,2.0,Credit Card,Cancelled,3049,15,5183.3
509085,2026-08-23 03:33:25.760576060,10119,20010,2.0,Credit Card,Delivered,24340,0,48680.0
509086,2026-08-23 04:25:07.830783080,10329,20093,1.0,Credit Card,Delivered,2351,5,2233.45
509087,2026-08-23 05:16:49.900990100,10507,20070,1.0,Debit Card,Delivered,4368,0,4368.0
509088,2026-08-23 06:08:31.971197120,10162,20094,1.0,UPI,Delivered,4584,10,4125.6
509089,2026-08-23 07:00:14.041404140,10502,20064,1.0,Credit Card,Delivered,3045,5,2892.75
509090,2026-08-23 07:51:56.111611160,10435,20095,2.0,Credit Card,Delivered,1791,15,3044.7
509091,2026-08-23 08:43:38.181818184,10258,20091,2.0,Debit Card,Returned,412,0,824.0
509092,2026-08-23 09:35:20.252025204,10530,20023,1.0,Net Banking,Delivered,2698,0,2698.0
509093,2026-08-23 10:27:02.322232224,10581,20018,1.0,UPI,Delivered,3166,0,3166.0
509094,2026-08-23 11:18:44.392439244,10143,20017,3.0,UPI,Delivered,1945,10,5251.5
509095,2026-08-23 12:10:26.462646264,10588,20084,1.0,Debit Card,Cancelled,7386,0,7386.0
509096,2026-08-23 13:02:08.532853288,10002,20026,1.0,Debit Card,Delivered,9415,20,7532.0
509097,2026-08-23 13:53:50.603060308,10078,20047,3.0,UPI,Delivered,20791,5,59254.35
509098,2026-08-23 14:45:32.673267328,10026,20082,2.0,Credit Card,Delivered,7271,15,12360.7
509099,2026-08-23 15:37:14.743474348,10221,20045,4.0,UPI,Delivered,19570,5,74366.0
509100,2026-08-23 16:28:56.813681368,10563,20007,3.0,Debit Card,Delivered,22213,0,66639.0
509101,2026-08-23 17:20:38.883888388,10361,20038,5.0,UPI,Delivered,9637,15,40957.25
509102,2026-08-23 18:12:20.954095412,10370,20010,3.0,Debit Card,Delivered,24340,0,73020.0
509103,2026-08-23 19:04:03.024302432,10051,20041,4.0,Debit Card,Cancelled,36528,0,146112.0
509104,2026-08-23 19:55:45.094509452,10310,20077,1.0,Net Banking,Delivered,4744,15,4032.4
509105,2026-08-23 20:47:27.164716472,10230,20055,2.0,Cash on Delivery,Delivered,1081,20,1729.6
509106,2026-08-23 21:39:09.234923492,10288,20071,5.0,Credit Card,Delivered,4484,0,22420.0
509107,2026-08-23 22:30:51.305130512,10157,20012,4.0,Debit Card,Returned,15742,5,59819.6
509108,2026-08-23 23:22:33.375337536,10121,20079,2.0,Debit Card,Returned,3686,5,7003.4
509109,2026-08-24 00:14:15.445544556,10572,20045,5.0,Net Banking,Delivered,19570,15,83172.5
509110,2026-08-24 01:05:57.515751576,10336,20030,1.0,Credit Card,Cancelled,6241,5,5928.95
509111,2026-08-24 01:57:39.585958596,10247,20068,1.0,UPI,Returned,1337,10,1203.3
509112,2026-08-24 02:49:21.656165616,10045,20015,4.0,Cash on Delivery,Delivered,27789,10,100040.4
509113,2026-08-24 03:41:03.726372636,10458,20052,2.0,UPI,Delivered,1561,15,2653.7
509114,2026-08-24 04:32:45.796579660,10284,20044,1.0,Cash on Delivery,Delivered,32508,0,32508.0
509115,2026-08-24 05:24:27.866786680,10233,20018,1.0,UPI,Delivered,3166,10,2849.4
509116,2026-08-24 06:16:09.936993700,10401,20100,1.0,Credit Card,Returned,2214,0,2214.0
509117,2026-08-24 07:07:52.007200720,10080,20038,5.0,Cash on Delivery,Delivered,9637,0,48185.0
509118,2026-08-24 07:59:34.077407740,10320,20005,4.0,Debit Card,Cancelled,55986,15,190352.4
509119,2026-08-24 08:51:16.147614764,10518,20047,5.0,Credit Card,Delivered,20791,0,103955.0
509120,2026-08-24 09:42:58.217821784,10279,20101,1.0,UPI,Returned,2343,15,1991.55
509121,2026-08-24 10:34:40.288028804,10001,20070,4.0,UPI,Delivered,4368,20,13977.6
509122,2026-08-24 11:26:22.358235824,10138,20067,2.0,UPI,Delivered,2588,0,5176.0
509123,2026-08-24 12:18:04.428442844,10034,20094,1.0,Credit Card,Delivered,4584,5,4354.8
509124,2026-08-24 13:09:46.498649864,10301,20009,3.0,Credit Card,Delivered,18553,0,55659.0
509125,2026-08-24 14:01:28.568856888,10219,20058,5.0,UPI,Returned,3049,15,12958.25
509126,2026-08-24 14:53:10.639063908,10080,20034,2.0,Credit Card,Delivered,6711,20,10737.6
509127,2026-08-24 15:44:52.709270928,10413,20071,1.0,Cash on Delivery,Delivered,4484,20,3587.2
509128,2026-08-24 16:36:34.779477948,10106,20089,4.0,Net Banking,Returned,507,20,1622.4
509129,2026-08-24 17:28:16.849684968,10206,20009,1.0,Credit Card,Delivered,18553,0,18553.0
509130,2026-08-24 18:19:58.919891988,10593,20017,1.0,Cash on Delivery,Delivered,1945,0,1945.0
509131,2026-08-24 19:11:40.990099012,10040,20100,2.0,Credit Card,Delivered,2214,20,3542.4
509132,2026-08-24 20:03:23.060306032,10149,20052,4.0,UPI,Delivered,1561,10,5619.6
509133,2026-08-24 20:55:05.130513052,10191,20033,4.0,Credit Card,Delivered,16169,0,64676.0
509134,2026-08-24 21:46:47.200720072,10306,20016,4.0,Net Banking,Cancelled,24382,0,97528.0
509135,2026-08-24 22:38:29.270927092,10147,20037,5.0,UPI,Delivered,4164,0,20820.0
509136,2026-08-24 23:30:11.341134116,10583,20001,1.0,UPI,Delivered,63388,0,63388.0
509137,2026-08-25 00:21:53.411341136,10004,20024,1.0,Cash on Delivery,Returned,4109,10,3698.1
509138,2026-08-25 01:13:35.481548156,10569,20020,3.0,Debit Card,Delivered,1219,0,3657.0
509139,2026-08-25 02:05:17.551755176,10321,20009,2.0,Debit Card,Delivered,18553,15,31540.1
509140,2026-08-25 02:56:59.621962196,10023,20101,3.0,Debit Card,Cancelled,2343,15,5974.65
509141,2026-08-25 03:48:41.692169216,10070,20083,2.0,Debit Card,Delivered,9080,5,17252.0
509142,2026-08-25 04:40:23.762376240,10062,20098,2.0,UPI,Delivered,1112,0,2224.0
509143,2026-08-25 05:32:05.832583260,10173,20026,1.0,Debit Card,Delivered,9415,0,9415.0
509144,2026-08-25 06:23:47.902790280,10200,20030,2.0,UPI,Delivered,6241,0,12482.0
509145,2026-08-25 07:15:29.972997300,10385,20030,4.0,UPI,Delivered,6241,10,22467.6
509146,2026-08-25 08:07:12.043204320,10187,20059,4.0,Cash on Delivery,Delivered,5868,15,19951.2
509147,2026-08-25 08:58:54.113411340,10436,20019,1.0,UPI,Delivered,1265,15,1075.25
509148,2026-08-25 09:50:36.183618364,10177,20025,3.0,UPI,Returned,5959,20,14301.6
509149,2026-08-25 10:42:18.253825384,10159,20102,1.0,UPI,Cancelled,2774,10,2496.6
509150,2026-08-25 11:34:00.324032404,10166,20037,3.0,Net Banking,Delivered,4164,5,11867.4
509151,2026-08-25 12:25:42.394239424,10198,20082,2.0,Cash on Delivery,Delivered,7271,0,14542.0
509152,2026-08-25 13:17:24.464446444,10503,20024,5.0,UPI,Cancelled,4109,0,20545.0
509153,2026-08-25 14:09:06.534653468,10149,20097,3.0,Credit Card,Delivered,3648,0,10944.0
509154,2026-08-25 15:00:48.604860488,10164,20073,1.0,Debit Card,Delivered,5411,20,4328.8
509155,2026-08-25 15:52:30.675067508,10575,20090,4.0,Debit Card,Delivered,691,5,2625.8
509156,2026-08-25 16:44:12.745274528,10393,20054,3.0,UPI,Returned,1287,0,3861.0
509157,2026-08-25 17:35:54.815481548,10115,20095,1.0,UPI,Returned,1791,0,1791.0
509158,2026-08-25 18:27:36.885688568,10521,20038,1.0,Credit Card,Returned,9637,0,9637.0
509159,2026-08-25 19:19:18.955895592,10110,20050,1.0,UPI,Delivered,1390,15,1181.5
509160,2026-08-25 20:11:01.026102612,10098,20007,1.0,Debit Card,Cancelled,22213,0,22213.0
509161,2026-08-25 21:02:43.096309632,10268,20018,5.0,UPI,Delivered,3166,0,15830.0
509162,2026-08-25 21:54:25.166516652,10415,20081,5.0,Net Banking,Returned,14773,0,73865.0
509163,2026-08-25 22:46:07.236723672,10114,20034,2.0,Debit Card,Delivered,6711,5,12750.9
509164,2026-08-25 23:37:49.306930692,10452,20011,1.0,Debit Card,Delivered,32685,20,26148.0
509165,2026-08-26 00:29:31.377137716,10095,20031,1.0,Debit Card,Delivered,16301,20,13040.8
509166,2026-08-26 01:21:13.447344736,10470,20037,5.0,UPI,Returned,4164,0,20820.0
509167,2026-08-26 02:12:55.517551756,10058,20075,1.0,UPI,Delivered,7740,5,7353.0
509168,2026-08-26 03:04:37.587758776,10279,20010,4.0,Credit Card,Delivered,24340,15,82756.0
509169,2026-08-26 03:56:19.657965796,10385,20003,5.0,Debit Card,Delivered,53620,15,227885.0
509170,2026-08-26 04:48:01.728172816,10160,20076,4.0,Net Banking,Returned,6747,5,25638.6
509171,2026-08-26 05:39:43.798379840,10368,20015,3.0,Credit Card,Delivered,27789,0,83367.0
509172,2026-08-26 06:31:25.868586860,10414,20044,5.0,Net Banking,Delivered,32508,15,138159.0
509173,2026-08-26 07:23:07.938793880,10391,20072,1.0,UPI,Delivered,3499,5,3324.05
509174,2026-08-26 08:14:50.009000900,10239,20054,5.0,UPI,Delivered,1287,0,6435.0
509175,2026-08-26 09:06:32.079207920,10464,20013,1.0,UPI,Cancelled,24693,10,22223.7
509176,2026-08-26 09:58:14.149414944,10439,20076,1.0,Cash on Delivery,Delivered,6747,20,5397.6
509177,2026-08-26 10:49:56.219621964,10196,20006,1.0,Credit Card,Delivered,34232,20,27385.6
509178,2026-08-26 11:41:38.289828984,10441,20025,2.0,Credit Card,Cancelled,5959,20,9534.4
509179,2026-08-26 12:33:20.360036004,10552,20012,1.0,Debit Card,Delivered,15742,10,14167.8
509180,2026-08-26 13:25:02.430243024,10491,20054,3.0,UPI,Delivered,1287,15,3281.85
509181,2026-08-26 14:16:44.500450044,10440,20072,1.0,UPI,Delivered,3499,0,3499.0
509182,2026-08-26 15:08:26.570657068,10460,20068,3.0,UPI,Delivered,1337,0,4011.0
509183,2026-08-26 16:00:08.640864088,10483,20015,1.0,UPI,Delivered,27789,0,27789.0
509184,2026-08-26 16:51:50.711071108,10174,20036,2.0,Credit Card,Delivered,17380,0,34760.0
509185,2026-08-26 17:43:32.781278128,10433,20016,1.0,UPI,Delivered,24382,15,20724.7
509186,2026-08-26 18:35:14.851485148,10120,20036,5.0,Net Banking,Returned,17380,5,82555.0
509187,2026-08-26 19:26:56.921692168,10216,20024,2.0,Net Banking,Delivered,4109,5,7807.1
509188,2026-08-26 20:18:38.991899192,10561,20078,2.0,Cash on Delivery,Delivered,7034,0,14068.0
509189,2026-08-26 21:10:21.062106212,10170,20079,2.0,UPI,Delivered,3686,0,7372.0
509190,2026-08-26 22:02:03.132313232,10507,20086,2.0,Credit Card,Cancelled,13579,0,27158.0
509191,2026-08-26 22:53:45.202520252,10254,20021,2.0,UPI,Delivered,11517,5,21882.3
509192,2026-08-26 23:45:27.272727272,10126,20002,1.0,UPI,Returned,66297,10,59667.3
509193,2026-08-27 00:37:09.342934296,10059,20004,4.0,Debit Card,Delivered,68919,0,275676.0
509194,2026-08-27 01:28:51.413141316,10329,20088,3.0,Credit Card,Delivered,7259,10,19599.3
509195,2026-08-27 02:20:33.483348336,10271,20095,1.0,Debit Card,Delivered,1791,0,1791.0
509196,2026-08-27 03:12:15.553555356,10307,20023,1.0,Net Banking,Delivered,2698,15,2293.3
509197,2026-08-27 04:03:57.623762376,10026,20092,5.0,UPI,Delivered,803,20,3212.0
509198,2026-08-27 04:55:39.693969396,10161,20056,1.0,Cash on Delivery,Delivered,1999,10,1799.1
509199,2026-08-27 05:47:21.764176420,10003,20020,5.0,UPI,Delivered,1219,5,5790.25
509200,2026-08-27 06:39:03.834383440,10182,20033,4.0,Cash on Delivery,Delivered,16169,15,54974.6
509201,2026-08-27 07:30:45.904590460,10559,20028,5.0,Debit Card,Delivered,8241,0,41205.0
509202,2026-08-27 08:22:27.974797480,10092,20080,3.0,UPI,Delivered,8370,20,20088.0
509203,2026-08-27 09:14:10.045004500,10414,20020,1.0,Credit Card,Delivered,1219,20,975.2
509204,2026-08-27 10:05:52.115211520,10004,20020,1.0,UPI,Delivered,1219,10,1097.1
509205,2026-08-27 10:57:34.185418544,10338,20075,1.0,Net Banking,Delivered,7740,20,6192.0
509206,2026-08-27 11:49:16.255625564,10553,20032,2.0,UPI,Delivered,14051,0,28102.0
509207,2026-08-27 12:40:58.325832584,10205,20027,2.0,Net Banking,Returned,7598,20,12156.8
509208,2026-08-27 13:32:40.396039604,10119,20085,5.0,UPI,Delivered,11910,0,59550.0
509209,2026-08-27 14:24:22.466246624,10343,20097,1.0,Cash on Delivery,Delivered,3648,15,3100.8
509210,2026-08-27 15:16:04.536453648,10168,20058,3.0,UPI,Delivered,3049,0,9147.0
509211,2026-08-27 16:07:46.606660668,10535,20087,1.0,Debit Card,Delivered,9356,20,7484.8
509212,2026-08-27 16:59:28.676867688,10510,20088,2.0,Net Banking,Returned,7259,5,13792.1
509213,2026-08-27 17:51:10.747074708,10392,20062,1.0,UPI,Cancelled,2317,0,2317.0
509214,2026-08-27 18:42:52.817281728,10384,20087,1.0,UPI,Delivered,9356,0,9356.0
509215,2026-08-27 19:34:34.887488748,10362,20001,2.0,Credit Card,Delivered,63388,20,101420.8
509216,2026-08-27 20:26:16.957695772,10442,20004,3.0,Debit Card,Cancelled,68919,15,175743.45
509217,2026-08-27 21:17:59.027902792,10277,20092,4.0,Net Banking,Delivered,803,0,3212.0
509218,2026-08-27 22:09:41.098109812,10582,20015,2.0,UPI,Cancelled,27789,0,55578.0
509219,2026-08-27 23:01:23.168316832,10208,20076,1.0,Net Banking,Returned,6747,0,6747.0
509220,2026-08-27 23:53:05.238523852,10006,20044,5.0,Cash on Delivery,Delivered,32508,0,162540.0
509221,2026-08-28 00:44:47.308730872,10420,20082,5.0,Debit Card,Delivered,7271,0,36355.0
509222,2026-08-28 01:36:29.378937896,10398,20070,5.0,UPI,Delivered,4368,0,21840.0
509223,2026-08-28 02:28:11.449144916,10589,20008,4.0,UPI,Delivered,36276,0,145104.0
509224,2026-08-28 03:19:53.519351936,10238,20036,4.0,Cash on Delivery,Cancelled,17380,0,69520.0
509225,2026-08-28 04:11:35.589558956,10255,20074,1.0,Debit Card,Delivered,5850,15,4972.5
509226,2026-08-28 05:03:17.659765976,10338,20096,2.0,Debit Card,Returned,3065,20,4904.0
509227,2026-08-28 05:54:59.729973000,10236,20084,2.0,Cash on Delivery,Delivered,7386,20,11817.6
509228,2026-08-28 06:46:41.800180020,10471,20093,1.0,UPI,Delivered,2351,15,1998.35
509229,2026-08-28 07:38:23.870387040,10257,20100,1.0,Debit Card,Delivered,2214,0,2214.0
509230,2026-08-28 08:30:05.940594060,10471,20093,1.0,Debit Card,Returned,2351,0,2351.0
509231,2026-08-28 09:21:48.010801080,10256,20061,5.0,Net Banking,Cancelled,7110,15,30217.5
509232,2026-08-28 10:13:30.081008100,10136,20035,5.0,Debit Card,Returned,15331,0,76655.0
509233,2026-08-28 11:05:12.151215124,10595,20053,3.0,Credit Card,Delivered,2733,15,6969.15
509234,2026-08-28 11:56:54.221422144,10316,20083,1.0,UPI,Delivered,9080,0,9080.0
509235,2026-08-28 12:48:36.291629164,10425,20045,3.0,Cash on Delivery,Delivered,19570,0,58710.0
509236,2026-08-28 13:40:18.361836184,10355,20087,1.0,Debit Card,Delivered,9356,15,7952.6
509237,2026-08-28 14:32:00.432043204,10216,20073,3.0,UPI,Returned,5411,15,13798.05
509238,2026-08-28 15:23:42.502250224,10584,20022,1.0,Cash on Delivery,Returned,9827,0,9827.0
509239,2026-08-28 16:15:24.572457248,10223,20096,1.0,UPI,Returned,3065,0,3065.0
509240,2026-08-28 17:07:06.642664268,10596,20089,1.0,UPI,Delivered,507,20,405.6
509241,2026-08-28 17:58:48.712871288,10259,20063,5.0,Cash on Delivery,Delivered,7613,0,38065.0
509242,2026-08-28 18:50:30.783078308,10014,20021,2.0,Debit Card,Delivered,11517,20,18427.2
509243,2026-08-28 19:42:12.853285328,10023,20024,5.0,Net Banking,Delivered,4109,5,19517.75
509244,2026-08-28 20:33:54.923492348,10585,20088,1.0,Cash on Delivery,Cancelled,7259,20,5807.2
509245,2026-08-28 21:25:36.993699372,10317,20002,3.0,Credit Card,Cancelled,66297,20,159112.8
509246,2026-08-28 22:17:19.063906392,10233,20051,2.0,UPI,Cancelled,1170,10,2106.0
509247,2026-08-28 23:09:01.134113412,10487,20065,2.0,Net Banking,Cancelled,1731,0,3462.0
509248,2026-08-29 00:00:43.204320432,10371,20025,4.0,Credit Card,Returned,5959,20,19068.8
509249,2026-08-29 00:52:25.274527452,10397,20090,1.0,Credit Card,Returned,691,0,691.0
509250,2026-08-29 01:44:07.344734476,10412,20055,5.0,Credit Card,Delivered,1081,0,5405.0
509251,2026-08-29 02:35:49.414941496,10120,20007,1.0,UPI,Cancelled,22213,10,19991.7
509252,2026-08-29 03:27:31.485148516,10053,20034,1.0,UPI,Delivered,6711,0,6711.0
509253,2026-08-29 04:19:13.555355536,10437,20042,1.0,Debit Card,Cancelled,51100,15,43435.0
509254,2026-08-29 05:10:55.625562556,10014,20024,2.0,Net Banking,Delivered,4109,0,8218.0
509255,2026-08-29 06:02:37.695769576,10432,20098,2.0,Credit Card,Delivered,1112,20,1779.2
509256,2026-08-29 06:54:19.765976600,10078,20038,3.0,UPI,Delivered,9637,0,28911.0
509257,2026-08-29 07:46:01.836183620,10158,20053,4.0,Credit Card,Delivered,2733,5,10385.4
509258,2026-08-29 08:37:43.906390640,10425,20056,4.0,Debit Card,Returned,1999,20,6396.8
509259,2026-08-29 09:29:25.976597660,10374,20023,5.0,UPI,Delivered,2698,15,11466.5
509260,2026-08-29 10:21:08.046804680,10469,20060,2.0,Credit Card,Delivered,4824,15,8200.8
509261,2026-08-29 11:12:50.117011700,10367,20037,1.0,Debit Card,Cancelled,4164,10,3747.6
509262,2026-08-29 12:04:32.187218724,10029,20002,1.0,Credit Card,Returned,66297,5,62982.15
509263,2026-08-29 12:56:14.257425744,10504,20043,1.0,Debit Card,Delivered,21634,0,21634.0
509264,2026-08-29 13:47:56.327632764,10130,20061,2.0,Cash on Delivery,Cancelled,7110,0,14220.0
509265,2026-08-29 14:39:38.397839784,10082,20013,1.0,UPI,Delivered,24693,10,22223.7
509266,2026-08-29 15:31:20.468046804,10528,20082,5.0,UPI,Returned,7271,0,36355.0
509267,2026-08-29 16:23:02.538253828,10117,20069,5.0,UPI,Delivered,3824,0,19120.0
509268,2026-08-29 17:14:44.608460848,10322,20033,1.0,Debit Card,Returned,16169,10,14552.1
509269,2026-08-29 18:06:26.678667868,10292,20062,4.0,Cash on Delivery,Returned,2317,10,8341.2
509270,2026-08-29 18:58:08.748874888,10462,20032,2.0,Debit Card,Returned,14051,5,26696.9
509271,2026-08-29 19:49:50.819081908,10027,20068,2.0,Cash on Delivery,Delivered,1337,0,2674.0
509272,2026-08-29 20:41:32.889288928,10065,20017,3.0,Debit Card,Delivered,1945,0,5835.0
509273,2026-08-29 21:33:14.959495952,10250,20064,2.0,UPI,Cancelled,3045,0,6090.0
509274,2026-08-29 22:24:57.029702972,10284,20006,1.0,UPI,Returned,34232,0,34232.0
509275,2026-08-29 23:16:39.099909992,10473,20002,2.0,Debit Card,Delivered,66297,20,106075.2
509276,2026-08-30 00:08:21.170117012,10364,20027,1.0,Debit Card,Cancelled,7598,0,7598.0
509277,2026-08-30 01:00:03.240324032,10090,20019,1.0,Credit Card,Delivered,1265,20,1012.0
509278,2026-08-30 01:51:45.310531052,10588,20052,5.0,Credit Card,Returned,1561,5,7414.75
509279,2026-08-30 02:43:27.380738076,10276,20018,1.0,Credit Card,Delivered,3166,5,3007.7
509280,2026-08-30 03:35:09.450945096,10579,20026,2.0,UPI,Delivered,9415,0,18830.0
509281,2026-08-30 04:26:51.521152116,10594,20011,1.0,Debit Card,Delivered,32685,15,27782.25
509282,2026-08-30 05:18:33.591359136,10032,20093,2.0,Debit Card,Returned,2351,15,3996.7
509283,2026-08-30 06:10:15.661566156,10304,20077,1.0,Net Banking,Cancelled,4744,20,3795.2
509284,2026-08-30 07:01:57.731773180,10254,20023,2.0,UPI,Returned,2698,15,4586.6
509285,2026-08-30 07:53:39.801980200,10299,20013,2.0,Net Banking,Delivered,24693,0,49386.0
509286,2026-08-30 08:45:21.872187220,10186,20089,2.0,UPI,Delivered,507,20,811.2
509287,2026-08-30 09:37:03.942394240,10336,20070,1.0,UPI,Returned,4368,10,3931.2
509288,2026-08-30 10:28:46.012601260,10296,20093,2.0,Net Banking,Delivered,2351,5,4466.9
509289,2026-08-30 11:20:28.082808280,10112,20019,3.0,Cash on Delivery,Cancelled,1265,0,3795.0
509290,2026-08-30 12:12:10.153015304,10174,20038,3.0,Cash on Delivery,Delivered,9637,5,27465.45
509291,2026-08-30 13:03:52.223222324,10089,20013,2.0,UPI,Delivered,24693,15,41978.1
509292,2026-08-30 13:55:34.293429344,10507,20045,1.0,UPI,Delivered,19570,10,17613.0
509293,2026-08-30 14:47:16.363636364,10407,20017,2.0,Debit Card,Delivered,1945,0,3890.0
509294,2026-08-30 15:38:58.433843384,10233,20001,2.0,Net Banking,Returned,63388,15,107759.6
509295,2026-08-30 16:30:40.504050404,10238,20053,5.0,Credit Card,Delivered,2733,15,11615.25
509296,2026-08-30 17:22:22.574257428,10048,20102,2.0,UPI,Cancelled,2774,10,4993.2
509297,2026-08-30 18:14:04.644464448,10174,20068,1.0,Credit Card,Delivered,1337,0,1337.0
509298,2026-08-30 19:05:46.714671468,10555,20079,3.0,UPI,Delivered,3686,0,11058.0
509299,2026-08-30 19:57:28.784878488,10019,20085,3.0,UPI,Delivered,11910,5,33943.5
509300,2026-08-30 20:49:10.855085508,10088,20102,2.0,Debit Card,Delivered,2774,20,4438.4
509301,2026-08-30 21:40:52.925292528,10508,20014,1.0,UPI,Delivered,13717,15,11659.45
509302,2026-08-30 22:32:34.995499552,10313,20027,3.0,Debit Card,Delivered,7598,0,22794.0
509303,2026-08-30 23:24:17.065706572,10020,20065,3.0,Debit Card,Returned,1731,0,5193.0
509304,2026-08-31 00:15:59.135913592,10294,20086,5.0,Credit Card,Cancelled,13579,0,67895.0
509305,2026-08-31 01:07:41.206120612,10450,20081,2.0,UPI,Delivered,14773,20,23636.8
509306,2026-08-31 01:59:23.276327632,10208,20076,2.0,Cash on Delivery,Returned,6747,20,10795.2
509307,2026-08-31 02:51:05.346534656,10230,20033,1.0,Credit Card,Cancelled,16169,0,16169.0
509308,2026-08-31 03:42:47.416741676,10379,20038,2.0,Cash on Delivery,Cancelled,9637,20,15419.2
509309,2026-08-31 04:34:29.486948696,10360,20009,1.0,Credit Card,Delivered,18553,5,17625.35
509310,2026-08-31 05:26:11.557155716,10542,20033,2.0,Credit Card,Delivered,16169,0,32338.0
509311,2026-08-31 06:17:53.627362736,10149,20017,3.0,Cash on Delivery,Delivered,1945,15,4959.75
509312,2026-08-31 07:09:35.697569756,10166,20098,4.0,UPI,Delivered,1112,0,4448.0
509313,2026-08-31 08:01:17.767776780,10094,20010,3.0,UPI,Returned,24340,0,73020.0
509314,2026-08-31 08:52:59.837983800,10399,20038,4.0,Cash on Delivery,Returned,9637,0,38548.0
509315,2026-08-31 09:44:41.908190820,10321,20093,3.0,Credit Card,Delivered,2351,10,6347.7
509316,2026-08-31 10:36:23.978397840,10209,20100,4.0,UPI,Cancelled,2214,15,7527.6
509317,2026-08-31 11:28:06.048604860,10418,20040,2.0,Cash on Delivery,Cancelled,9982,5,18965.8
509318,2026-08-31 12:19:48.118811880,10227,20049,2.0,UPI,Returned,578,5,1098.2
509319,2026-08-31 13:11:30.189018904,10118,20055,3.0,Debit Card,Returned,1081,10,2918.7
509320,2026-08-31 14:03:12.259225924,10324,20086,2.0,Net Banking,Cancelled,13579,0,27158.0
509321,2026-08-31 14:54:54.329432944,10262,20080,2.0,Net Banking,Returned,8370,10,15066.0
509322,2026-08-31 15:46:36.399639964,10244,20055,4.0,Credit Card,Delivered,1081,15,3675.4
509323,2026-08-31 16:38:18.469846984,10267,20039,1.0,UPI,Delivered,5898,0,5898.0
509324,2026-08-31 17:30:00.540054008,10549,20039,1.0,Net Banking,Delivered,5898,10,5308.2
509325,2026-08-31 18:21:42.610261028,10130,20068,2.0,Net Banking,Returned,1337,0,2674.0
509326,2026-08-31 19:13:24.680468048,10166,20087,3.0,UPI,Delivered,9356,20,22454.4
509327,2026-08-31 20:05:06.750675068,10340,20008,2.0,UPI,Delivered,36276,0,72552.0
509328,2026-08-31 20:56:48.820882088,10029,20080,1.0,Credit Card,Delivered,8370,0,8370.0
509329,2026-08-31 21:48:30.891089108,10088,20051,4.0,UPI,Delivered,1170,20,3744.0
509330,2026-08-31 22:40:12.961296132,10340,20016,2.0,Net Banking,Cancelled,24382,5,46325.8
509331,2026-08-31 23:31:55.031503152,10306,20011,2.0,Cash on Delivery,Delivered,32685,0,65370.0
509332,2026-09-01 00:23:37.101710172,10392,20036,5.0,UPI,Delivered,17380,15,73865.0
509333,2026-09-01 01:15:19.171917192,10069,20026,2.0,Cash on Delivery,Delivered,9415,0,18830.0
509334,2026-09-01 02:07:01.242124212,10513,20011,1.0,Net Banking,Delivered,32685,0,32685.0
509335,2026-09-01 02:58:43.312331232,10292,20031,5.0,Debit Card,Delivered,16301,0,81505.0
509336,2026-09-01 03:50:25.382538256,10094,20087,2.0,Cash on Delivery,Delivered,9356,5,17776.4
509337,2026-09-01 04:42:07.452745276,10187,20075,5.0,UPI,Delivered,7740,15,32895.0
509338,2026-09-01 05:33:49.522952296,10137,20022,2.0,Cash on Delivery,Delivered,9827,20,15723.2
509339,2026-09-01 06:25:31.593159316,10272,20071,1.0,UPI,Delivered,4484,5,4259.8
509340,2026-09-01 07:17:13.663366336,10282,20047,2.0,Credit Card,Cancelled,20791,0,41582.0
509341,2026-09-01 08:08:55.733573360,10261,20078,5.0,Credit Card,Returned,7034,0,35170.0
509342,2026-09-01 09:00:37.803780380,10277,20026,5.0,UPI,Delivered,9415,0,47075.0
509343,2026-09-01 09:52:19.873987400,10545,20007,1.0,Debit Card,Returned,22213,20,17770.4
509344,2026-09-01 10:44:01.944194420,10576,20033,5.0,Credit Card,Delivered,16169,10,72760.5
509345,2026-09-01 11:35:44.014401440,10294,20104,4.0,Credit Card,Returned,778,20,2489.6
509346,2026-09-01 12:27:26.084608460,10578,20058,3.0,Credit Card,Delivered,3049,15,7774.95
509347,2026-09-01 13:19:08.154815484,10492,20006,1.0,UPI,Delivered,34232,20,27385.6
509348,2026-09-01 14:10:50.225022504,10492,20102,2.0,UPI,Delivered,2774,0,5548.0
509349,2026-09-01 15:02:32.295229524,10136,20086,2.0,UPI,Returned,13579,5,25800.1
509350,2026-09-01 15:54:14.365436544,10264,20057,1.0,Cash on Delivery,Cancelled,4302,0,4302.0
509351,2026-09-01 16:45:56.435643564,10212,20077,5.0,Debit Card,Delivered,4744,0,23720.0
509352,2026-09-01 17:37:38.505850584,10058,20020,2.0,Credit Card,Cancelled,1219,0,2438.0
509353,2026-09-01 18:29:20.576057608,10046,20062,1.0,Debit Card,Delivered,2317,0,2317.0
509354,2026-09-01 19:21:02.646264628,10374,20095,1.0,Debit Card,Returned,1791,0,1791.0
509355,2026-09-01 20:12:44.716471648,10253,20046,4.0,UPI,Delivered,18692,0,74768.0
509356,2026-09-01 21:04:26.786678668,10496,20005,2.0,UPI,Cancelled,55986,0,111972.0
509357,2026-09-01 21:56:08.856885688,10402,20079,2.0,Credit Card,Delivered,3686,10,6634.8
509358,2026-09-01 22:47:50.927092712,10052,20076,1.0,UPI,Delivered,6747,0,6747.0
509359,2026-09-01 23:39:32.997299732,10503,20077,1.0,Net Banking,Delivered,4744,0,4744.0
509360,2026-09-02 00:31:15.067506752,10298,20068,5.0,UPI,Delivered,1337,0,6685.0
509361,2026-09-02 01:22:57.137713772,10340,20015,5.0,Credit Card,Delivered,27789,5,131997.75
509362,2026-09-02 02:14:39.207920792,10580,20012,1.0,Credit Card,Delivered,15742,0,15742.0
509363,2026-09-02 03:06:21.278127812,10385,20083,2.0,Debit Card,Returned,9080,10,16344.0
509364,2026-09-02 03:58:03.348334836,10014,20089,3.0,Cash on Delivery,Delivered,507,20,1216.8
509365,2026-09-02 04:49:45.418541856,10107,20009,5.0,Credit Card,Delivered,18553,15,78850.25
509366,2026-09-02 05:41:27.488748876,10256,20061,2.0,UPI,Cancelled,7110,0,14220.0
509367,2026-09-02 06:33:09.558955896,10023,20053,4.0,Debit Card,Delivered,2733,0,10932.0
509368,2026-09-02 07:24:51.629162916,10101,20037,1.0,UPI,Cancelled,4164,20,3331.2
509369,2026-09-02 08:16:33.699369936,10476,20068,1.0,UPI,Delivered,1337,20,1069.6
509370,2026-09-02 09:08:15.769576960,10086,20096,2.0,Debit Card,Cancelled,3065,0,6130.0
509371,2026-09-02 09:59:57.839783980,10101,20086,1.0,UPI,Delivered,13579,5,12900.05
509372,2026-09-02 10:51:39.909991000,10303,20016,4.0,UPI,Cancelled,24382,0,97528.0
509373,2026-09-02 11:43:21.980198020,10055,20049,1.0,Credit Card,Returned,578,10,520.2
509374,2026-09-02 12:35:04.050405040,10154,20098,2.0,Credit Card,Delivered,1112,0,2224.0
509375,2026-09-02 13:26:46.120612060,10563,20025,2.0,Cash on Delivery,Delivered,5959,20,9534.4
509376,2026-09-02 14:18:28.190819084,10379,20089,5.0,UPI,Delivered,507,0,2535.0
509377,2026-09-02 15:10:10.261026104,10579,20052,1.0,Credit Card,Delivered,1561,0,1561.0
509378,2026-09-02 16:01:52.331233124,10213,20055,2.0,Debit Card,Delivered,1081,0,2162.0
509379,2026-09-02 16:53:34.401440144,10370,20027,2.0,Net Banking,Delivered,7598,20,12156.8
509380,2026-09-02 17:45:16.471647164,10144,20096,1.0,UPI,Delivered,3065,0,3065.0
509381,2026-09-02 18:36:58.541854188,10228,20055,4.0,Debit Card,Delivered,1081,15,3675.4
509382,2026-09-02 19:28:40.612061208,10105,20060,5.0,Debit Card,Delivered,4824,15,20502.0
509383,2026-09-02 20:20:22.682268228,10500,20049,1.0,UPI,Delivered,578,20,462.4
509384,2026-09-02 21:12:04.752475248,10111,20010,4.0,UPI,Delivered,24340,0,97360.0
509385,2026-09-02 22:03:46.822682268,10123,20082,3.0,Debit Card,Delivered,7271,0,21813.0
509386,2026-09-02 22:55:28.892889288,10279,20035,3.0,UPI,Delivered,15331,15,39094.05
509387,2026-09-02 23:47:10.963096312,10258,20025,2.0,UPI,Delivered,5959,0,11918.0
509388,2026-09-03 00:38:53.033303332,10189,20082,1.0,Credit Card,Returned,7271,0,7271.0
509389,2026-09-03 01:30:35.103510352,10215,20021,1.0,UPI,Delivered,11517,0,11517.0
509390,2026-09-03 02:22:17.173717372,10178,20072,1.0,UPI,Delivered,3499,0,3499.0
509391,2026-09-03 03:13:59.243924392,10548,20050,1.0,Credit Card,Cancelled,1390,15,1181.5
509392,2026-09-03 04:05:41.314131412,10349,20084,2.0,Net Banking,Delivered,7386,0,14772.0
509393,2026-09-03 04:57:23.384338436,10552,20006,1.0,Debit Card,Delivered,34232,0,34232.0
509394,2026-09-03 05:49:05.454545456,10593,20081,3.0,UPI,Delivered,14773,10,39887.1
509395,2026-09-03 06:40:47.524752476,10391,20024,2.0,UPI,Delivered,4109,0,8218.0
509396,2026-09-03 07:32:29.594959496,10496,20091,1.0,Cash on Delivery,Delivered,412,0,412.0
509397,2026-09-03 08:24:11.665166516,10067,20037,1.0,Debit Card,Cancelled,4164,20,3331.2
509398,2026-09-03 09:15:53.735373540,10570,20001,2.0,Debit Card,Returned,63388,10,114098.4
509399,2026-09-03 10:07:35.805580560,10290,20051,4.0,UPI,Delivered,1170,5,4446.0
509400,2026-09-03 10:59:17.875787580,10429,20006,2.0,UPI,Delivered,34232,20,54771.2
509401,2026-09-03 11:50:59.945994600,10148,20029,4.0,UPI,Delivered,11176,0,44704.0
509402,2026-09-03 12:42:42.016201620,10058,20075,1.0,Net Banking,Delivered,7740,10,6966.0
509403,2026-09-03 13:34:24.086408640,10531,20059,1.0,Cash on Delivery,Delivered,5868,15,4987.8
509404,2026-09-03 14:26:06.156615664,10270,20074,3.0,UPI,Delivered,5850,0,17550.0
509405,2026-09-03 15:17:48.226822684,10084,20092,5.0,Debit Card,Delivered,803,0,4015.0
509406,2026-09-03 16:09:30.297029704,10396,20049,5.0,Net Banking,Delivered,578,0,2890.0
509407,2026-09-03 17:01:12.367236724,10033,20057,5.0,Net Banking,Delivered,4302,5,20434.5
509408,2026-09-03 17:52:54.437443744,10271,20007,1.0,Credit Card,Delivered,22213,10,19991.7
509409,2026-09-03 18:44:36.507650764,10423,20030,1.0,UPI,Delivered,6241,0,6241.0
509410,2026-09-03 19:36:18.577857788,10433,20076,2.0,Cash on Delivery,Delivered,6747,0,13494.0
509411,2026-09-03 20:28:00.648064808,10272,20007,5.0,UPI,Delivered,22213,5,105511.75
509412,2026-09-03 21:19:42.718271828,10222,20038,5.0,UPI,Delivered,9637,0,48185.0
509413,2026-09-03 22:11:24.788478848,10504,20015,1.0,UPI,Cancelled,27789,0,27789.0
509414,2026-09-03 23:03:06.858685868,10111,20090,2.0,Credit Card,Returned,691,10,1243.8
509415,2026-09-03 23:54:48.928892892,10045,20059,3.0,UPI,Delivered,5868,15,14963.4
509416,2026-09-04 00:46:30.999099912,10095,20068,5.0,Credit Card,Delivered,1337,0,6685.0
509417,2026-09-04 01:38:13.069306932,10481,20072,1.0,Cash on Delivery,Returned,3499,0,3499.0
509418,2026-09-04 02:29:55.139513952,10282,20024,5.0,Credit Card,Delivered,4109,0,20545.0
509419,2026-09-04 03:21:37.209720972,10023,20006,4.0,Cash on Delivery,Delivered,34232,0,136928.0
509420,2026-09-04 04:13:19.279927992,10102,20042,1.0,Cash on Delivery,Delivered,51100,5,48545.0
509421,2026-09-04 05:05:01.350135016,10017,20020,4.0,Net Banking,Delivered,1219,20,3900.8
509422,2026-09-04 05:56:43.420342036,10489,20034,3.0,Debit Card,Delivered,6711,0,20133.0
509423,2026-09-04 06:48:25.490549056,10277,20034,5.0,Cash on Delivery,Delivered,6711,15,28521.75
509424,2026-09-04 07:40:07.560756076,10041,20082,1.0,Credit Card,Delivered,7271,5,6907.45
509425,2026-09-04 08:31:49.630963096,10133,20034,5.0,UPI,Delivered,6711,5,31877.25
509426,2026-09-04 09:23:31.701170116,10370,20016,1.0,Cash on Delivery,Delivered,24382,0,24382.0
509427,2026-09-04 10:15:13.771377140,10357,20100,1.0,Credit Card,Returned,2214,20,1771.2
509428,2026-09-04 11:06:55.841584160,10492,20006,2.0,Cash on Delivery,Delivered,34232,0,68464.0
509429,2026-09-04 11:58:37.911791180,10016,20022,3.0,Credit Card,Delivered,9827,0,29481.0
509430,2026-09-04 12:50:19.981998200,10042,20037,1.0,UPI,Delivered,4164,0,4164.0
509431,2026-09-04 13:42:02.052205220,10022,20007,1.0,Debit Card,Delivered,22213,10,19991.7
509432,2026-09-04 14:33:44.122412240,10237,20094,2.0,Debit Card,Returned,4584,0,9168.0
509433,2026-09-04 15:25:26.192619264,10437,20037,1.0,Credit Card,Delivered,4164,20,3331.2
509434,2026-09-04 16:17:08.262826284,10398,20082,1.0,Net Banking,Cancelled,7271,0,7271.0
509435,2026-09-04 17:08:50.333033304,10127,20014,1.0,Credit Card,Delivered,13717,5,13031.15
509436,2026-09-04 18:00:32.403240324,10395,20055,5.0,UPI,Delivered,1081,5,5134.75
509437,2026-09-04 18:52:14.473447344,10394,20014,5.0,Debit Card,Cancelled,13717,0,68585.0
509438,2026-09-04 19:43:56.543654368,10115,20025,3.0,UPI,Delivered,5959,0,17877.0
509439,2026-09-04 20:35:38.613861388,10450,20043,3.0,Credit Card,Cancelled,21634,15,55166.7
509440,2026-09-04 21:27:20.684068408,10254,20090,1.0,UPI,Returned,691,0,691.0
509441,2026-09-04 22:19:02.754275428,10036,20032,1.0,UPI,Delivered,14051,0,14051.0
509442,2026-09-04 23:10:44.824482448,10235,20079,2.0,Cash on Delivery,Delivered,3686,5,7003.4
509443,2026-09-05 00:02:26.894689468,10462,20010,5.0,UPI,Cancelled,24340,0,121700.0
509444,2026-09-05 00:54:08.964896492,10418,20027,2.0,Debit Card,Delivered,7598,10,13676.4
509445,2026-09-05 01:45:51.035103512,10162,20063,4.0,Debit Card,Cancelled,7613,15,25884.2
509446,2026-09-05 02:37:33.105310532,10455,20049,1.0,UPI,Delivered,578,0,578.0
509447,2026-09-05 03:29:15.175517552,10234,20053,1.0,Cash on Delivery,Delivered,2733,0,2733.0
509448,2026-09-05 04:20:57.245724572,10277,20071,4.0,UPI,Delivered,4484,0,17936.0
509449,2026-09-05 05:12:39.315931592,10052,20009,2.0,Credit Card,Delivered,18553,0,37106.0
509450,2026-09-05 06:04:21.386138616,10599,20073,3.0,Net Banking,Returned,5411,5,15421.35
509451,2026-09-05 06:56:03.456345636,10504,20090,3.0,Debit Card,Returned,691,0,2073.0
509452,2026-09-05 07:47:45.526552656,10117,20080,3.0,UPI,Delivered,8370,15,21343.5
509453,2026-09-05 08:39:27.596759676,10337,20030,3.0,Net Banking,Cancelled,6241,0,18723.0
509454,2026-09-05 09:31:09.666966696,10469,20037,4.0,Cash on Delivery,Cancelled,4164,10,14990.4
509455,2026-09-05 10:22:51.737173720,10303,20100,2.0,Credit Card,Delivered,2214,5,4206.6
509456,2026-09-05 11:14:33.807380740,10127,20083,1.0,Debit Card,Cancelled,9080,0,9080.0
509457,2026-09-05 12:06:15.877587760,10582,20097,2.0,UPI,Delivered,3648,15,6201.6
509458,2026-09-05 12:57:57.947794780,10162,20096,1.0,UPI,Delivered,3065,5,2911.75
509459,2026-09-05 13:49:40.018001800,10201,20046,1.0,Credit Card,Cancelled,18692,5,17757.4
509460,2026-09-05 14:41:22.088208820,10223,20014,1.0,UPI,Delivered,13717,5,13031.15
509461,2026-09-05 15:33:04.158415844,10535,20024,2.0,Debit Card,Returned,4109,10,7396.2
509462,2026-09-05 16:24:46.228622864,10301,20031,2.0,UPI,Delivered,16301,0,32602.0
509463,2026-09-05 17:16:28.298829884,10432,20087,1.0,UPI,Delivered,9356,0,9356.0
509464,2026-09-05 18:08:10.369036904,10541,20029,3.0,Credit Card,Cancelled,11176,0,33528.0
509465,2026-09-05 18:59:52.439243924,10558,20038,1.0,UPI,Returned,9637,0,9637.0
509466,2026-09-05 19:51:34.509450944,10514,20089,3.0,Credit Card,Cancelled,507,20,1216.8
509467,2026-09-05 20:43:16.579657968,10545,20018,1.0,Credit Card,Delivered,3166,20,2532.8
509468,2026-09-05 21:34:58.649864988,10569,20070,5.0,UPI,Cancelled,4368,0,21840.0
509469,2026-09-05 22:26:40.720072008,10595,20058,3.0,UPI,Delivered,3049,0,9147.0
509470,2026-09-05 23:18:22.790279028,10386,20103,2.0,UPI,Delivered,2822,5,5361.8
509471,2026-09-06 00:10:04.860486048,10080,20051,2.0,Credit Card,Cancelled,1170,0,2340.0
509472,2026-09-06 01:01:46.930693072,10068,20055,4.0,UPI,Delivered,1081,0,4324.0
509473,2026-09-06 01:53:29.000900092,10478,20089,2.0,Debit Card,Delivered,507,20,811.2
509474,2026-09-06 02:45:11.071107112,10190,20104,4.0,Debit Card,Delivered,778,10,2800.8
509475,2026-09-06 03:36:53.141314132,10483,20076,1.0,UPI,Delivered,6747,0,6747.0
509476,2026-09-06 04:28:35.211521152,10561,20073,4.0,UPI,Delivered,5411,0,21644.0
509477,2026-09-06 05:20:17.281728172,10387,20092,5.0,UPI,Cancelled,803,5,3814.25
509478,2026-09-06 06:11:59.351935196,10459,20102,1.0,UPI,Delivered,2774,0,2774.0
509479,2026-09-06 07:03:41.422142216,10168,20077,1.0,UPI,Delivered,4744,0,4744.0
509480,2026-09-06 07:55:23.492349236,10261,20031,5.0,Cash on Delivery,Delivered,16301,20,65204.0
509481,2026-09-06 08:47:05.562556256,10580,20067,2.0,UPI,Delivered,2588,10,4658.4
509482,2026-09-06 09:38:47.632763276,10491,20025,3.0,UPI,Returned,5959,0,17877.0
509483,2026-09-06 10:30:29.702970296,10123,20053,1.0,Net Banking,Delivered,2733,0,2733.0
509484,2026-09-06 11:22:11.773177320,10562,20047,2.0,Cash on Delivery,Delivered,20791,15,35344.7
509485,2026-09-06 12:13:53.843384340,10300,20103,3.0,Credit Card,Delivered,2822,10,7619.4
509486,2026-09-06 13:05:35.913591360,10507,20058,5.0,Credit Card,Delivered,3049,15,12958.25
509487,2026-09-06 13:57:17.983798380,10313,20100,2.0,UPI,Delivered,2214,15,3763.8
509488,2026-09-06 14:49:00.054005400,10363,20085,1.0,Net Banking,Delivered,11910,0,11910.0
509489,2026-09-06 15:40:42.124212420,10098,20089,2.0,Credit Card,Delivered,507,10,912.6
509490,2026-09-06 16:32:24.194419444,10204,20018,3.0,Credit Card,Delivered,3166,0,9498.0
509491,2026-09-06 17:24:06.264626464,10434,20081,5.0,UPI,Returned,14773,0,73865.0
509492,2026-09-06 18:15:48.334833484,10506,20027,4.0,Credit Card,Cancelled,7598,0,30392.0
509493,2026-09-06 19:07:30.405040504,10054,20061,4.0,Debit Card,Delivered,7110,0,28440.0
509494,2026-09-06 19:59:12.475247524,10047,20051,1.0,UPI,Delivered,1170,20,936.0
509495,2026-09-06 20:50:54.545454548,10416,20028,2.0,Credit Card,Cancelled,8241,15,14009.7
509496,2026-09-06 21:42:36.615661568,10269,20103,2.0,UPI,Returned,2822,0,5644.0
509497,2026-09-06 22:34:18.685868588,10510,20092,2.0,Debit Card,Delivered,803,20,1284.8
509498,2026-09-06 23:26:00.756075608,10041,20060,5.0,UPI,Delivered,4824,15,20502.0
509499,2026-09-07 00:17:42.826282628,10210,20002,5.0,Cash on Delivery,Delivered,66297,0,331485.0
509500,2026-09-07 01:09:24.896489648,10022,20020,1.0,Credit Card,Delivered,1219,0,1219.0
509501,2026-09-07 02:01:06.966696672,10426,20024,5.0,Credit Card,Returned,4109,0,20545.0
509502,2026-09-07 02:52:49.036903692,10515,20102,4.0,UPI,Delivered,2774,15,9431.6
509503,2026-09-07 03:44:31.107110712,10095,20042,3.0,Credit Card,Delivered,51100,10,137970.0
509504,2026-09-07 04:36:13.177317732,10195,20005,2.0,UPI,Delivered,55986,0,111972.0
509505,2026-09-07 05:27:55.247524752,10508,20061,4.0,UPI,Cancelled,7110,15,24174.0
509506,2026-09-07 06:19:37.317731772,10025,20099,2.0,UPI,Cancelled,4248,0,8496.0
509507,2026-09-07 07:11:19.387938796,10572,20059,5.0,UPI,Delivered,5868,20,23472.0
509508,2026-09-07 08:03:01.458145816,10533,20047,3.0,Net Banking,Delivered,20791,15,53017.05
509509,2026-09-07 08:54:43.528352836,10092,20019,5.0,UPI,Delivered,1265,10,5692.5
509510,2026-09-07 09:46:25.598559856,10084,20092,2.0,Net Banking,Cancelled,803,0,1606.0
509511,2026-09-07 10:38:07.668766876,10416,20011,1.0,Net Banking,Delivered,32685,0,32685.0
509512,2026-09-07 11:29:49.738973900,10007,20098,2.0,Debit Card,Returned,1112,20,1779.2
509513,2026-09-07 12:21:31.809180920,10304,20024,5.0,UPI,Delivered,4109,15,17463.25
509514,2026-09-07 13:13:13.879387940,10040,20015,3.0,Credit Card,Cancelled,27789,0,83367.0
509515,2026-09-07 14:04:55.949594960,10319,20037,3.0,Net Banking,Cancelled,4164,20,9993.6
509516,2026-09-07 14:56:38.019801980,10211,20001,3.0,UPI,Cancelled,63388,0,190164.0
509517,2026-09-07 15:48:20.090009000,10424,20002,2.0,UPI,Delivered,66297,0,132594.0
509518,2026-09-07 16:40:02.160216024,10529,20020,1.0,UPI,Delivered,1219,0,1219.0
509519,2026-09-07 17:31:44.230423044,10294,20073,2.0,Credit Card,Delivered,5411,5,10280.9
509520,2026-09-07 18:23:26.300630064,10386,20085,1.0,UPI,Delivered,11910,15,10123.5
509521,2026-09-07 19:15:08.370837084,10361,20026,1.0,UPI,Delivered,9415,0,9415.0
509522,2026-09-07 20:06:50.441044104,10591,20068,3.0,Debit Card,Delivered,1337,20,3208.8
509523,2026-09-07 20:58:32.511251124,10139,20037,4.0,Credit Card,Delivered,4164,0,16656.0
509524,2026-09-07 21:50:14.581458148,10144,20046,1.0,UPI,Delivered,18692,20,14953.6
509525,2026-09-07 22:41:56.651665168,10228,20035,3.0,Cash on Delivery,Cancelled,15331,20,36794.4
509526,2026-09-07 23:33:38.721872188,10443,20093,1.0,UPI,Cancelled,2351,5,2233.45
509527,2026-09-08 00:25:20.792079208,10520,20054,1.0,UPI,Delivered,1287,0,1287.0
509528,2026-09-08 01:17:02.862286228,10167,20053,5.0,UPI,Delivered,2733,10,12298.5
509529,2026-09-08 02:08:44.932493252,10066,20090,2.0,UPI,Returned,691,15,1174.7
509530,2026-09-08 03:00:27.002700272,10366,20069,1.0,Credit Card,Delivered,3824,20,3059.2
509531,2026-09-08 03:52:09.072907292,10359,20016,1.0,UPI,Delivered,24382,0,24382.0
509532,2026-09-08 04:43:51.143114312,10225,20020,1.0,Net Banking,Cancelled,1219,15,1036.15
509533,2026-09-08 05:35:33.213321332,10111,20036,2.0,Net Banking,Returned,17380,0,34760.0
509534,2026-09-08 06:27:15.283528352,10510,20011,1.0,UPI,Delivered,32685,15,27782.25
509535,2026-09-08 07:18:57.353735376,10508,20072,2.0,Debit Card,Cancelled,3499,10,6298.2
509536,2026-09-08 08:10:39.423942396,10449,20052,2.0,Credit Card,Delivered,1561,20,2497.6
509537,2026-09-08 09:02:21.494149416,10348,20005,3.0,Net Banking,Returned,55986,0,167958.0
509538,2026-09-08 09:54:03.564356436,10157,20042,1.0,UPI,Delivered,51100,5,48545.0
509539,2026-09-08 10:45:45.634563456,10242,20087,1.0,Debit Card,Cancelled,9356,10,8420.4
509540,2026-09-08 11:37:27.704770476,10042,20095,1.0,UPI,Delivered,1791,0,1791.0
509541,2026-09-08 12:29:09.774977500,10150,20101,1.0,UPI,Delivered,2343,0,2343.0
509542,2026-09-08 13:20:51.845184520,10271,20096,1.0,Net Banking,Cancelled,3065,0,3065.0
509543,2026-09-08 14:12:33.915391540,10263,20064,1.0,UPI,Delivered,3045,15,2588.25
509544,2026-09-08 15:04:15.985598560,10049,20097,4.0,Credit Card,Returned,3648,0,14592.0
509545,2026-09-08 15:55:58.055805580,10575,20100,2.0,UPI,Cancelled,2214,20,3542.4
509546,2026-09-08 16:47:40.126012604,10161,20067,1.0,Net Banking,Delivered,2588,0,2588.0
509547,2026-09-08 17:39:22.196219624,10306,20043,5.0,Credit Card,Returned,21634,0,108170.0
509548,2026-09-08 18:31:04.266426644,10280,20101,4.0,UPI,Delivered,2343,20,7497.6
509549,2026-09-08 19:22:46.336633664,10282,20044,4.0,Debit Card,Delivered,32508,0,130032.0
509550,2026-09-08 20:14:28.406840684,10508,20018,5.0,UPI,Delivered,3166,0,15830.0
509551,2026-09-08 21:06:10.477047704,10448,20012,3.0,UPI,Cancelled,15742,15,40142.1
509552,2026-09-08 21:57:52.547254728,10521,20060,5.0,Debit Card,Delivered,4824,0,24120.0
509553,2026-09-08 22:49:34.617461748,10228,20004,1.0,Cash on Delivery,Delivered,68919,0,68919.0
509554,2026-09-08 23:41:16.687668768,10160,20013,4.0,Debit Card,Delivered,24693,0,98772.0
509555,2026-09-09 00:32:58.757875788,10257,20026,1.0,UPI,Delivered,9415,0,9415.0
509556,2026-09-09 01:24:40.828082808,10337,20056,1.0,UPI,Delivered,1999,0,1999.0
509557,2026-09-09 02:16:22.898289828,10203,20050,5.0,Net Banking,Delivered,1390,20,5560.0
509558,2026-09-09 03:08:04.968496852,10277,20054,1.0,UPI,Delivered,1287,5,1222.65
509559,2026-09-09 03:59:47.038703872,10091,20053,2.0,Debit Card,Delivered,2733,0,5466.0
509560,2026-09-09 04:51:29.108910892,10351,20104,1.0,Credit Card,Delivered,778,15,661.3
509561,2026-09-09 05:43:11.179117912,10429,20023,1.0,Cash on Delivery,Cancelled,2698,10,2428.2
509562,2026-09-09 06:34:53.249324932,10317,20050,1.0,UPI,Cancelled,1390,0,1390.0
509563,2026-09-09 07:26:35.319531952,10524,20064,2.0,Cash on Delivery,Delivered,3045,0,6090.0
509564,2026-09-09 08:18:17.389738976,10598,20029,3.0,Credit Card,Delivered,11176,0,33528.0
509565,2026-09-09 09:09:59.459945996,10544,20019,3.0,Debit Card,Delivered,1265,10,3415.5
509566,2026-09-09 10:01:41.530153016,10056,20005,1.0,UPI,Cancelled,55986,15,47588.1
509567,2026-09-09 10:53:23.600360036,10529,20034,1.0,Credit Card,Delivered,6711,10,6039.9
509568,2026-09-09 11:45:05.670567056,10201,20027,1.0,UPI,Delivered,7598,5,7218.1
509569,2026-09-09 12:36:47.740774080,10272,20021,1.0,UPI,Delivered,11517,5,10941.15
509570,2026-09-09 13:28:29.810981100,10248,20029,2.0,Credit Card,Delivered,11176,20,17881.6
509571,2026-09-09 14:20:11.881188120,10171,20073,2.0,UPI,Delivered,5411,5,10280.9
509572,2026-09-09 15:11:53.951395140,10527,20087,1.0,Cash on Delivery,Delivered,9356,10,8420.4
509573,2026-09-09 16:03:36.021602160,10383,20054,1.0,Net Banking,Delivered,1287,0,1287.0
509574,2026-09-09 16:55:18.091809180,10581,20007,1.0,Debit Card,Cancelled,22213,5,21102.35
509575,2026-09-09 17:47:00.162016204,10573,20077,2.0,Credit Card,Delivered,4744,0,9488.0
509576,2026-09-09 18:38:42.232223224,10252,20016,1.0,UPI,Delivered,24382,5,23162.9
509577,2026-09-09 19:30:24.302430244,10437,20006,4.0,UPI,Cancelled,34232,15,116388.8
509578,2026-09-09 20:22:06.372637264,10302,20060,2.0,UPI,Cancelled,4824,10,8683.2
509579,2026-09-09 21:13:48.442844284,10297,20045,5.0,Credit Card,Returned,19570,20,78280.0
509580,2026-09-09 22:05:30.513051304,10444,20033,1.0,Net Banking,Returned,16169,0,16169.0
509581,2026-09-09 22:57:12.583258328,10414,20101,1.0,UPI,Delivered,2343,15,1991.55
509582,2026-09-09 23:48:54.653465348,10548,20010,1.0,UPI,Delivered,24340,15,20689.0
509583,2026-09-10 00:40:36.723672368,10464,20006,1.0,UPI,Cancelled,34232,10,30808.8
509584,2026-09-10 01:32:18.793879388,10374,20062,5.0,Credit Card,Delivered,2317,15,9847.25
509585,2026-09-10 02:24:00.864086408,10552,20044,2.0,UPI,Delivered,32508,5,61765.2
509586,2026-09-10 03:15:42.934293432,10062,20084,3.0,Credit Card,Delivered,7386,0,22158.0
509587,2026-09-10 04:07:25.004500452,10458,20005,1.0,UPI,Delivered,55986,10,50387.4
509588,2026-09-10 04:59:07.074707472,10236,20044,1.0,UPI,Returned,32508,0,32508.0
509589,2026-09-10 05:50:49.144914492,10260,20016,5.0,Debit Card,Cancelled,24382,10,109719.0
509590,2026-09-10 06:42:31.215121512,10470,20005,3.0,Cash on Delivery,Delivered,55986,20,134366.4
509591,2026-09-10 07:34:13.285328532,10165,20049,3.0,UPI,Returned,578,0,1734.0
509592,2026-09-10 08:25:55.355535556,10531,20077,2.0,UPI,Delivered,4744,10,8539.2
509593,2026-09-10 09:17:37.425742576,10300,20017,2.0,UPI,Delivered,1945,0,3890.0
509594,2026-09-10 10:09:19.495949596,10210,20088,2.0,Net Banking,Delivered,7259,0,14518.0
509595,2026-09-10 11:01:01.566156616,10197,20054,4.0,Credit Card,Delivered,1287,0,5148.0
509596,2026-09-10 11:52:43.636363636,10253,20050,1.0,Credit Card,Delivered,1390,15,1181.5
509597,2026-09-10 12:44:25.706570656,10566,20096,1.0,Credit Card,Delivered,3065,0,3065.0
509598,2026-09-10 13:36:07.776777680,10062,20035,1.0,Cash on Delivery,Cancelled,15331,0,15331.0
509599,2026-09-10 14:27:49.846984700,10305,20021,2.0,UPI,Delivered,11517,15,19578.9
509600,2026-09-10 15:19:31.917191720,10502,20082,5.0,UPI,Delivered,7271,0,36355.0
509601,2026-09-10 16:11:13.987398740,10284,20012,5.0,Credit Card,Delivered,15742,0,78710.0
509602,2026-09-10 17:02:56.057605760,10340,20091,2.0,Credit Card,Delivered,412,0,824.0
509603,2026-09-10 17:54:38.127812784,10209,20086,1.0,UPI,Delivered,13579,15,11542.15
509604,2026-09-10 18:46:20.198019804,10082,20102,5.0,Cash on Delivery,Delivered,2774,20,11096.0
509605,2026-09-10 19:38:02.268226824,10384,20048,1.0,Debit Card,Cancelled,23385,20,18708.0
509606,2026-09-10 20:29:44.338433844,10552,20065,1.0,Cash on Delivery,Delivered,1731,0,1731.0
509607,2026-09-10 21:21:26.408640864,10313,20092,5.0,Cash on Delivery,Delivered,803,20,3212.0
509608,2026-09-10 22:13:08.478847884,10260,20014,1.0,Credit Card,Delivered,13717,10,12345.3
509609,2026-09-10 23:04:50.549054908,10078,20032,2.0,Net Banking,Cancelled,14051,15,23886.7
509610,2026-09-10 23:56:32.619261928,10567,20050,5.0,Debit Card,Cancelled,1390,0,6950.0
509611,2026-09-11 00:48:14.689468948,10522,20066,1.0,UPI,Returned,1710,15,1453.5
509612,2026-09-11 01:39:56.759675968,10542,20071,2.0,Debit Card,Delivered,4484,0,8968.0
509613,2026-09-11 02:31:38.829882988,10216,20097,1.0,Cash on Delivery,Returned,3648,0,3648.0
509614,2026-09-11 03:23:20.900090008,10376,20051,5.0,Debit Card,Delivered,1170,20,4680.0
509615,2026-09-11 04:15:02.970297032,10260,20018,2.0,Debit Card,Delivered,3166,15,5382.2
509616,2026-09-11 05:06:45.040504052,10141,20020,3.0,UPI,Delivered,1219,5,3474.15
509617,2026-09-11 05:58:27.110711072,10124,20084,2.0,Net Banking,Delivered,7386,10,13294.8
509618,2026-09-11 06:50:09.180918092,10231,20048,2.0,Credit Card,Delivered,23385,0,46770.0
509619,2026-09-11 07:41:51.251125112,10333,20066,2.0,Debit Card,Delivered,1710,20,2736.0
509620,2026-09-11 08:33:33.321332132,10074,20059,1.0,Debit Card,Delivered,5868,0,5868.0
509621,2026-09-11 09:25:15.391539156,10422,20085,1.0,Credit Card,Delivered,11910,10,10719.0
509622,2026-09-11 10:16:57.461746176,10275,20023,2.0,UPI,Delivered,2698,0,5396.0
509623,2026-09-11 11:08:39.531953196,10529,20018,1.0,Debit Card,Delivered,3166,5,3007.7
509624,2026-09-11 12:00:21.602160216,10168,20077,1.0,UPI,Returned,4744,5,4506.8
509625,2026-09-11 12:52:03.672367236,10031,20046,3.0,UPI,Delivered,18692,15,47664.6
509626,2026-09-11 13:43:45.742574260,10188,20085,4.0,UPI,Delivered,11910,20,38112.0
509627,2026-09-11 14:35:27.812781280,10584,20014,5.0,Debit Card,Delivered,13717,15,58297.25
509628,2026-09-11 15:27:09.882988300,10194,20029,5.0,UPI,Delivered,11176,20,44704.0
509629,2026-09-11 16:18:51.953195320,10423,20100,3.0,UPI,Delivered,2214,0,6642.0
509630,2026-09-11 17:10:34.023402340,10506,20088,2.0,Cash on Delivery,Returned,7259,5,13792.1
509631,2026-09-11 18:02:16.093609360,10171,20007,3.0,Credit Card,Delivered,22213,10,59975.1
509632,2026-09-11 18:53:58.163816384,10386,20085,1.0,Cash on Delivery,Delivered,11910,0,11910.0
509633,2026-09-11 19:45:40.234023404,10123,20007,4.0,Credit Card,Returned,22213,10,79966.8
509634,2026-09-11 20:37:22.304230424,10218,20013,2.0,UPI,Delivered,24693,0,49386.0
509635,2026-09-11 21:29:04.374437444,10178,20094,1.0,Debit Card,Returned,4584,10,4125.6
509636,2026-09-11 22:20:46.444644464,10404,20014,2.0,UPI,Delivered,13717,0,27434.0
509637,2026-09-11 23:12:28.514851484,10526,20032,1.0,Cash on Delivery,Delivered,14051,20,11240.8
509638,2026-09-12 00:04:10.585058508,10152,20015,1.0,UPI,Delivered,27789,0,27789.0
509639,2026-09-12 00:55:52.655265528,10175,20063,1.0,Net Banking,Delivered,7613,10,6851.7
509640,2026-09-12 01:47:34.725472548,10493,20006,1.0,Credit Card,Delivered,34232,10,30808.8
509641,2026-09-12 02:39:16.795679568,10278,20030,1.0,Net Banking,Delivered,6241,20,4992.8
509642,2026-09-12 03:30:58.865886588,10308,20034,1.0,UPI,Delivered,6711,0,6711.0
509643,2026-09-12 04:22:40.936093612,10424,20068,5.0,Debit Card,Delivered,1337,0,6685.0
509644,2026-09-12 05:14:23.006300632,10083,20052,1.0,UPI,Returned,1561,10,1404.9
509645,2026-09-12 06:06:05.076507652,10524,20021,1.0,Net Banking,Returned,11517,0,11517.0
509646,2026-09-12 06:57:47.146714672,10220,20049,5.0,UPI,Delivered,578,5,2745.5
509647,2026-09-12 07:49:29.216921692,10396,20048,4.0,Credit Card,Delivered,23385,0,93540.0
509648,2026-09-12 08:41:11.287128712,10260,20037,1.0,Debit Card,Delivered,4164,20,3331.2
509649,2026-09-12 09:32:53.357335736,10452,20056,1.0,Credit Card,Cancelled,1999,5,1899.05
509650,2026-09-12 10:24:35.427542756,10367,20034,1.0,Debit Card,Returned,6711,15,5704.35
509651,2026-09-12 11:16:17.497749776,10104,20035,2.0,Debit Card,Delivered,15331,15,26062.7
509652,2026-09-12 12:07:59.567956796,10113,20082,2.0,UPI,Delivered,7271,0,14542.0
509653,2026-09-12 12:59:41.638163816,10527,20027,1.0,Debit Card,Cancelled,7598,10,6838.2
509654,2026-09-12 13:51:23.708370836,10312,20035,1.0,Credit Card,Delivered,15331,10,13797.9
509655,2026-09-12 14:43:05.778577860,10166,20015,1.0,Credit Card,Cancelled,27789,5,26399.55
509656,2026-09-12 15:34:47.848784880,10086,20073,2.0,UPI,Cancelled,5411,0,10822.0
509657,2026-09-12 16:26:29.918991900,10078,20074,1.0,Credit Card,Cancelled,5850,5,5557.5
509658,2026-09-12 17:18:11.989198920,10552,20071,1.0,Net Banking,Cancelled,4484,0,4484.0
509659,2026-09-12 18:09:54.059405940,10586,20018,3.0,Cash on Delivery,Delivered,3166,20,7598.4
509660,2026-09-12 19:01:36.129612964,10237,20047,2.0,Cash on Delivery,Delivered,20791,0,41582.0
509661,2026-09-12 19:53:18.199819984,10121,20031,2.0,Debit Card,Delivered,16301,0,32602.0
509662,2026-09-12 20:45:00.270027004,10252,20080,5.0,UPI,Delivered,8370,0,41850.0
509663,2026-09-12 21:36:42.340234024,10082,20036,4.0,Credit Card,Delivered,17380,0,69520.0
509664,2026-09-12 22:28:24.410441044,10330,20044,1.0,UPI,Delivered,32508,0,32508.0
509665,2026-09-12 23:20:06.480648064,10376,20048,5.0,Debit Card,Cancelled,23385,10,105232.5
509666,2026-09-13 00:11:48.550855088,10592,20080,1.0,UPI,Delivered,8370,0,8370.0
509667,2026-09-13 01:03:30.621062108,10192,20074,2.0,Cash on Delivery,Delivered,5850,10,10530.0
509668,2026-09-13 01:55:12.691269128,10119,20086,5.0,UPI,Delivered,13579,0,67895.0
509669,2026-09-13 02:46:54.761476148,10081,20045,5.0,UPI,Delivered,19570,0,97850.0
509670,2026-09-13 03:38:36.831683168,10227,20086,1.0,Net Banking,Delivered,13579,5,12900.05
509671,2026-09-13 04:30:18.901890188,10361,20091,1.0,UPI,Cancelled,412,0,412.0
509672,2026-09-13 05:22:00.972097212,10040,20055,1.0,UPI,Returned,1081,5,1026.95
509673,2026-09-13 06:13:43.042304232,10456,20071,1.0,Credit Card,Delivered,4484,5,4259.8
509674,2026-09-13 07:05:25.112511252,10277,20095,1.0,Cash on Delivery,Delivered,1791,15,1522.35
509675,2026-09-13 07:57:07.182718272,10476,20088,2.0,UPI,Delivered,7259,0,14518.0
509676,2026-09-13 08:48:49.252925292,10279,20029,1.0,Credit Card,Delivered,11176,0,11176.0
509677,2026-09-13 09:40:31.323132312,10094,20075,2.0,UPI,Delivered,7740,0,15480.0
509678,2026-09-13 10:32:13.393339336,10013,20047,4.0,Credit Card,Delivered,20791,20,66531.2
509679,2026-09-13 11:23:55.463546356,10335,20016,2.0,UPI,Cancelled,24382,0,48764.0
509680,2026-09-13 12:15:37.533753376,10324,20039,1.0,Credit Card,Delivered,5898,0,5898.0
509681,2026-09-13 13:07:19.603960396,10489,20102,2.0,Credit Card,Delivered,2774,0,5548.0
509682,2026-09-13 13:59:01.674167416,10527,20100,2.0,Cash on Delivery,Delivered,2214,0,4428.0
509683,2026-09-13 14:50:43.744374440,10097,20082,5.0,Debit Card,Returned,7271,5,34537.25
509684,2026-09-13 15:42:25.814581460,10189,20103,5.0,Debit Card,Cancelled,2822,20,11288.0
509685,2026-09-13 16:34:07.884788480,10125,20060,1.0,Credit Card,Delivered,4824,15,4100.4
509686,2026-09-13 17:25:49.954995500,10065,20079,5.0,UPI,Delivered,3686,15,15665.5
509687,2026-09-13 18:17:32.025202520,10002,20018,4.0,UPI,Delivered,3166,0,12664.0
509688,2026-09-13 19:09:14.095409540,10050,20032,1.0,Credit Card,Delivered,14051,10,12645.9
509689,2026-09-13 20:00:56.165616564,10315,20018,2.0,UPI,Delivered,3166,5,6015.4
509690,2026-09-13 20:52:38.235823584,10092,20098,1.0,UPI,Delivered,1112,0,1112.0
509691,2026-09-13 21:44:20.306030604,10117,20064,2.0,UPI,Returned,3045,5,5785.5
509692,2026-09-13 22:36:02.376237624,10071,20097,1.0,UPI,Delivered,3648,10,3283.2
509693,2026-09-13 23:27:44.446444644,10435,20044,1.0,UPI,Delivered,32508,0,32508.0
509694,2026-09-14 00:19:26.516651664,10382,20042,2.0,Credit Card,Delivered,51100,20,81760.0
509695,2026-09-14 01:11:08.586858688,10578,20071,1.0,Net Banking,Delivered,4484,15,3811.4
509696,2026-09-14 02:02:50.657065708,10067,20060,1.0,UPI,Delivered,4824,20,3859.2
509697,2026-09-14 02:54:32.727272728,10126,20039,2.0,Net Banking,Delivered,5898,0,11796.0
509698,2026-09-14 03:46:14.797479748,10274,20034,2.0,UPI,Delivered,6711,0,13422.0
509699,2026-09-14 04:37:56.867686768,10390,20054,4.0,Cash on Delivery,Cancelled,1287,20,4118.4
509700,2026-09-14 05:29:38.937893792,10079,20008,1.0,Credit Card,Delivered,36276,20,29020.8
509701,2026-09-14 06:21:21.008100812,10128,20020,2.0,Credit Card,Delivered,1219,10,2194.2
509702,2026-09-14 07:13:03.078307832,10253,20005,1.0,Debit Card,Cancelled,55986,0,55986.0
509703,2026-09-14 08:04:45.148514852,10011,20017,1.0,Credit Card,Delivered,1945,0,1945.0
509704,2026-09-14 08:56:27.218721872,10238,20021,1.0,Credit Card,Delivered,11517,15,9789.45
509705,2026-09-14 09:48:09.288928892,10456,20008,4.0,UPI,Delivered,36276,20,116083.2
509706,2026-09-14 10:39:51.359135916,10316,20006,5.0,Cash on Delivery,Delivered,34232,10,154044.0
509707,2026-09-14 11:31:33.429342936,10261,20086,3.0,Net Banking,Delivered,13579,0,40737.0
509708,2026-09-14 12:23:15.499549956,10293,20019,2.0,Credit Card,Returned,1265,15,2150.5
509709,2026-09-14 13:14:57.569756976,10569,20058,5.0,Net Banking,Delivered,3049,0,15245.0
509710,2026-09-14 14:06:39.639963996,10313,20011,2.0,UPI,Delivered,32685,0,65370.0
509711,2026-09-14 14:58:21.710171016,10321,20099,2.0,Credit Card,Delivered,4248,0,8496.0
509712,2026-09-14 15:50:03.780378040,10559,20025,3.0,Credit Card,Returned,5959,5,16983.15
509713,2026-09-14 16:41:45.850585060,10095,20078,3.0,UPI,Delivered,7034,10,18991.8
509714,2026-09-14 17:33:27.920792080,10058,20067,2.0,Cash on Delivery,Cancelled,2588,10,4658.4
509715,2026-09-14 18:25:09.990999100,10270,20080,2.0,Net Banking,Returned,8370,15,14229.0
509716,2026-09-14 19:16:52.061206120,10192,20066,1.0,Cash on Delivery,Delivered,1710,0,1710.0
509717,2026-09-14 20:08:34.131413144,10122,20053,3.0,Debit Card,Delivered,2733,10,7379.1
509718,2026-09-14 21:00:16.201620164,10072,20081,3.0,UPI,Returned,14773,0,44319.0
509719,2026-09-14 21:51:58.271827184,10527,20085,2.0,Debit Card,Delivered,11910,20,19056.0
509720,2026-09-14 22:43:40.342034204,10369,20040,3.0,UPI,Delivered,9982,5,28448.7
509721,2026-09-14 23:35:22.412241224,10415,20098,1.0,Net Banking,Delivered,1112,20,889.6
509722,2026-09-15 00:27:04.482448244,10071,20103,2.0,UPI,Returned,2822,20,4515.2
509723,2026-09-15 01:18:46.552655268,10205,20076,5.0,Net Banking,Delivered,6747,0,33735.0
509724,2026-09-15 02:10:28.622862288,10373,20097,3.0,Debit Card,Delivered,3648,0,10944.0
509725,2026-09-15 03:02:10.693069308,10317,20011,3.0,UPI,Returned,32685,20,78444.0
509726,2026-09-15 03:53:52.763276328,10417,20057,4.0,UPI,Delivered,4302,5,16347.6
509727,2026-09-15 04:45:34.833483348,10402,20068,2.0,Credit Card,Cancelled,1337,0,2674.0
509728,2026-09-15 05:37:16.903690368,10249,20097,3.0,UPI,Returned,3648,10,9849.6
509729,2026-09-15 06:28:58.973897392,10470,20013,2.0,Net Banking,Delivered,24693,20,39508.8
509730,2026-09-15 07:20:41.044104412,10156,20084,4.0,UPI,Delivered,7386,10,26589.6
509731,2026-09-15 08:12:23.114311432,10049,20009,3.0,Credit Card,Cancelled,18553,0,55659.0
509732,2026-09-15 09:04:05.184518452,10549,20038,2.0,UPI,Delivered,9637,0,19274.0
509733,2026-09-15 09:55:47.254725472,10014,20073,1.0,UPI,Delivered,5411,0,5411.0
509734,2026-09-15 10:47:29.324932496,10171,20031,4.0,UPI,Delivered,16301,5,61943.8
509735,2026-09-15 11:39:11.395139516,10069,20087,1.0,Net Banking,Returned,9356,0,9356.0
509736,2026-09-15 12:30:53.465346536,10140,20097,1.0,Debit Card,Delivered,3648,0,3648.0
509737,2026-09-15 13:22:35.535553556,10237,20017,1.0,Cash on Delivery,Delivered,1945,0,1945.0
509738,2026-09-15 14:14:17.605760576,10078,20027,1.0,Credit Card,Returned,7598,0,7598.0
509739,2026-09-15 15:05:59.675967596,10281,20008,1.0,UPI,Returned,36276,15,30834.6
509740,2026-09-15 15:57:41.746174620,10557,20074,1.0,UPI,Returned,5850,15,4972.5
509741,2026-09-15 16:49:23.816381640,10082,20093,1.0,Credit Card,Cancelled,2351,0,2351.0
509742,2026-09-15 17:41:05.886588660,10556,20063,1.0,UPI,Delivered,7613,0,7613.0
509743,2026-09-15 18:32:47.956795680,10247,20014,4.0,UPI,Delivered,13717,5,52124.6
509744,2026-09-15 19:24:30.027002700,10356,20019,4.0,Debit Card,Returned,1265,10,4554.0
509745,2026-09-15 20:16:12.097209720,10265,20004,1.0,UPI,Delivered,68919,20,55135.2
509746,2026-09-15 21:07:54.167416744,10190,20051,2.0,Credit Card,Delivered,1170,10,2106.0
509747,2026-09-15 21:59:36.237623764,10066,20075,4.0,Credit Card,Returned,7740,10,27864.0
509748,2026-09-15 22:51:18.307830784,10357,20016,3.0,Debit Card,Delivered,24382,15,62174.1
509749,2026-09-15 23:43:00.378037804,10550,20089,5.0,Credit Card,Delivered,507,10,2281.5
509750,2026-09-16 00:34:42.448244824,10313,20027,2.0,Debit Card,Delivered,7598,20,12156.8
509751,2026-09-16 01:26:24.518451844,10360,20054,1.0,UPI,Delivered,1287,20,1029.6
509752,2026-09-16 02:18:06.588658868,10387,20070,1.0,UPI,Delivered,4368,5,4149.6
509753,2026-09-16 03:09:48.658865888,10234,20057,3.0,UPI,Delivered,4302,0,12906.0
509754,2026-09-16 04:01:30.729072908,10073,20050,1.0,UPI,Delivered,1390,20,1112.0
509755,2026-09-16 04:53:12.799279928,10305,20036,2.0,Credit Card,Delivered,17380,0,34760.0
509756,2026-09-16 05:44:54.869486948,10522,20045,1.0,Debit Card,Delivered,19570,0,19570.0
509757,2026-09-16 06:36:36.939693972,10189,20025,5.0,Net Banking,Delivered,5959,0,29795.0
509758,2026-09-16 07:28:19.009900992,10523,20031,5.0,UPI,Returned,16301,15,69279.25
509759,2026-09-16 08:20:01.080108012,10513,20079,2.0,UPI,Cancelled,3686,0,7372.0
509760,2026-09-16 09:11:43.150315032,10147,20092,2.0,UPI,Delivered,803,20,1284.8
509761,2026-09-16 10:03:25.220522052,10346,20089,2.0,Cash on Delivery,Returned,507,0,1014.0
509762,2026-09-16 10:55:07.290729072,10449,20035,4.0,UPI,Cancelled,15331,0,61324.0
509763,2026-09-16 11:46:49.360936096,10297,20034,1.0,Credit Card,Delivered,6711,10,6039.9
509764,2026-09-16 12:38:31.431143116,10420,20007,3.0,UPI,Cancelled,22213,0,66639.0
509765,2026-09-16 13:30:13.501350136,10547,20029,5.0,Net Banking,Returned,11176,0,55880.0
509766,2026-09-16 14:21:55.571557156,10377,20061,1.0,Credit Card,Delivered,7110,0,7110.0
509767,2026-09-16 15:13:37.641764176,10503,20028,1.0,UPI,Delivered,8241,10,7416.9
509768,2026-09-16 16:05:19.711971196,10481,20077,2.0,Credit Card,Delivered,4744,0,9488.0
509769,2026-09-16 16:57:01.782178220,10488,20006,4.0,Debit Card,Delivered,34232,15,116388.8
509770,2026-09-16 17:48:43.852385240,10512,20043,3.0,Credit Card,Cancelled,21634,0,64902.0
509771,2026-09-16 18:40:25.922592260,10136,20030,1.0,Cash on Delivery,Delivered,6241,0,6241.0
509772,2026-09-16 19:32:07.992799280,10012,20052,1.0,Net Banking,Delivered,1561,5,1482.95
509773,2026-09-16 20:23:50.063006300,10092,20003,3.0,Credit Card,Delivered,53620,5,152817.0
509774,2026-09-16 21:15:32.133213324,10150,20044,5.0,Cash on Delivery,Delivered,32508,15,138159.0
509775,2026-09-16 22:07:14.203420344,10415,20082,2.0,Net Banking,Delivered,7271,0,14542.0
509776,2026-09-16 22:58:56.273627364,10306,20090,1.0,UPI,Delivered,691,0,691.0
509777,2026-09-16 23:50:38.343834384,10282,20027,1.0,Debit Card,Delivered,7598,15,6458.3
509778,2026-09-17 00:42:20.414041404,10006,20045,1.0,Credit Card,Cancelled,19570,15,16634.5
509779,2026-09-17 01:34:02.484248424,10411,20072,1.0,Credit Card,Delivered,3499,0,3499.0
509780,2026-09-17 02:25:44.554455448,10219,20049,2.0,Credit Card,Delivered,578,0,1156.0
509781,2026-09-17 03:17:26.624662468,10457,20057,1.0,Net Banking,Cancelled,4302,15,3656.7
509782,2026-09-17 04:09:08.694869488,10068,20036,1.0,Cash on Delivery,Delivered,17380,10,15642.0
509783,2026-09-17 05:00:50.765076508,10178,20088,4.0,UPI,Delivered,7259,5,27584.2
509784,2026-09-17 05:52:32.835283528,10033,20066,2.0,Debit Card,Cancelled,1710,0,3420.0
509785,2026-09-17 06:44:14.905490548,10171,20100,3.0,Debit Card,Delivered,2214,10,5977.8
509786,2026-09-17 07:35:56.975697572,10555,20082,2.0,Cash on Delivery,Returned,7271,0,14542.0
509787,2026-09-17 08:27:39.045904592,10295,20039,1.0,Credit Card,Delivered,5898,0,5898.0
509788,2026-09-17 09:19:21.116111612,10264,20035,5.0,UPI,Delivered,15331,15,65156.75
509789,2026-09-17 10:11:03.186318632,10165,20010,2.0,UPI,Returned,24340,0,48680.0
509790,2026-09-17 11:02:45.256525652,10159,20065,4.0,UPI,Delivered,1731,20,5539.2
509791,2026-09-17 11:54:27.326732676,10401,20078,1.0,UPI,Cancelled,7034,5,6682.3
509792,2026-09-17 12:46:09.396939696,10592,20037,4.0,UPI,Delivered,4164,5,15823.2
509793,2026-09-17 13:37:51.467146716,10449,20003,3.0,UPI,Returned,53620,10,144774.0
509794,2026-09-17 14:29:33.537353736,10443,20086,1.0,Net Banking,Returned,13579,10,12221.1
509795,2026-09-17 15:21:15.607560756,10284,20024,4.0,UPI,Returned,4109,5,15614.2
509796,2026-09-17 16:12:57.677767776,10060,20061,3.0,UPI,Delivered,7110,0,21330.0
509797,2026-09-17 17:04:39.747974800,10435,20006,5.0,Debit Card,Returned,34232,15,145486.0
509798,2026-09-17 17:56:21.818181820,10486,20007,1.0,UPI,Cancelled,22213,15,18881.05
509799,2026-09-17 18:48:03.888388840,10307,20094,5.0,Debit Card,Delivered,4584,0,22920.0
509800,2026-09-17 19:39:45.958595860,10055,20070,4.0,Net Banking,Returned,4368,10,15724.8
509801,2026-09-17 20:31:28.028802880,10428,20001,1.0,UPI,Delivered,63388,20,50710.4
509802,2026-09-17 21:23:10.099009900,10553,20011,1.0,Credit Card,Delivered,32685,5,31050.75
509803,2026-09-17 22:14:52.169216924,10135,20052,1.0,UPI,Delivered,1561,20,1248.8
509804,2026-09-17 23:06:34.239423944,10096,20071,2.0,Credit Card,Returned,4484,0,8968.0
509805,2026-09-17 23:58:16.309630964,10444,20045,5.0,Credit Card,Delivered,19570,0,97850.0
509806,2026-09-18 00:49:58.379837984,10200,20091,4.0,UPI,Delivered,412,5,1565.6
509807,2026-09-18 01:41:40.450045004,10430,20068,1.0,Credit Card,Delivered,1337,0,1337.0
509808,2026-09-18 02:33:22.520252024,10422,20064,1.0,Credit Card,Delivered,3045,0,3045.0
509809,2026-09-18 03:25:04.590459048,10160,20031,1.0,UPI,Delivered,16301,10,14670.9
509810,2026-09-18 04:16:46.660666068,10026,20071,2.0,UPI,Delivered,4484,0,8968.0
509811,2026-09-18 05:08:28.730873088,10334,20091,1.0,Credit Card,Delivered,412,0,412.0
509812,2026-09-18 06:00:10.801080108,10245,20006,4.0,UPI,Cancelled,34232,5,130081.6
509813,2026-09-18 06:51:52.871287128,10514,20077,4.0,Debit Card,Cancelled,4744,0,18976.0
509814,2026-09-18 07:43:34.941494152,10215,20092,1.0,Cash on Delivery,Delivered,803,0,803.0
509815,2026-09-18 08:35:17.011701172,10150,20045,3.0,Debit Card,Delivered,19570,5,55774.5
509816,2026-09-18 09:26:59.081908192,10517,20080,4.0,UPI,Returned,8370,0,33480.0
509817,2026-09-18 10:18:41.152115212,10442,20038,5.0,Credit Card,Returned,9637,10,43366.5
509818,2026-09-18 11:10:23.222322232,10372,20021,3.0,Debit Card,Delivered,11517,0,34551.0
509819,2026-09-18 12:02:05.292529252,10573,20085,1.0,Debit Card,Cancelled,11910,0,11910.0
509820,2026-09-18 12:53:47.362736276,10470,20033,5.0,Cash on Delivery,Delivered,16169,10,72760.5
509821,2026-09-18 13:45:29.432943296,10520,20079,1.0,Credit Card,Cancelled,3686,20,2948.8
509822,2026-09-18 14:37:11.503150316,10480,20033,4.0,UPI,Delivered,16169,15,54974.6
509823,2026-09-18 15:28:53.573357336,10241,20042,2.0,UPI,Delivered,51100,0,102200.0
509824,2026-09-18 16:20:35.643564356,10038,20072,5.0,Cash on Delivery,Delivered,3499,5,16620.25
509825,2026-09-18 17:12:17.713771376,10365,20036,4.0,Debit Card,Returned,17380,0,69520.0
509826,2026-09-18 18:03:59.783978400,10459,20085,2.0,Net Banking,Cancelled,11910,0,23820.0
509827,2026-09-18 18:55:41.854185420,10596,20005,1.0,Debit Card,Delivered,55986,0,55986.0
509828,2026-09-18 19:47:23.924392440,10409,20002,1.0,Cash on Delivery,Returned,66297,15,56352.45
509829,2026-09-18 20:39:05.994599460,10342,20009,5.0,Credit Card,Returned,18553,20,74212.0
509830,2026-09-18 21:30:48.064806480,10346,20027,4.0,Cash on Delivery,Delivered,7598,10,27352.8
509831,2026-09-18 22:22:30.135013504,10070,20006,2.0,Cash on Delivery,Delivered,34232,20,54771.2
509832,2026-09-18 23:14:12.205220524,10005,20040,5.0,Net Banking,Delivered,9982,0,49910.0
509833,2026-09-19 00:05:54.275427544,10028,20003,4.0,Cash on Delivery,Delivered,53620,0,214480.0
509834,2026-09-19 00:57:36.345634564,10543,20079,2.0,Credit Card,Delivered,3686,20,5897.6
509835,2026-09-19 01:49:18.415841584,10475,20016,4.0,Debit Card,Delivered,24382,15,82898.8
509836,2026-09-19 02:41:00.486048604,10157,20102,4.0,Credit Card,Cancelled,2774,10,9986.4
509837,2026-09-19 03:32:42.556255628,10255,20090,2.0,Debit Card,Cancelled,691,0,1382.0
509838,2026-09-19 04:24:24.626462648,10291,20073,1.0,Debit Card,Delivered,5411,20,4328.8
509839,2026-09-19 05:16:06.696669668,10149,20084,3.0,Debit Card,Returned,7386,0,22158.0
509840,2026-09-19 06:07:48.766876688,10254,20081,1.0,Credit Card,Cancelled,14773,0,14773.0
509841,2026-09-19 06:59:30.837083708,10209,20088,1.0,Net Banking,Delivered,7259,0,7259.0
509842,2026-09-19 07:51:12.907290728,10417,20058,3.0,Net Banking,Cancelled,3049,20,7317.6
509843,2026-09-19 08:42:54.977497752,10455,20065,4.0,Debit Card,Cancelled,1731,15,5885.4
509844,2026-09-19 09:34:37.047704772,10060,20049,1.0,Credit Card,Cancelled,578,0,578.0
509845,2026-09-19 10:26:19.117911792,10280,20065,4.0,Net Banking,Delivered,1731,0,6924.0
509846,2026-09-19 11:18:01.188118812,10595,20040,1.0,Debit Card,Cancelled,9982,5,9482.9
509847,2026-09-19 12:09:43.258325832,10522,20013,2.0,Credit Card,Returned,24693,5,46916.7
509848,2026-09-19 13:01:25.328532856,10477,20097,4.0,Credit Card,Cancelled,3648,0,14592.0
509849,2026-09-19 13:53:07.398739876,10441,20073,1.0,Debit Card,Delivered,5411,0,5411.0
509850,2026-09-19 14:44:49.468946896,10003,20074,1.0,Debit Card,Delivered,5850,0,5850.0
509851,2026-09-19 15:36:31.539153916,10585,20030,5.0,UPI,Returned,6241,20,24964.0
509852,2026-09-19 16:28:13.609360936,10442,20081,1.0,UPI,Delivered,14773,10,13295.7
509853,2026-09-19 17:19:55.679567956,10534,20055,5.0,Cash on Delivery,Cancelled,1081,20,4324.0
509854,2026-09-19 18:11:37.749774980,10546,20008,1.0,Cash on Delivery,Returned,36276,20,29020.8
509855,2026-09-19 19:03:19.819982000,10153,20100,2.0,Credit Card,Delivered,2214,0,4428.0
509856,2026-09-19 19:55:01.890189020,10009,20104,2.0,Cash on Delivery,Delivered,778,0,1556.0
509857,2026-09-19 20:46:43.960396040,10396,20091,5.0,Credit Card,Delivered,412,10,1854.0
509858,2026-09-19 21:38:26.030603060,10276,20050,2.0,UPI,Delivered,1390,0,2780.0
509859,2026-09-19 22:30:08.100810080,10013,20025,2.0,Debit Card,Cancelled,5959,10,10726.2
509860,2026-09-19 23:21:50.171017104,10163,20002,2.0,UPI,Delivered,66297,20,106075.2
509861,2026-09-20 00:13:32.241224124,10595,20077,2.0,UPI,Returned,4744,20,7590.4
509862,2026-09-20 01:05:14.311431144,10219,20093,2.0,Cash on Delivery,Cancelled,2351,0,4702.0
509863,2026-09-20 01:56:56.381638164,10157,20011,2.0,Credit Card,Cancelled,32685,5,62101.5
509864,2026-09-20 02:48:38.451845184,10393,20072,4.0,UPI,Returned,3499,10,12596.4
509865,2026-09-20 03:40:20.522052204,10399,20003,1.0,Credit Card,Returned,53620,0,53620.0
509866,2026-09-20 04:32:02.592259228,10200,20081,2.0,Credit Card,Delivered,14773,5,28068.7
509867,2026-09-20 05:23:44.662466248,10510,20003,2.0,Debit Card,Returned,53620,0,107240.0
509868,2026-09-20 06:15:26.732673268,10349,20102,4.0,UPI,Returned,2774,10,9986.4
509869,2026-09-20 07:07:08.802880288,10097,20018,3.0,Credit Card,Delivered,3166,10,8548.2
509870,2026-09-20 07:58:50.873087308,10195,20042,2.0,Credit Card,Delivered,51100,20,81760.0
509871,2026-09-20 08:50:32.943294332,10509,20073,1.0,Debit Card,Delivered,5411,5,5140.45
509872,2026-09-20 09:42:15.013501352,10054,20089,1.0,Cash on Delivery,Returned,507,0,507.0
509873,2026-09-20 10:33:57.083708372,10008,20038,1.0,Credit Card,Delivered,9637,0,9637.0
509874,2026-09-20 11:25:39.153915392,10394,20102,1.0,Net Banking,Delivered,2774,10,2496.6
509875,2026-09-20 12:17:21.224122412,10266,20002,3.0,Cash on Delivery,Delivered,66297,15,169057.35
509876,2026-09-20 13:09:03.294329432,10152,20050,2.0,UPI,Returned,1390,0,2780.0
509877,2026-09-20 14:00:45.364536456,10284,20103,4.0,UPI,Cancelled,2822,20,9030.4
509878,2026-09-20 14:52:27.434743476,10111,20029,1.0,Debit Card,Delivered,11176,5,10617.2
509879,2026-09-20 15:44:09.504950496,10225,20056,5.0,Cash on Delivery,Delivered,1999,5,9495.25
509880,2026-09-20 16:35:51.575157516,10141,20047,2.0,UPI,Returned,20791,0,41582.0
509881,2026-09-20 17:27:33.645364536,10352,20041,1.0,UPI,Cancelled,36528,5,34701.6
509882,2026-09-20 18:19:15.715571556,10405,20080,1.0,Debit Card,Delivered,8370,10,7533.0
509883,2026-09-20 19:10:57.785778580,10549,20054,4.0,Net Banking,Delivered,1287,5,4890.6
509884,2026-09-20 20:02:39.855985600,10041,20075,3.0,UPI,Delivered,7740,5,22059.0
509885,2026-09-20 20:54:21.926192620,10197,20055,1.0,UPI,Returned,1081,5,1026.95
509886,2026-09-20 21:46:03.996399640,10159,20104,5.0,UPI,Delivered,778,10,3501.0
509887,2026-09-20 22:37:46.066606660,10348,20049,1.0,Cash on Delivery,Delivered,578,0,578.0
509888,2026-09-20 23:29:28.136813684,10320,20083,1.0,Debit Card,Delivered,9080,5,8626.0
509889,2026-09-21 00:21:10.207020704,10527,20064,3.0,Credit Card,Delivered,3045,5,8678.25
509890,2026-09-21 01:12:52.277227724,10552,20084,2.0,Net Banking,Delivered,7386,0,14772.0
509891,2026-09-21 02:04:34.347434744,10464,20093,2.0,Credit Card,Delivered,2351,5,4466.9
509892,2026-09-21 02:56:16.417641764,10120,20024,5.0,Cash on Delivery,Delivered,4109,10,18490.5
509893,2026-09-21 03:47:58.487848784,10025,20032,4.0,UPI,Cancelled,14051,20,44963.2
509894,2026-09-21 04:39:40.558055808,10540,20032,5.0,UPI,Delivered,14051,0,70255.0
509895,2026-09-21 05:31:22.628262828,10566,20051,1.0,Credit Card,Delivered,1170,0,1170.0
509896,2026-09-21 06:23:04.698469848,10151,20052,4.0,UPI,Cancelled,1561,0,6244.0
509897,2026-09-21 07:14:46.768676868,10028,20001,1.0,Net Banking,Delivered,63388,0,63388.0
509898,2026-09-21 08:06:28.838883888,10409,20094,4.0,Credit Card,Delivered,4584,0,18336.0
509899,2026-09-21 08:58:10.909090908,10354,20090,2.0,UPI,Returned,691,5,1312.9
509900,2026-09-21 09:49:52.979297932,10534,20063,2.0,Debit Card,Delivered,7613,5,14464.7
509901,2026-09-21 10:41:35.049504952,10346,20032,1.0,Credit Card,Delivered,14051,15,11943.35
509902,2026-09-21 11:33:17.119711972,10457,20086,5.0,Credit Card,Delivered,13579,10,61105.5
509903,2026-09-21 12:24:59.189918992,10472,20029,1.0,UPI,Delivered,11176,5,10617.2
509904,2026-09-21 13:16:41.260126012,10006,20032,2.0,Cash on Delivery,Delivered,14051,10,25291.8
509905,2026-09-21 14:08:23.330333036,10090,20104,1.0,Debit Card,Delivered,778,0,778.0
509906,2026-09-21 15:00:05.400540056,10469,20097,5.0,Net Banking,Returned,3648,0,18240.0
509907,2026-09-21 15:51:47.470747076,10108,20061,1.0,Debit Card,Delivered,7110,5,6754.5
509908,2026-09-21 16:43:29.540954096,10124,20018,4.0,Credit Card,Delivered,3166,5,12030.8
509909,2026-09-21 17:35:11.611161116,10452,20013,4.0,UPI,Delivered,24693,0,98772.0
509910,2026-09-21 18:26:53.681368136,10123,20101,2.0,Debit Card,Delivered,2343,20,3748.8
509911,2026-09-21 19:18:35.751575160,10090,20028,1.0,UPI,Delivered,8241,5,7828.95
509912,2026-09-21 20:10:17.821782180,10009,20071,1.0,Cash on Delivery,Cancelled,4484,5,4259.8
509913,2026-09-21 21:01:59.891989200,10282,20037,2.0,UPI,Delivered,4164,10,7495.2
509914,2026-09-21 21:53:41.962196220,10383,20052,2.0,UPI,Cancelled,1561,0,3122.0
509915,2026-09-21 22:45:24.032403240,10439,20103,2.0,Credit Card,Delivered,2822,5,5361.8
509916,2026-09-21 23:37:06.102610260,10544,20062,1.0,Credit Card,Delivered,2317,20,1853.6
509917,2026-09-22 00:28:48.172817284,10391,20045,2.0,Debit Card,Delivered,19570,10,35226.0
509918,2026-09-22 01:20:30.243024304,10454,20044,1.0,Net Banking,Delivered,32508,15,27631.8
509919,2026-09-22 02:12:12.313231324,10127,20024,2.0,Debit Card,Delivered,4109,0,8218.0
509920,2026-09-22 03:03:54.383438344,10205,20058,1.0,Cash on Delivery,Cancelled,3049,15,2591.65
509921,2026-09-22 03:55:36.453645364,10183,20060,3.0,Credit Card,Delivered,4824,10,13024.8
509922,2026-09-22 04:47:18.523852388,10040,20010,2.0,Credit Card,Delivered,24340,20,38944.0
509923,2026-09-22 05:39:00.594059408,10582,20043,4.0,Net Banking,Delivered,21634,20,69228.8
509924,2026-09-22 06:30:42.664266428,10145,20068,2.0,UPI,Delivered,1337,0,2674.0
509925,2026-09-22 07:22:24.734473448,10270,20006,1.0,UPI,Delivered,34232,5,32520.4
509926,2026-09-22 08:14:06.804680468,10215,20102,1.0,UPI,Delivered,2774,20,2219.2
509927,2026-09-22 09:05:48.874887488,10027,20090,4.0,Debit Card,Returned,691,15,2349.4
509928,2026-09-22 09:57:30.945094512,10543,20067,5.0,Debit Card,Returned,2588,0,12940.0
509929,2026-09-22 10:49:13.015301532,10132,20002,1.0,UPI,Delivered,66297,5,62982.15
509930,2026-09-22 11:40:55.085508552,10061,20054,3.0,UPI,Delivered,1287,0,3861.0
509931,2026-09-22 12:32:37.155715572,10206,20094,2.0,UPI,Cancelled,4584,10,8251.2
509932,2026-09-22 13:24:19.225922592,10087,20003,1.0,Credit Card,Delivered,53620,5,50939.0
509933,2026-09-22 14:16:01.296129612,10600,20083,2.0,UPI,Delivered,9080,0,18160.0
509934,2026-09-22 15:07:43.366336636,10114,20088,5.0,Net Banking,Delivered,7259,0,36295.0
509935,2026-09-22 15:59:25.436543656,10182,20008,1.0,Cash on Delivery,Delivered,36276,20,29020.8
509936,2026-09-22 16:51:07.506750676,10163,20024,4.0,Debit Card,Delivered,4109,0,16436.0
509937,2026-09-22 17:42:49.576957696,10016,20076,1.0,Net Banking,Cancelled,6747,0,6747.0
509938,2026-09-22 18:34:31.647164716,10008,20095,3.0,Cash on Delivery,Returned,1791,0,5373.0
509939,2026-09-22 19:26:13.717371736,10308,20081,1.0,Debit Card,Delivered,14773,0,14773.0
509940,2026-09-22 20:17:55.787578760,10140,20055,1.0,Credit Card,Delivered,1081,0,1081.0
509941,2026-09-22 21:09:37.857785780,10051,20063,1.0,Net Banking,Returned,7613,0,7613.0
509942,2026-09-22 22:01:19.927992800,10175,20055,4.0,Credit Card,Delivered,1081,5,4107.8
509943,2026-09-22 22:53:01.998199820,10165,20061,2.0,Credit Card,Delivered,7110,5,13509.0
509944,2026-09-22 23:44:44.068406840,10255,20081,3.0,UPI,Cancelled,14773,15,37671.15
509945,2026-09-23 00:36:26.138613864,10596,20006,1.0,Debit Card,Delivered,34232,10,30808.8
509946,2026-09-23 01:28:08.208820884,10185,20022,5.0,Cash on Delivery,Cancelled,9827,0,49135.0
509947,2026-09-23 02:19:50.279027904,10423,20007,4.0,Debit Card,Delivered,22213,10,79966.8
509948,2026-09-23 03:11:32.349234924,10462,20083,2.0,Credit Card,Delivered,9080,5,17252.0
509949,2026-09-23 04:03:14.419441944,10031,20076,5.0,Debit Card,Cancelled,6747,0,33735.0
509950,2026-09-23 04:54:56.489648964,10301,20006,1.0,Net Banking,Delivered,34232,10,30808.8
509951,2026-09-23 05:46:38.559855988,10270,20011,1.0,Debit Card,Delivered,32685,10,29416.5
509952,2026-09-23 06:38:20.630063008,10305,20028,1.0,Credit Card,Delivered,8241,0,8241.0
509953,2026-09-23 07:30:02.700270028,10103,20026,1.0,UPI,Delivered,9415,0,9415.0
509954,2026-09-23 08:21:44.770477048,10280,20055,4.0,Credit Card,Delivered,1081,0,4324.0
509955,2026-09-23 09:13:26.840684068,10074,20052,2.0,Cash on Delivery,Returned,1561,15,2653.7
509956,2026-09-23 10:05:08.910891088,10568,20038,3.0,UPI,Cancelled,9637,0,28911.0
509957,2026-09-23 10:56:50.981098112,10353,20018,5.0,Net Banking,Delivered,3166,0,15830.0
509958,2026-09-23 11:48:33.051305132,10021,20068,4.0,UPI,Delivered,1337,10,4813.2
509959,2026-09-23 12:40:15.121512152,10304,20083,2.0,Cash on Delivery,Delivered,9080,0,18160.0
509960,2026-09-23 13:31:57.191719172,10556,20067,1.0,Credit Card,Delivered,2588,15,2199.8
509961,2026-09-23 14:23:39.261926192,10446,20084,1.0,Debit Card,Delivered,7386,0,7386.0
509962,2026-09-23 15:15:21.332133216,10164,20096,4.0,Debit Card,Delivered,3065,20,9808.0
509963,2026-09-23 16:07:03.402340236,10536,20088,5.0,Debit Card,Delivered,7259,0,36295.0
509964,2026-09-23 16:58:45.472547256,10112,20068,2.0,Net Banking,Delivered,1337,0,2674.0
509965,2026-09-23 17:50:27.542754276,10149,20006,2.0,UPI,Delivered,34232,15,58194.4
509966,2026-09-23 18:42:09.612961296,10093,20035,4.0,UPI,Delivered,15331,10,55191.6
509967,2026-09-23 19:33:51.683168316,10554,20045,1.0,UPI,Delivered,19570,20,15656.0
509968,2026-09-23 20:25:33.753375340,10431,20075,2.0,Debit Card,Delivered,7740,0,15480.0
509969,2026-09-23 21:17:15.823582360,10311,20089,5.0,Debit Card,Returned,507,5,2408.25
509970,2026-09-23 22:08:57.893789380,10401,20067,2.0,UPI,Delivered,2588,10,4658.4
509971,2026-09-23 23:00:39.963996400,10156,20038,5.0,Net Banking,Delivered,9637,0,48185.0
509972,2026-09-23 23:52:22.034203420,10043,20082,1.0,UPI,Delivered,7271,0,7271.0
509973,2026-09-24 00:44:04.104410440,10508,20073,2.0,UPI,Delivered,5411,0,10822.0
509974,2026-09-24 01:35:46.174617464,10579,20083,2.0,Credit Card,Delivered,9080,0,18160.0
509975,2026-09-24 02:27:28.244824484,10022,20062,1.0,Debit Card,Delivered,2317,10,2085.3
509976,2026-09-24 03:19:10.315031504,10032,20068,5.0,UPI,Cancelled,1337,15,5682.25
509977,2026-09-24 04:10:52.385238524,10336,20037,2.0,Cash on Delivery,Delivered,4164,5,7911.6
509978,2026-09-24 05:02:34.455445544,10026,20042,5.0,Debit Card,Returned,51100,0,255500.0
509979,2026-09-24 05:54:16.525652568,10433,20029,1.0,Credit Card,Delivered,11176,15,9499.6
509980,2026-09-24 06:45:58.595859588,10568,20027,1.0,UPI,Returned,7598,20,6078.4
509981,2026-09-24 07:37:40.666066608,10168,20068,2.0,Net Banking,Delivered,1337,10,2406.6
509982,2026-09-24 08:29:22.736273628,10177,20040,2.0,Net Banking,Delivered,9982,0,19964.0
509983,2026-09-24 09:21:04.806480648,10519,20014,1.0,Credit Card,Cancelled,13717,0,13717.0
509984,2026-09-24 10:12:46.876687668,10214,20004,1.0,UPI,Delivered,68919,5,65473.05
509985,2026-09-24 11:04:28.946894692,10145,20090,2.0,Credit Card,Delivered,691,20,1105.6
509986,2026-09-24 11:56:11.017101712,10051,20046,1.0,Credit Card,Delivered,18692,5,17757.4
509987,2026-09-24 12:47:53.087308732,10504,20060,4.0,UPI,Returned,4824,0,19296.0
509988,2026-09-24 13:39:35.157515752,10556,20095,2.0,Debit Card,Delivered,1791,10,3223.8
509989,2026-09-24 14:31:17.227722772,10048,20012,5.0,UPI,Returned,15742,10,70839.0
509990,2026-09-24 15:22:59.297929792,10482,20098,1.0,Net Banking,Cancelled,1112,0,1112.0
509991,2026-09-24 16:14:41.368136816,10096,20074,4.0,Credit Card,Delivered,5850,0,23400.0
509992,2026-09-24 17:06:23.438343836,10084,20067,2.0,Debit Card,Delivered,2588,0,5176.0
509993,2026-09-24 17:58:05.508550856,10229,20045,1.0,Cash on Delivery,Returned,19570,0,19570.0
509994,2026-09-24 18:49:47.578757876,10263,20074,3.0,Credit Card,Delivered,5850,0,17550.0
509995,2026-09-24 19:41:29.648964896,10513,20022,1.0,UPI,Cancelled,9827,0,9827.0
509996,2026-09-24 20:33:11.719171916,10420,20032,1.0,Credit Card,Delivered,14051,0,14051.0
509997,2026-09-24 21:24:53.789378940,10087,20100,2.0,Credit Card,Delivered,2214,10,3985.2
509998,2026-09-24 22:16:35.859585960,10351,20029,4.0,Net Banking,Delivered,11176,0,44704.0
509999,2026-09-24 23:08:17.929792980,10526,20075,1.0,Net Banking,Delivered,7740,0,7740.0
510000,2026-09-25 00:00:00.000000000,10398,20097,2.0,Debit Card,Delivered,3648,10,6566.4
506253,2026-05-13 11:15:42.934293428,10209,20001,5.0,Debit Card,Delivered,63388,0,316940.0
504685,2026-03-18 04:08:16.849684968,10487,20094,3.0,Credit Card,Delivered,4584,0,13752.0
501732,2025-12-02 03:34:43.528352835,10558,20051,4.0,UPI,Cancelled,1170,0,4680.0
504743,2026-03-20 06:06:56.921692170,10319,20064,4.0,Credit Card,Delivered,3045,15,10353.0
504522,2026-03-12 07:40:59.405940594,10380,20006,1.0,Debit Card,Returned,34232,15,29097.2
506341,2026-05-16 15:05:25.112511252,10247,20098,2.0,UPI,Delivered,1112,0,2224.0
500577,2025-10-21 16:19:52.439243924,10385,20044,2.0,Debit Card,Returned,32508,15,55263.6
505203,2026-04-05 18:29:29.216921692,10315,20034,2.0,UPI,Delivered,6711,0,13422.0
506364,2026-05-17 10:54:32.727272728,10011,20048,1.0,Debit Card,Delivered,23385,0,23385.0
500440,2025-10-16 18:16:48.820882088,10101,20053,1.0,Credit Card,Delivered,2733,0,2733.0
502751,2026-01-07 17:38:13.069306931,10401,20065,5.0,UPI,Cancelled,1731,15,7356.75
507488,2026-06-26 19:26:39.639963996,10318,20097,3.0,UPI,Delivered,3648,10,9849.6
505273,2026-04-08 06:48:34.131413142,10312,20016,4.0,Debit Card,Returned,24382,20,78022.4
505654,2026-04-21 23:06:42.880288030,10302,20091,4.0,Net Banking,Delivered,412,0,1648.0
504000,2026-02-21 13:52:58.757875788,10257,20095,1.0,UPI,Delivered,1791,20,1432.8
506034,2026-05-05 14:33:09.558955896,10185,20063,1.0,Debit Card,Delivered,7613,0,7613.0
500583,2025-10-21 21:30:04.860486048,10139,20104,1.0,Credit Card,Delivered,778,0,778.0
509931,2026-09-22 12:32:37.155715572,10206,20094,2.0,UPI,Cancelled,4584,10,8251.2
507052,2026-06-11 03:44:57.029702972,10049,20054,1.0,UPI,Delivered,1287,0,1287.0
508159,2026-07-20 21:38:08.748874888,10029,20057,2.0,Credit Card,Delivered,4302,0,8604.0
